ISO-10303-21;
HEADER;
FILE_DESCRIPTION(('Open CASCADE Model'),'2;1');
FILE_NAME('Open CASCADE Shape Model','2026-10-06T11:19:45',('Author'),(
    'Open CASCADE'),'Open CASCADE STEP processor 7.8','Open CASCADE 7.8'
  ,'Unknown');
FILE_SCHEMA(('AUTOMOTIVE_DESIGN { 1 0 10303 214 1 1 1 1 }'));
ENDSEC;
DATA;
#1 = APPLICATION_PROTOCOL_DEFINITION('international standard',
  'automotive_design',2000,#2);
#2 = APPLICATION_CONTEXT(
  'core data for automotive mechanical design processes');
#3 = SHAPE_DEFINITION_REPRESENTATION(#4,#10);
#4 = PRODUCT_DEFINITION_SHAPE('','',#5);
#5 = PRODUCT_DEFINITION('design','',#6,#9);
#6 = PRODUCT_DEFINITION_FORMATION('','',#7);
#7 = PRODUCT('Micron_FBGA-96_8x14mm_Layout9x16_P0.8mm',
  'Micron_FBGA-96_8x14mm_Layout9x16_P0.8mm','',(#8));
#8 = PRODUCT_CONTEXT('',#2,'mechanical');
#9 = PRODUCT_DEFINITION_CONTEXT('part definition',#2,'design');
#10 = SHAPE_REPRESENTATION('',(#11,#15,#19,#23,#27,#31,#35,#39,#43,#47,
    #51,#55,#59,#63,#67,#71,#75,#79,#83,#87,#91,#95,#99,#103,#107,#111,
    #115,#119,#123,#127,#131,#135,#139,#143,#147,#151,#155,#159,#163,
    #167,#171,#175,#179,#183,#187,#191,#195,#199,#203,#207,#211,#215,
    #219,#223,#227,#231,#235,#239,#243,#247,#251,#255,#259,#263,#267,
    #271,#275,#279,#283,#287,#291,#295,#299,#303,#307,#311,#315,#319,
    #323,#327,#331,#335,#339,#343,#347,#351,#355,#359,#363,#367,#371,
    #375,#379,#383,#387,#391,#395,#399,#403),#407);
#11 = AXIS2_PLACEMENT_3D('',#12,#13,#14);
#12 = CARTESIAN_POINT('',(0.,0.,0.));
#13 = DIRECTION('',(0.,0.,1.));
#14 = DIRECTION('',(1.,0.,-0.));
#15 = AXIS2_PLACEMENT_3D('',#16,#17,#18);
#16 = CARTESIAN_POINT('',(0.,0.,0.));
#17 = DIRECTION('',(0.,0.,1.));
#18 = DIRECTION('',(1.,0.,-0.));
#19 = AXIS2_PLACEMENT_3D('',#20,#21,#22);
#20 = CARTESIAN_POINT('',(0.,0.,0.));
#21 = DIRECTION('',(0.,0.,1.));
#22 = DIRECTION('',(1.,0.,-0.));
#23 = AXIS2_PLACEMENT_3D('',#24,#25,#26);
#24 = CARTESIAN_POINT('',(0.,0.,0.));
#25 = DIRECTION('',(0.,0.,1.));
#26 = DIRECTION('',(1.,0.,-0.));
#27 = AXIS2_PLACEMENT_3D('',#28,#29,#30);
#28 = CARTESIAN_POINT('',(0.,0.,0.));
#29 = DIRECTION('',(0.,0.,1.));
#30 = DIRECTION('',(1.,0.,-0.));
#31 = AXIS2_PLACEMENT_3D('',#32,#33,#34);
#32 = CARTESIAN_POINT('',(0.,0.,0.));
#33 = DIRECTION('',(0.,0.,1.));
#34 = DIRECTION('',(1.,0.,-0.));
#35 = AXIS2_PLACEMENT_3D('',#36,#37,#38);
#36 = CARTESIAN_POINT('',(0.,0.,0.));
#37 = DIRECTION('',(0.,0.,1.));
#38 = DIRECTION('',(1.,0.,-0.));
#39 = AXIS2_PLACEMENT_3D('',#40,#41,#42);
#40 = CARTESIAN_POINT('',(0.,0.,0.));
#41 = DIRECTION('',(0.,0.,1.));
#42 = DIRECTION('',(1.,0.,-0.));
#43 = AXIS2_PLACEMENT_3D('',#44,#45,#46);
#44 = CARTESIAN_POINT('',(0.,0.,0.));
#45 = DIRECTION('',(0.,0.,1.));
#46 = DIRECTION('',(1.,0.,-0.));
#47 = AXIS2_PLACEMENT_3D('',#48,#49,#50);
#48 = CARTESIAN_POINT('',(0.,0.,0.));
#49 = DIRECTION('',(0.,0.,1.));
#50 = DIRECTION('',(1.,0.,-0.));
#51 = AXIS2_PLACEMENT_3D('',#52,#53,#54);
#52 = CARTESIAN_POINT('',(0.,0.,0.));
#53 = DIRECTION('',(0.,0.,1.));
#54 = DIRECTION('',(1.,0.,-0.));
#55 = AXIS2_PLACEMENT_3D('',#56,#57,#58);
#56 = CARTESIAN_POINT('',(0.,0.,0.));
#57 = DIRECTION('',(0.,0.,1.));
#58 = DIRECTION('',(1.,0.,-0.));
#59 = AXIS2_PLACEMENT_3D('',#60,#61,#62);
#60 = CARTESIAN_POINT('',(0.,0.,0.));
#61 = DIRECTION('',(0.,0.,1.));
#62 = DIRECTION('',(1.,0.,-0.));
#63 = AXIS2_PLACEMENT_3D('',#64,#65,#66);
#64 = CARTESIAN_POINT('',(0.,0.,0.));
#65 = DIRECTION('',(0.,0.,1.));
#66 = DIRECTION('',(1.,0.,-0.));
#67 = AXIS2_PLACEMENT_3D('',#68,#69,#70);
#68 = CARTESIAN_POINT('',(0.,0.,0.));
#69 = DIRECTION('',(0.,0.,1.));
#70 = DIRECTION('',(1.,0.,-0.));
#71 = AXIS2_PLACEMENT_3D('',#72,#73,#74);
#72 = CARTESIAN_POINT('',(0.,0.,0.));
#73 = DIRECTION('',(0.,0.,1.));
#74 = DIRECTION('',(1.,0.,-0.));
#75 = AXIS2_PLACEMENT_3D('',#76,#77,#78);
#76 = CARTESIAN_POINT('',(0.,0.,0.));
#77 = DIRECTION('',(0.,0.,1.));
#78 = DIRECTION('',(1.,0.,-0.));
#79 = AXIS2_PLACEMENT_3D('',#80,#81,#82);
#80 = CARTESIAN_POINT('',(0.,0.,0.));
#81 = DIRECTION('',(0.,0.,1.));
#82 = DIRECTION('',(1.,0.,-0.));
#83 = AXIS2_PLACEMENT_3D('',#84,#85,#86);
#84 = CARTESIAN_POINT('',(0.,0.,0.));
#85 = DIRECTION('',(0.,0.,1.));
#86 = DIRECTION('',(1.,0.,-0.));
#87 = AXIS2_PLACEMENT_3D('',#88,#89,#90);
#88 = CARTESIAN_POINT('',(0.,0.,0.));
#89 = DIRECTION('',(0.,0.,1.));
#90 = DIRECTION('',(1.,0.,-0.));
#91 = AXIS2_PLACEMENT_3D('',#92,#93,#94);
#92 = CARTESIAN_POINT('',(0.,0.,0.));
#93 = DIRECTION('',(0.,0.,1.));
#94 = DIRECTION('',(1.,0.,-0.));
#95 = AXIS2_PLACEMENT_3D('',#96,#97,#98);
#96 = CARTESIAN_POINT('',(0.,0.,0.));
#97 = DIRECTION('',(0.,0.,1.));
#98 = DIRECTION('',(1.,0.,-0.));
#99 = AXIS2_PLACEMENT_3D('',#100,#101,#102);
#100 = CARTESIAN_POINT('',(0.,0.,0.));
#101 = DIRECTION('',(0.,0.,1.));
#102 = DIRECTION('',(1.,0.,-0.));
#103 = AXIS2_PLACEMENT_3D('',#104,#105,#106);
#104 = CARTESIAN_POINT('',(0.,0.,0.));
#105 = DIRECTION('',(0.,0.,1.));
#106 = DIRECTION('',(1.,0.,-0.));
#107 = AXIS2_PLACEMENT_3D('',#108,#109,#110);
#108 = CARTESIAN_POINT('',(0.,0.,0.));
#109 = DIRECTION('',(0.,0.,1.));
#110 = DIRECTION('',(1.,0.,-0.));
#111 = AXIS2_PLACEMENT_3D('',#112,#113,#114);
#112 = CARTESIAN_POINT('',(0.,0.,0.));
#113 = DIRECTION('',(0.,0.,1.));
#114 = DIRECTION('',(1.,0.,-0.));
#115 = AXIS2_PLACEMENT_3D('',#116,#117,#118);
#116 = CARTESIAN_POINT('',(0.,0.,0.));
#117 = DIRECTION('',(0.,0.,1.));
#118 = DIRECTION('',(1.,0.,-0.));
#119 = AXIS2_PLACEMENT_3D('',#120,#121,#122);
#120 = CARTESIAN_POINT('',(0.,0.,0.));
#121 = DIRECTION('',(0.,0.,1.));
#122 = DIRECTION('',(1.,0.,-0.));
#123 = AXIS2_PLACEMENT_3D('',#124,#125,#126);
#124 = CARTESIAN_POINT('',(0.,0.,0.));
#125 = DIRECTION('',(0.,0.,1.));
#126 = DIRECTION('',(1.,0.,-0.));
#127 = AXIS2_PLACEMENT_3D('',#128,#129,#130);
#128 = CARTESIAN_POINT('',(0.,0.,0.));
#129 = DIRECTION('',(0.,0.,1.));
#130 = DIRECTION('',(1.,0.,-0.));
#131 = AXIS2_PLACEMENT_3D('',#132,#133,#134);
#132 = CARTESIAN_POINT('',(0.,0.,0.));
#133 = DIRECTION('',(0.,0.,1.));
#134 = DIRECTION('',(1.,0.,-0.));
#135 = AXIS2_PLACEMENT_3D('',#136,#137,#138);
#136 = CARTESIAN_POINT('',(0.,0.,0.));
#137 = DIRECTION('',(0.,0.,1.));
#138 = DIRECTION('',(1.,0.,-0.));
#139 = AXIS2_PLACEMENT_3D('',#140,#141,#142);
#140 = CARTESIAN_POINT('',(0.,0.,0.));
#141 = DIRECTION('',(0.,0.,1.));
#142 = DIRECTION('',(1.,0.,-0.));
#143 = AXIS2_PLACEMENT_3D('',#144,#145,#146);
#144 = CARTESIAN_POINT('',(0.,0.,0.));
#145 = DIRECTION('',(0.,0.,1.));
#146 = DIRECTION('',(1.,0.,-0.));
#147 = AXIS2_PLACEMENT_3D('',#148,#149,#150);
#148 = CARTESIAN_POINT('',(0.,0.,0.));
#149 = DIRECTION('',(0.,0.,1.));
#150 = DIRECTION('',(1.,0.,-0.));
#151 = AXIS2_PLACEMENT_3D('',#152,#153,#154);
#152 = CARTESIAN_POINT('',(0.,0.,0.));
#153 = DIRECTION('',(0.,0.,1.));
#154 = DIRECTION('',(1.,0.,-0.));
#155 = AXIS2_PLACEMENT_3D('',#156,#157,#158);
#156 = CARTESIAN_POINT('',(0.,0.,0.));
#157 = DIRECTION('',(0.,0.,1.));
#158 = DIRECTION('',(1.,0.,-0.));
#159 = AXIS2_PLACEMENT_3D('',#160,#161,#162);
#160 = CARTESIAN_POINT('',(0.,0.,0.));
#161 = DIRECTION('',(0.,0.,1.));
#162 = DIRECTION('',(1.,0.,-0.));
#163 = AXIS2_PLACEMENT_3D('',#164,#165,#166);
#164 = CARTESIAN_POINT('',(0.,0.,0.));
#165 = DIRECTION('',(0.,0.,1.));
#166 = DIRECTION('',(1.,0.,-0.));
#167 = AXIS2_PLACEMENT_3D('',#168,#169,#170);
#168 = CARTESIAN_POINT('',(0.,0.,0.));
#169 = DIRECTION('',(0.,0.,1.));
#170 = DIRECTION('',(1.,0.,-0.));
#171 = AXIS2_PLACEMENT_3D('',#172,#173,#174);
#172 = CARTESIAN_POINT('',(0.,0.,0.));
#173 = DIRECTION('',(0.,0.,1.));
#174 = DIRECTION('',(1.,0.,-0.));
#175 = AXIS2_PLACEMENT_3D('',#176,#177,#178);
#176 = CARTESIAN_POINT('',(0.,0.,0.));
#177 = DIRECTION('',(0.,0.,1.));
#178 = DIRECTION('',(1.,0.,-0.));
#179 = AXIS2_PLACEMENT_3D('',#180,#181,#182);
#180 = CARTESIAN_POINT('',(0.,0.,0.));
#181 = DIRECTION('',(0.,0.,1.));
#182 = DIRECTION('',(1.,0.,-0.));
#183 = AXIS2_PLACEMENT_3D('',#184,#185,#186);
#184 = CARTESIAN_POINT('',(0.,0.,0.));
#185 = DIRECTION('',(0.,0.,1.));
#186 = DIRECTION('',(1.,0.,-0.));
#187 = AXIS2_PLACEMENT_3D('',#188,#189,#190);
#188 = CARTESIAN_POINT('',(0.,0.,0.));
#189 = DIRECTION('',(0.,0.,1.));
#190 = DIRECTION('',(1.,0.,-0.));
#191 = AXIS2_PLACEMENT_3D('',#192,#193,#194);
#192 = CARTESIAN_POINT('',(0.,0.,0.));
#193 = DIRECTION('',(0.,0.,1.));
#194 = DIRECTION('',(1.,0.,-0.));
#195 = AXIS2_PLACEMENT_3D('',#196,#197,#198);
#196 = CARTESIAN_POINT('',(0.,0.,0.));
#197 = DIRECTION('',(0.,0.,1.));
#198 = DIRECTION('',(1.,0.,-0.));
#199 = AXIS2_PLACEMENT_3D('',#200,#201,#202);
#200 = CARTESIAN_POINT('',(0.,0.,0.));
#201 = DIRECTION('',(0.,0.,1.));
#202 = DIRECTION('',(1.,0.,-0.));
#203 = AXIS2_PLACEMENT_3D('',#204,#205,#206);
#204 = CARTESIAN_POINT('',(0.,0.,0.));
#205 = DIRECTION('',(0.,0.,1.));
#206 = DIRECTION('',(1.,0.,-0.));
#207 = AXIS2_PLACEMENT_3D('',#208,#209,#210);
#208 = CARTESIAN_POINT('',(0.,0.,0.));
#209 = DIRECTION('',(0.,0.,1.));
#210 = DIRECTION('',(1.,0.,-0.));
#211 = AXIS2_PLACEMENT_3D('',#212,#213,#214);
#212 = CARTESIAN_POINT('',(0.,0.,0.));
#213 = DIRECTION('',(0.,0.,1.));
#214 = DIRECTION('',(1.,0.,-0.));
#215 = AXIS2_PLACEMENT_3D('',#216,#217,#218);
#216 = CARTESIAN_POINT('',(0.,0.,0.));
#217 = DIRECTION('',(0.,0.,1.));
#218 = DIRECTION('',(1.,0.,-0.));
#219 = AXIS2_PLACEMENT_3D('',#220,#221,#222);
#220 = CARTESIAN_POINT('',(0.,0.,0.));
#221 = DIRECTION('',(0.,0.,1.));
#222 = DIRECTION('',(1.,0.,-0.));
#223 = AXIS2_PLACEMENT_3D('',#224,#225,#226);
#224 = CARTESIAN_POINT('',(0.,0.,0.));
#225 = DIRECTION('',(0.,0.,1.));
#226 = DIRECTION('',(1.,0.,-0.));
#227 = AXIS2_PLACEMENT_3D('',#228,#229,#230);
#228 = CARTESIAN_POINT('',(0.,0.,0.));
#229 = DIRECTION('',(0.,0.,1.));
#230 = DIRECTION('',(1.,0.,-0.));
#231 = AXIS2_PLACEMENT_3D('',#232,#233,#234);
#232 = CARTESIAN_POINT('',(0.,0.,0.));
#233 = DIRECTION('',(0.,0.,1.));
#234 = DIRECTION('',(1.,0.,-0.));
#235 = AXIS2_PLACEMENT_3D('',#236,#237,#238);
#236 = CARTESIAN_POINT('',(0.,0.,0.));
#237 = DIRECTION('',(0.,0.,1.));
#238 = DIRECTION('',(1.,0.,-0.));
#239 = AXIS2_PLACEMENT_3D('',#240,#241,#242);
#240 = CARTESIAN_POINT('',(0.,0.,0.));
#241 = DIRECTION('',(0.,0.,1.));
#242 = DIRECTION('',(1.,0.,-0.));
#243 = AXIS2_PLACEMENT_3D('',#244,#245,#246);
#244 = CARTESIAN_POINT('',(0.,0.,0.));
#245 = DIRECTION('',(0.,0.,1.));
#246 = DIRECTION('',(1.,0.,-0.));
#247 = AXIS2_PLACEMENT_3D('',#248,#249,#250);
#248 = CARTESIAN_POINT('',(0.,0.,0.));
#249 = DIRECTION('',(0.,0.,1.));
#250 = DIRECTION('',(1.,0.,-0.));
#251 = AXIS2_PLACEMENT_3D('',#252,#253,#254);
#252 = CARTESIAN_POINT('',(0.,0.,0.));
#253 = DIRECTION('',(0.,0.,1.));
#254 = DIRECTION('',(1.,0.,-0.));
#255 = AXIS2_PLACEMENT_3D('',#256,#257,#258);
#256 = CARTESIAN_POINT('',(0.,0.,0.));
#257 = DIRECTION('',(0.,0.,1.));
#258 = DIRECTION('',(1.,0.,-0.));
#259 = AXIS2_PLACEMENT_3D('',#260,#261,#262);
#260 = CARTESIAN_POINT('',(0.,0.,0.));
#261 = DIRECTION('',(0.,0.,1.));
#262 = DIRECTION('',(1.,0.,-0.));
#263 = AXIS2_PLACEMENT_3D('',#264,#265,#266);
#264 = CARTESIAN_POINT('',(0.,0.,0.));
#265 = DIRECTION('',(0.,0.,1.));
#266 = DIRECTION('',(1.,0.,-0.));
#267 = AXIS2_PLACEMENT_3D('',#268,#269,#270);
#268 = CARTESIAN_POINT('',(0.,0.,0.));
#269 = DIRECTION('',(0.,0.,1.));
#270 = DIRECTION('',(1.,0.,-0.));
#271 = AXIS2_PLACEMENT_3D('',#272,#273,#274);
#272 = CARTESIAN_POINT('',(0.,0.,0.));
#273 = DIRECTION('',(0.,0.,1.));
#274 = DIRECTION('',(1.,0.,-0.));
#275 = AXIS2_PLACEMENT_3D('',#276,#277,#278);
#276 = CARTESIAN_POINT('',(0.,0.,0.));
#277 = DIRECTION('',(0.,0.,1.));
#278 = DIRECTION('',(1.,0.,-0.));
#279 = AXIS2_PLACEMENT_3D('',#280,#281,#282);
#280 = CARTESIAN_POINT('',(0.,0.,0.));
#281 = DIRECTION('',(0.,0.,1.));
#282 = DIRECTION('',(1.,0.,-0.));
#283 = AXIS2_PLACEMENT_3D('',#284,#285,#286);
#284 = CARTESIAN_POINT('',(0.,0.,0.));
#285 = DIRECTION('',(0.,0.,1.));
#286 = DIRECTION('',(1.,0.,-0.));
#287 = AXIS2_PLACEMENT_3D('',#288,#289,#290);
#288 = CARTESIAN_POINT('',(0.,0.,0.));
#289 = DIRECTION('',(0.,0.,1.));
#290 = DIRECTION('',(1.,0.,-0.));
#291 = AXIS2_PLACEMENT_3D('',#292,#293,#294);
#292 = CARTESIAN_POINT('',(0.,0.,0.));
#293 = DIRECTION('',(0.,0.,1.));
#294 = DIRECTION('',(1.,0.,-0.));
#295 = AXIS2_PLACEMENT_3D('',#296,#297,#298);
#296 = CARTESIAN_POINT('',(0.,0.,0.));
#297 = DIRECTION('',(0.,0.,1.));
#298 = DIRECTION('',(1.,0.,-0.));
#299 = AXIS2_PLACEMENT_3D('',#300,#301,#302);
#300 = CARTESIAN_POINT('',(0.,0.,0.));
#301 = DIRECTION('',(0.,0.,1.));
#302 = DIRECTION('',(1.,0.,-0.));
#303 = AXIS2_PLACEMENT_3D('',#304,#305,#306);
#304 = CARTESIAN_POINT('',(0.,0.,0.));
#305 = DIRECTION('',(0.,0.,1.));
#306 = DIRECTION('',(1.,0.,-0.));
#307 = AXIS2_PLACEMENT_3D('',#308,#309,#310);
#308 = CARTESIAN_POINT('',(0.,0.,0.));
#309 = DIRECTION('',(0.,0.,1.));
#310 = DIRECTION('',(1.,0.,-0.));
#311 = AXIS2_PLACEMENT_3D('',#312,#313,#314);
#312 = CARTESIAN_POINT('',(0.,0.,0.));
#313 = DIRECTION('',(0.,0.,1.));
#314 = DIRECTION('',(1.,0.,-0.));
#315 = AXIS2_PLACEMENT_3D('',#316,#317,#318);
#316 = CARTESIAN_POINT('',(0.,0.,0.));
#317 = DIRECTION('',(0.,0.,1.));
#318 = DIRECTION('',(1.,0.,-0.));
#319 = AXIS2_PLACEMENT_3D('',#320,#321,#322);
#320 = CARTESIAN_POINT('',(0.,0.,0.));
#321 = DIRECTION('',(0.,0.,1.));
#322 = DIRECTION('',(1.,0.,-0.));
#323 = AXIS2_PLACEMENT_3D('',#324,#325,#326);
#324 = CARTESIAN_POINT('',(0.,0.,0.));
#325 = DIRECTION('',(0.,0.,1.));
#326 = DIRECTION('',(1.,0.,-0.));
#327 = AXIS2_PLACEMENT_3D('',#328,#329,#330);
#328 = CARTESIAN_POINT('',(0.,0.,0.));
#329 = DIRECTION('',(0.,0.,1.));
#330 = DIRECTION('',(1.,0.,-0.));
#331 = AXIS2_PLACEMENT_3D('',#332,#333,#334);
#332 = CARTESIAN_POINT('',(0.,0.,0.));
#333 = DIRECTION('',(0.,0.,1.));
#334 = DIRECTION('',(1.,0.,-0.));
#335 = AXIS2_PLACEMENT_3D('',#336,#337,#338);
#336 = CARTESIAN_POINT('',(0.,0.,0.));
#337 = DIRECTION('',(0.,0.,1.));
#338 = DIRECTION('',(1.,0.,-0.));
#339 = AXIS2_PLACEMENT_3D('',#340,#341,#342);
#340 = CARTESIAN_POINT('',(0.,0.,0.));
#341 = DIRECTION('',(0.,0.,1.));
#342 = DIRECTION('',(1.,0.,-0.));
#343 = AXIS2_PLACEMENT_3D('',#344,#345,#346);
#344 = CARTESIAN_POINT('',(0.,0.,0.));
#345 = DIRECTION('',(0.,0.,1.));
#346 = DIRECTION('',(1.,0.,-0.));
#347 = AXIS2_PLACEMENT_3D('',#348,#349,#350);
#348 = CARTESIAN_POINT('',(0.,0.,0.));
#349 = DIRECTION('',(0.,0.,1.));
#350 = DIRECTION('',(1.,0.,-0.));
#351 = AXIS2_PLACEMENT_3D('',#352,#353,#354);
#352 = CARTESIAN_POINT('',(0.,0.,0.));
#353 = DIRECTION('',(0.,0.,1.));
#354 = DIRECTION('',(1.,0.,-0.));
#355 = AXIS2_PLACEMENT_3D('',#356,#357,#358);
#356 = CARTESIAN_POINT('',(0.,0.,0.));
#357 = DIRECTION('',(0.,0.,1.));
#358 = DIRECTION('',(1.,0.,-0.));
#359 = AXIS2_PLACEMENT_3D('',#360,#361,#362);
#360 = CARTESIAN_POINT('',(0.,0.,0.));
#361 = DIRECTION('',(0.,0.,1.));
#362 = DIRECTION('',(1.,0.,-0.));
#363 = AXIS2_PLACEMENT_3D('',#364,#365,#366);
#364 = CARTESIAN_POINT('',(0.,0.,0.));
#365 = DIRECTION('',(0.,0.,1.));
#366 = DIRECTION('',(1.,0.,-0.));
#367 = AXIS2_PLACEMENT_3D('',#368,#369,#370);
#368 = CARTESIAN_POINT('',(0.,0.,0.));
#369 = DIRECTION('',(0.,0.,1.));
#370 = DIRECTION('',(1.,0.,-0.));
#371 = AXIS2_PLACEMENT_3D('',#372,#373,#374);
#372 = CARTESIAN_POINT('',(0.,0.,0.));
#373 = DIRECTION('',(0.,0.,1.));
#374 = DIRECTION('',(1.,0.,-0.));
#375 = AXIS2_PLACEMENT_3D('',#376,#377,#378);
#376 = CARTESIAN_POINT('',(0.,0.,0.));
#377 = DIRECTION('',(0.,0.,1.));
#378 = DIRECTION('',(1.,0.,-0.));
#379 = AXIS2_PLACEMENT_3D('',#380,#381,#382);
#380 = CARTESIAN_POINT('',(0.,0.,0.));
#381 = DIRECTION('',(0.,0.,1.));
#382 = DIRECTION('',(1.,0.,-0.));
#383 = AXIS2_PLACEMENT_3D('',#384,#385,#386);
#384 = CARTESIAN_POINT('',(0.,0.,0.));
#385 = DIRECTION('',(0.,0.,1.));
#386 = DIRECTION('',(1.,0.,-0.));
#387 = AXIS2_PLACEMENT_3D('',#388,#389,#390);
#388 = CARTESIAN_POINT('',(0.,0.,0.));
#389 = DIRECTION('',(0.,0.,1.));
#390 = DIRECTION('',(1.,0.,-0.));
#391 = AXIS2_PLACEMENT_3D('',#392,#393,#394);
#392 = CARTESIAN_POINT('',(0.,0.,0.));
#393 = DIRECTION('',(0.,0.,1.));
#394 = DIRECTION('',(1.,0.,-0.));
#395 = AXIS2_PLACEMENT_3D('',#396,#397,#398);
#396 = CARTESIAN_POINT('',(0.,0.,0.));
#397 = DIRECTION('',(0.,0.,1.));
#398 = DIRECTION('',(1.,0.,-0.));
#399 = AXIS2_PLACEMENT_3D('',#400,#401,#402);
#400 = CARTESIAN_POINT('',(0.,0.,0.));
#401 = DIRECTION('',(0.,0.,1.));
#402 = DIRECTION('',(1.,0.,-0.));
#403 = AXIS2_PLACEMENT_3D('',#404,#405,#406);
#404 = CARTESIAN_POINT('',(0.,0.,0.));
#405 = DIRECTION('',(0.,0.,1.));
#406 = DIRECTION('',(1.,0.,-0.));
#407 = ( GEOMETRIC_REPRESENTATION_CONTEXT(3) 
GLOBAL_UNCERTAINTY_ASSIGNED_CONTEXT((#411)) GLOBAL_UNIT_ASSIGNED_CONTEXT
((#408,#409,#410)) REPRESENTATION_CONTEXT('Context #1',
  '3D Context with UNIT and UNCERTAINTY') );
#408 = ( LENGTH_UNIT() NAMED_UNIT(*) SI_UNIT(.MILLI.,.METRE.) );
#409 = ( NAMED_UNIT(*) PLANE_ANGLE_UNIT() SI_UNIT($,.RADIAN.) );
#410 = ( NAMED_UNIT(*) SI_UNIT($,.STERADIAN.) SOLID_ANGLE_UNIT() );
#411 = UNCERTAINTY_MEASURE_WITH_UNIT(LENGTH_MEASURE(1.E-07),#408,
  'distance_accuracy_value','confusion accuracy');
#412 = PRODUCT_RELATED_PRODUCT_CATEGORY('part',$,(#7));
#413 = SHAPE_DEFINITION_REPRESENTATION(#414,#420);
#414 = PRODUCT_DEFINITION_SHAPE('','',#415);
#415 = PRODUCT_DEFINITION('design','',#416,#419);
#416 = PRODUCT_DEFINITION_FORMATION('','',#417);
#417 = PRODUCT('Package_body','Package_body','',(#418));
#418 = PRODUCT_CONTEXT('',#2,'mechanical');
#419 = PRODUCT_DEFINITION_CONTEXT('part definition',#2,'design');
#420 = ADVANCED_BREP_SHAPE_REPRESENTATION('',(#11,#421),#751);
#421 = MANIFOLD_SOLID_BREP('',#422);
#422 = CLOSED_SHELL('',(#423,#543,#643,#690,#737,#744));
#423 = ADVANCED_FACE('',(#424),#438,.F.);
#424 = FACE_BOUND('',#425,.F.);
#425 = EDGE_LOOP('',(#426,#461,#489,#517));
#426 = ORIENTED_EDGE('',*,*,#427,.F.);
#427 = EDGE_CURVE('',#428,#430,#432,.T.);
#428 = VERTEX_POINT('',#429);
#429 = CARTESIAN_POINT('',(-4.,-7.,0.34));
#430 = VERTEX_POINT('',#431);
#431 = CARTESIAN_POINT('',(-4.,-7.,1.1));
#432 = SURFACE_CURVE('',#433,(#437,#449),.PCURVE_S1.);
#433 = LINE('',#434,#435);
#434 = CARTESIAN_POINT('',(-4.,-7.,0.34));
#435 = VECTOR('',#436,1.);
#436 = DIRECTION('',(0.,0.,1.));
#437 = PCURVE('',#438,#443);
#438 = PLANE('',#439);
#439 = AXIS2_PLACEMENT_3D('',#440,#441,#442);
#440 = CARTESIAN_POINT('',(-4.,-7.,0.34));
#441 = DIRECTION('',(1.,0.,0.));
#442 = DIRECTION('',(0.,0.,1.));
#443 = DEFINITIONAL_REPRESENTATION('',(#444),#448);
#444 = LINE('',#445,#446);
#445 = CARTESIAN_POINT('',(0.,0.));
#446 = VECTOR('',#447,1.);
#447 = DIRECTION('',(1.,0.));
#448 = ( GEOMETRIC_REPRESENTATION_CONTEXT(2) 
PARAMETRIC_REPRESENTATION_CONTEXT() REPRESENTATION_CONTEXT('2D SPACE',''
  ) );
#449 = PCURVE('',#450,#455);
#450 = PLANE('',#451);
#451 = AXIS2_PLACEMENT_3D('',#452,#453,#454);
#452 = CARTESIAN_POINT('',(-4.,-7.,0.34));
#453 = DIRECTION('',(0.,1.,0.));
#454 = DIRECTION('',(0.,0.,1.));
#455 = DEFINITIONAL_REPRESENTATION('',(#456),#460);
#456 = LINE('',#457,#458);
#457 = CARTESIAN_POINT('',(0.,0.));
#458 = VECTOR('',#459,1.);
#459 = DIRECTION('',(1.,0.));
#460 = ( GEOMETRIC_REPRESENTATION_CONTEXT(2) 
PARAMETRIC_REPRESENTATION_CONTEXT() REPRESENTATION_CONTEXT('2D SPACE',''
  ) );
#461 = ORIENTED_EDGE('',*,*,#462,.T.);
#462 = EDGE_CURVE('',#428,#463,#465,.T.);
#463 = VERTEX_POINT('',#464);
#464 = CARTESIAN_POINT('',(-4.,7.,0.34));
#465 = SURFACE_CURVE('',#466,(#470,#477),.PCURVE_S1.);
#466 = LINE('',#467,#468);
#467 = CARTESIAN_POINT('',(-4.,-7.,0.34));
#468 = VECTOR('',#469,1.);
#469 = DIRECTION('',(0.,1.,0.));
#470 = PCURVE('',#438,#471);
#471 = DEFINITIONAL_REPRESENTATION('',(#472),#476);
#472 = LINE('',#473,#474);
#473 = CARTESIAN_POINT('',(0.,0.));
#474 = VECTOR('',#475,1.);
#475 = DIRECTION('',(0.,-1.));
#476 = ( GEOMETRIC_REPRESENTATION_CONTEXT(2) 
PARAMETRIC_REPRESENTATION_CONTEXT() REPRESENTATION_CONTEXT('2D SPACE',''
  ) );
#477 = PCURVE('',#478,#483);
#478 = PLANE('',#479);
#479 = AXIS2_PLACEMENT_3D('',#480,#481,#482);
#480 = CARTESIAN_POINT('',(-4.,-7.,0.34));
#481 = DIRECTION('',(0.,0.,1.));
#482 = DIRECTION('',(1.,0.,0.));
#483 = DEFINITIONAL_REPRESENTATION('',(#484),#488);
#484 = LINE('',#485,#486);
#485 = CARTESIAN_POINT('',(0.,0.));
#486 = VECTOR('',#487,1.);
#487 = DIRECTION('',(0.,1.));
#488 = ( GEOMETRIC_REPRESENTATION_CONTEXT(2) 
PARAMETRIC_REPRESENTATION_CONTEXT() REPRESENTATION_CONTEXT('2D SPACE',''
  ) );
#489 = ORIENTED_EDGE('',*,*,#490,.T.);
#490 = EDGE_CURVE('',#463,#491,#493,.T.);
#491 = VERTEX_POINT('',#492);
#492 = CARTESIAN_POINT('',(-4.,7.,1.1));
#493 = SURFACE_CURVE('',#494,(#498,#505),.PCURVE_S1.);
#494 = LINE('',#495,#496);
#495 = CARTESIAN_POINT('',(-4.,7.,0.34));
#496 = VECTOR('',#497,1.);
#497 = DIRECTION('',(0.,0.,1.));
#498 = PCURVE('',#438,#499);
#499 = DEFINITIONAL_REPRESENTATION('',(#500),#504);
#500 = LINE('',#501,#502);
#501 = CARTESIAN_POINT('',(0.,-14.));
#502 = VECTOR('',#503,1.);
#503 = DIRECTION('',(1.,0.));
#504 = ( GEOMETRIC_REPRESENTATION_CONTEXT(2) 
PARAMETRIC_REPRESENTATION_CONTEXT() REPRESENTATION_CONTEXT('2D SPACE',''
  ) );
#505 = PCURVE('',#506,#511);
#506 = PLANE('',#507);
#507 = AXIS2_PLACEMENT_3D('',#508,#509,#510);
#508 = CARTESIAN_POINT('',(-4.,7.,0.34));
#509 = DIRECTION('',(0.,1.,0.));
#510 = DIRECTION('',(0.,0.,1.));
#511 = DEFINITIONAL_REPRESENTATION('',(#512),#516);
#512 = LINE('',#513,#514);
#513 = CARTESIAN_POINT('',(0.,0.));
#514 = VECTOR('',#515,1.);
#515 = DIRECTION('',(1.,0.));
#516 = ( GEOMETRIC_REPRESENTATION_CONTEXT(2) 
PARAMETRIC_REPRESENTATION_CONTEXT() REPRESENTATION_CONTEXT('2D SPACE',''
  ) );
#517 = ORIENTED_EDGE('',*,*,#518,.F.);
#518 = EDGE_CURVE('',#430,#491,#519,.T.);
#519 = SURFACE_CURVE('',#520,(#524,#531),.PCURVE_S1.);
#520 = LINE('',#521,#522);
#521 = CARTESIAN_POINT('',(-4.,-7.,1.1));
#522 = VECTOR('',#523,1.);
#523 = DIRECTION('',(0.,1.,0.));
#524 = PCURVE('',#438,#525);
#525 = DEFINITIONAL_REPRESENTATION('',(#526),#530);
#526 = LINE('',#527,#528);
#527 = CARTESIAN_POINT('',(0.76,0.));
#528 = VECTOR('',#529,1.);
#529 = DIRECTION('',(0.,-1.));
#530 = ( GEOMETRIC_REPRESENTATION_CONTEXT(2) 
PARAMETRIC_REPRESENTATION_CONTEXT() REPRESENTATION_CONTEXT('2D SPACE',''
  ) );
#531 = PCURVE('',#532,#537);
#532 = PLANE('',#533);
#533 = AXIS2_PLACEMENT_3D('',#534,#535,#536);
#534 = CARTESIAN_POINT('',(-4.,-7.,1.1));
#535 = DIRECTION('',(0.,0.,1.));
#536 = DIRECTION('',(1.,0.,0.));
#537 = DEFINITIONAL_REPRESENTATION('',(#538),#542);
#538 = LINE('',#539,#540);
#539 = CARTESIAN_POINT('',(0.,0.));
#540 = VECTOR('',#541,1.);
#541 = DIRECTION('',(0.,1.));
#542 = ( GEOMETRIC_REPRESENTATION_CONTEXT(2) 
PARAMETRIC_REPRESENTATION_CONTEXT() REPRESENTATION_CONTEXT('2D SPACE',''
  ) );
#543 = ADVANCED_FACE('',(#544),#558,.T.);
#544 = FACE_BOUND('',#545,.T.);
#545 = EDGE_LOOP('',(#546,#576,#599,#622));
#546 = ORIENTED_EDGE('',*,*,#547,.F.);
#547 = EDGE_CURVE('',#548,#550,#552,.T.);
#548 = VERTEX_POINT('',#549);
#549 = CARTESIAN_POINT('',(4.,-7.,0.34));
#550 = VERTEX_POINT('',#551);
#551 = CARTESIAN_POINT('',(4.,-7.,1.1));
#552 = SURFACE_CURVE('',#553,(#557,#569),.PCURVE_S1.);
#553 = LINE('',#554,#555);
#554 = CARTESIAN_POINT('',(4.,-7.,0.34));
#555 = VECTOR('',#556,1.);
#556 = DIRECTION('',(0.,0.,1.));
#557 = PCURVE('',#558,#563);
#558 = PLANE('',#559);
#559 = AXIS2_PLACEMENT_3D('',#560,#561,#562);
#560 = CARTESIAN_POINT('',(4.,-7.,0.34));
#561 = DIRECTION('',(1.,0.,0.));
#562 = DIRECTION('',(0.,0.,1.));
#563 = DEFINITIONAL_REPRESENTATION('',(#564),#568);
#564 = LINE('',#565,#566);
#565 = CARTESIAN_POINT('',(0.,0.));
#566 = VECTOR('',#567,1.);
#567 = DIRECTION('',(1.,0.));
#568 = ( GEOMETRIC_REPRESENTATION_CONTEXT(2) 
PARAMETRIC_REPRESENTATION_CONTEXT() REPRESENTATION_CONTEXT('2D SPACE',''
  ) );
#569 = PCURVE('',#450,#570);
#570 = DEFINITIONAL_REPRESENTATION('',(#571),#575);
#571 = LINE('',#572,#573);
#572 = CARTESIAN_POINT('',(0.,8.));
#573 = VECTOR('',#574,1.);
#574 = DIRECTION('',(1.,0.));
#575 = ( GEOMETRIC_REPRESENTATION_CONTEXT(2) 
PARAMETRIC_REPRESENTATION_CONTEXT() REPRESENTATION_CONTEXT('2D SPACE',''
  ) );
#576 = ORIENTED_EDGE('',*,*,#577,.T.);
#577 = EDGE_CURVE('',#548,#578,#580,.T.);
#578 = VERTEX_POINT('',#579);
#579 = CARTESIAN_POINT('',(4.,7.,0.34));
#580 = SURFACE_CURVE('',#581,(#585,#592),.PCURVE_S1.);
#581 = LINE('',#582,#583);
#582 = CARTESIAN_POINT('',(4.,-7.,0.34));
#583 = VECTOR('',#584,1.);
#584 = DIRECTION('',(0.,1.,0.));
#585 = PCURVE('',#558,#586);
#586 = DEFINITIONAL_REPRESENTATION('',(#587),#591);
#587 = LINE('',#588,#589);
#588 = CARTESIAN_POINT('',(0.,0.));
#589 = VECTOR('',#590,1.);
#590 = DIRECTION('',(0.,-1.));
#591 = ( GEOMETRIC_REPRESENTATION_CONTEXT(2) 
PARAMETRIC_REPRESENTATION_CONTEXT() REPRESENTATION_CONTEXT('2D SPACE',''
  ) );
#592 = PCURVE('',#478,#593);
#593 = DEFINITIONAL_REPRESENTATION('',(#594),#598);
#594 = LINE('',#595,#596);
#595 = CARTESIAN_POINT('',(8.,0.));
#596 = VECTOR('',#597,1.);
#597 = DIRECTION('',(0.,1.));
#598 = ( GEOMETRIC_REPRESENTATION_CONTEXT(2) 
PARAMETRIC_REPRESENTATION_CONTEXT() REPRESENTATION_CONTEXT('2D SPACE',''
  ) );
#599 = ORIENTED_EDGE('',*,*,#600,.T.);
#600 = EDGE_CURVE('',#578,#601,#603,.T.);
#601 = VERTEX_POINT('',#602);
#602 = CARTESIAN_POINT('',(4.,7.,1.1));
#603 = SURFACE_CURVE('',#604,(#608,#615),.PCURVE_S1.);
#604 = LINE('',#605,#606);
#605 = CARTESIAN_POINT('',(4.,7.,0.34));
#606 = VECTOR('',#607,1.);
#607 = DIRECTION('',(0.,0.,1.));
#608 = PCURVE('',#558,#609);
#609 = DEFINITIONAL_REPRESENTATION('',(#610),#614);
#610 = LINE('',#611,#612);
#611 = CARTESIAN_POINT('',(0.,-14.));
#612 = VECTOR('',#613,1.);
#613 = DIRECTION('',(1.,0.));
#614 = ( GEOMETRIC_REPRESENTATION_CONTEXT(2) 
PARAMETRIC_REPRESENTATION_CONTEXT() REPRESENTATION_CONTEXT('2D SPACE',''
  ) );
#615 = PCURVE('',#506,#616);
#616 = DEFINITIONAL_REPRESENTATION('',(#617),#621);
#617 = LINE('',#618,#619);
#618 = CARTESIAN_POINT('',(0.,8.));
#619 = VECTOR('',#620,1.);
#620 = DIRECTION('',(1.,0.));
#621 = ( GEOMETRIC_REPRESENTATION_CONTEXT(2) 
PARAMETRIC_REPRESENTATION_CONTEXT() REPRESENTATION_CONTEXT('2D SPACE',''
  ) );
#622 = ORIENTED_EDGE('',*,*,#623,.F.);
#623 = EDGE_CURVE('',#550,#601,#624,.T.);
#624 = SURFACE_CURVE('',#625,(#629,#636),.PCURVE_S1.);
#625 = LINE('',#626,#627);
#626 = CARTESIAN_POINT('',(4.,-7.,1.1));
#627 = VECTOR('',#628,1.);
#628 = DIRECTION('',(0.,1.,0.));
#629 = PCURVE('',#558,#630);
#630 = DEFINITIONAL_REPRESENTATION('',(#631),#635);
#631 = LINE('',#632,#633);
#632 = CARTESIAN_POINT('',(0.76,0.));
#633 = VECTOR('',#634,1.);
#634 = DIRECTION('',(0.,-1.));
#635 = ( GEOMETRIC_REPRESENTATION_CONTEXT(2) 
PARAMETRIC_REPRESENTATION_CONTEXT() REPRESENTATION_CONTEXT('2D SPACE',''
  ) );
#636 = PCURVE('',#532,#637);
#637 = DEFINITIONAL_REPRESENTATION('',(#638),#642);
#638 = LINE('',#639,#640);
#639 = CARTESIAN_POINT('',(8.,0.));
#640 = VECTOR('',#641,1.);
#641 = DIRECTION('',(0.,1.));
#642 = ( GEOMETRIC_REPRESENTATION_CONTEXT(2) 
PARAMETRIC_REPRESENTATION_CONTEXT() REPRESENTATION_CONTEXT('2D SPACE',''
  ) );
#643 = ADVANCED_FACE('',(#644),#450,.F.);
#644 = FACE_BOUND('',#645,.F.);
#645 = EDGE_LOOP('',(#646,#667,#668,#689));
#646 = ORIENTED_EDGE('',*,*,#647,.F.);
#647 = EDGE_CURVE('',#428,#548,#648,.T.);
#648 = SURFACE_CURVE('',#649,(#653,#660),.PCURVE_S1.);
#649 = LINE('',#650,#651);
#650 = CARTESIAN_POINT('',(-4.,-7.,0.34));
#651 = VECTOR('',#652,1.);
#652 = DIRECTION('',(1.,0.,0.));
#653 = PCURVE('',#450,#654);
#654 = DEFINITIONAL_REPRESENTATION('',(#655),#659);
#655 = LINE('',#656,#657);
#656 = CARTESIAN_POINT('',(0.,0.));
#657 = VECTOR('',#658,1.);
#658 = DIRECTION('',(0.,1.));
#659 = ( GEOMETRIC_REPRESENTATION_CONTEXT(2) 
PARAMETRIC_REPRESENTATION_CONTEXT() REPRESENTATION_CONTEXT('2D SPACE',''
  ) );
#660 = PCURVE('',#478,#661);
#661 = DEFINITIONAL_REPRESENTATION('',(#662),#666);
#662 = LINE('',#663,#664);
#663 = CARTESIAN_POINT('',(0.,0.));
#664 = VECTOR('',#665,1.);
#665 = DIRECTION('',(1.,0.));
#666 = ( GEOMETRIC_REPRESENTATION_CONTEXT(2) 
PARAMETRIC_REPRESENTATION_CONTEXT() REPRESENTATION_CONTEXT('2D SPACE',''
  ) );
#667 = ORIENTED_EDGE('',*,*,#427,.T.);
#668 = ORIENTED_EDGE('',*,*,#669,.T.);
#669 = EDGE_CURVE('',#430,#550,#670,.T.);
#670 = SURFACE_CURVE('',#671,(#675,#682),.PCURVE_S1.);
#671 = LINE('',#672,#673);
#672 = CARTESIAN_POINT('',(-4.,-7.,1.1));
#673 = VECTOR('',#674,1.);
#674 = DIRECTION('',(1.,0.,0.));
#675 = PCURVE('',#450,#676);
#676 = DEFINITIONAL_REPRESENTATION('',(#677),#681);
#677 = LINE('',#678,#679);
#678 = CARTESIAN_POINT('',(0.76,0.));
#679 = VECTOR('',#680,1.);
#680 = DIRECTION('',(0.,1.));
#681 = ( GEOMETRIC_REPRESENTATION_CONTEXT(2) 
PARAMETRIC_REPRESENTATION_CONTEXT() REPRESENTATION_CONTEXT('2D SPACE',''
  ) );
#682 = PCURVE('',#532,#683);
#683 = DEFINITIONAL_REPRESENTATION('',(#684),#688);
#684 = LINE('',#685,#686);
#685 = CARTESIAN_POINT('',(0.,0.));
#686 = VECTOR('',#687,1.);
#687 = DIRECTION('',(1.,0.));
#688 = ( GEOMETRIC_REPRESENTATION_CONTEXT(2) 
PARAMETRIC_REPRESENTATION_CONTEXT() REPRESENTATION_CONTEXT('2D SPACE',''
  ) );
#689 = ORIENTED_EDGE('',*,*,#547,.F.);
#690 = ADVANCED_FACE('',(#691),#506,.T.);
#691 = FACE_BOUND('',#692,.T.);
#692 = EDGE_LOOP('',(#693,#714,#715,#736));
#693 = ORIENTED_EDGE('',*,*,#694,.F.);
#694 = EDGE_CURVE('',#463,#578,#695,.T.);
#695 = SURFACE_CURVE('',#696,(#700,#707),.PCURVE_S1.);
#696 = LINE('',#697,#698);
#697 = CARTESIAN_POINT('',(-4.,7.,0.34));
#698 = VECTOR('',#699,1.);
#699 = DIRECTION('',(1.,0.,0.));
#700 = PCURVE('',#506,#701);
#701 = DEFINITIONAL_REPRESENTATION('',(#702),#706);
#702 = LINE('',#703,#704);
#703 = CARTESIAN_POINT('',(0.,0.));
#704 = VECTOR('',#705,1.);
#705 = DIRECTION('',(0.,1.));
#706 = ( GEOMETRIC_REPRESENTATION_CONTEXT(2) 
PARAMETRIC_REPRESENTATION_CONTEXT() REPRESENTATION_CONTEXT('2D SPACE',''
  ) );
#707 = PCURVE('',#478,#708);
#708 = DEFINITIONAL_REPRESENTATION('',(#709),#713);
#709 = LINE('',#710,#711);
#710 = CARTESIAN_POINT('',(0.,14.));
#711 = VECTOR('',#712,1.);
#712 = DIRECTION('',(1.,0.));
#713 = ( GEOMETRIC_REPRESENTATION_CONTEXT(2) 
PARAMETRIC_REPRESENTATION_CONTEXT() REPRESENTATION_CONTEXT('2D SPACE',''
  ) );
#714 = ORIENTED_EDGE('',*,*,#490,.T.);
#715 = ORIENTED_EDGE('',*,*,#716,.T.);
#716 = EDGE_CURVE('',#491,#601,#717,.T.);
#717 = SURFACE_CURVE('',#718,(#722,#729),.PCURVE_S1.);
#718 = LINE('',#719,#720);
#719 = CARTESIAN_POINT('',(-4.,7.,1.1));
#720 = VECTOR('',#721,1.);
#721 = DIRECTION('',(1.,0.,0.));
#722 = PCURVE('',#506,#723);
#723 = DEFINITIONAL_REPRESENTATION('',(#724),#728);
#724 = LINE('',#725,#726);
#725 = CARTESIAN_POINT('',(0.76,0.));
#726 = VECTOR('',#727,1.);
#727 = DIRECTION('',(0.,1.));
#728 = ( GEOMETRIC_REPRESENTATION_CONTEXT(2) 
PARAMETRIC_REPRESENTATION_CONTEXT() REPRESENTATION_CONTEXT('2D SPACE',''
  ) );
#729 = PCURVE('',#532,#730);
#730 = DEFINITIONAL_REPRESENTATION('',(#731),#735);
#731 = LINE('',#732,#733);
#732 = CARTESIAN_POINT('',(0.,14.));
#733 = VECTOR('',#734,1.);
#734 = DIRECTION('',(1.,0.));
#735 = ( GEOMETRIC_REPRESENTATION_CONTEXT(2) 
PARAMETRIC_REPRESENTATION_CONTEXT() REPRESENTATION_CONTEXT('2D SPACE',''
  ) );
#736 = ORIENTED_EDGE('',*,*,#600,.F.);
#737 = ADVANCED_FACE('',(#738),#478,.F.);
#738 = FACE_BOUND('',#739,.F.);
#739 = EDGE_LOOP('',(#740,#741,#742,#743));
#740 = ORIENTED_EDGE('',*,*,#462,.F.);
#741 = ORIENTED_EDGE('',*,*,#647,.T.);
#742 = ORIENTED_EDGE('',*,*,#577,.T.);
#743 = ORIENTED_EDGE('',*,*,#694,.F.);
#744 = ADVANCED_FACE('',(#745),#532,.T.);
#745 = FACE_BOUND('',#746,.T.);
#746 = EDGE_LOOP('',(#747,#748,#749,#750));
#747 = ORIENTED_EDGE('',*,*,#518,.F.);
#748 = ORIENTED_EDGE('',*,*,#669,.T.);
#749 = ORIENTED_EDGE('',*,*,#623,.T.);
#750 = ORIENTED_EDGE('',*,*,#716,.F.);
#751 = ( GEOMETRIC_REPRESENTATION_CONTEXT(3) 
GLOBAL_UNCERTAINTY_ASSIGNED_CONTEXT((#755)) GLOBAL_UNIT_ASSIGNED_CONTEXT
((#752,#753,#754)) REPRESENTATION_CONTEXT('Context #1',
  '3D Context with UNIT and UNCERTAINTY') );
#752 = ( LENGTH_UNIT() NAMED_UNIT(*) SI_UNIT(.MILLI.,.METRE.) );
#753 = ( NAMED_UNIT(*) PLANE_ANGLE_UNIT() SI_UNIT($,.RADIAN.) );
#754 = ( NAMED_UNIT(*) SI_UNIT($,.STERADIAN.) SOLID_ANGLE_UNIT() );
#755 = UNCERTAINTY_MEASURE_WITH_UNIT(LENGTH_MEASURE(1.E-07),#752,
  'distance_accuracy_value','confusion accuracy');
#756 = CONTEXT_DEPENDENT_SHAPE_REPRESENTATION(#757,#759);
#757 = ( REPRESENTATION_RELATIONSHIP('','',#420,#10) 
REPRESENTATION_RELATIONSHIP_WITH_TRANSFORMATION(#758) 
SHAPE_REPRESENTATION_RELATIONSHIP() );
#758 = ITEM_DEFINED_TRANSFORMATION('','',#11,#15);
#759 = PRODUCT_DEFINITION_SHAPE('Placement','Placement of an item',#760
  );
#760 = NEXT_ASSEMBLY_USAGE_OCCURRENCE('45','Package_body','',#5,#415,$);
#761 = PRODUCT_RELATED_PRODUCT_CATEGORY('part',$,(#417));
#762 = SHAPE_DEFINITION_REPRESENTATION(#763,#769);
#763 = PRODUCT_DEFINITION_SHAPE('','',#764);
#764 = PRODUCT_DEFINITION('design','',#765,#768);
#765 = PRODUCT_DEFINITION_FORMATION('','',#766);
#766 = PRODUCT('Ball_A1','Ball_A1','',(#767));
#767 = PRODUCT_CONTEXT('',#2,'mechanical');
#768 = PRODUCT_DEFINITION_CONTEXT('part definition',#2,'design');
#769 = ADVANCED_BREP_SHAPE_REPRESENTATION('',(#11,#770),#869);
#770 = MANIFOLD_SOLID_BREP('',#771);
#771 = CLOSED_SHELL('',(#772,#861,#865));
#772 = ADVANCED_FACE('',(#773),#786,.T.);
#773 = FACE_BOUND('',#774,.T.);
#774 = EDGE_LOOP('',(#775,#809,#833,#860));
#775 = ORIENTED_EDGE('',*,*,#776,.F.);
#776 = EDGE_CURVE('',#777,#777,#779,.T.);
#777 = VERTEX_POINT('',#778);
#778 = CARTESIAN_POINT('',(-3.037750192604,6.,0.34));
#779 = SURFACE_CURVE('',#780,(#785,#797),.PCURVE_S1.);
#780 = CIRCLE('',#781,0.162249807396);
#781 = AXIS2_PLACEMENT_3D('',#782,#783,#784);
#782 = CARTESIAN_POINT('',(-3.2,6.,0.34));
#783 = DIRECTION('',(0.,0.,1.));
#784 = DIRECTION('',(1.,0.,-0.));
#785 = PCURVE('',#786,#791);
#786 = SPHERICAL_SURFACE('',#787,0.235);
#787 = AXIS2_PLACEMENT_3D('',#788,#789,#790);
#788 = CARTESIAN_POINT('',(-3.2,6.,0.17));
#789 = DIRECTION('',(0.,0.,1.));
#790 = DIRECTION('',(1.,0.,0.));
#791 = DEFINITIONAL_REPRESENTATION('',(#792),#796);
#792 = LINE('',#793,#794);
#793 = CARTESIAN_POINT('',(0.,0.80872033608));
#794 = VECTOR('',#795,1.);
#795 = DIRECTION('',(1.,0.));
#796 = ( GEOMETRIC_REPRESENTATION_CONTEXT(2) 
PARAMETRIC_REPRESENTATION_CONTEXT() REPRESENTATION_CONTEXT('2D SPACE',''
  ) );
#797 = PCURVE('',#798,#803);
#798 = PLANE('',#799);
#799 = AXIS2_PLACEMENT_3D('',#800,#801,#802);
#800 = CARTESIAN_POINT('',(-3.45,5.75,0.34));
#801 = DIRECTION('',(0.,0.,1.));
#802 = DIRECTION('',(1.,0.,0.));
#803 = DEFINITIONAL_REPRESENTATION('',(#804),#808);
#804 = CIRCLE('',#805,0.162249807396);
#805 = AXIS2_PLACEMENT_2D('',#806,#807);
#806 = CARTESIAN_POINT('',(0.25,0.25));
#807 = DIRECTION('',(1.,0.));
#808 = ( GEOMETRIC_REPRESENTATION_CONTEXT(2) 
PARAMETRIC_REPRESENTATION_CONTEXT() REPRESENTATION_CONTEXT('2D SPACE',''
  ) );
#809 = ORIENTED_EDGE('',*,*,#810,.F.);
#810 = EDGE_CURVE('',#811,#777,#813,.T.);
#811 = VERTEX_POINT('',#812);
#812 = CARTESIAN_POINT('',(-3.037750192604,6.,-5.551115123126E-17));
#813 = SEAM_CURVE('',#814,(#819,#826),.PCURVE_S1.);
#814 = CIRCLE('',#815,0.235);
#815 = AXIS2_PLACEMENT_3D('',#816,#817,#818);
#816 = CARTESIAN_POINT('',(-3.2,6.,0.17));
#817 = DIRECTION('',(-2.449293598295E-16,-1.,0.));
#818 = DIRECTION('',(1.,-2.449293598295E-16,0.));
#819 = PCURVE('',#786,#820);
#820 = DEFINITIONAL_REPRESENTATION('',(#821),#825);
#821 = LINE('',#822,#823);
#822 = CARTESIAN_POINT('',(6.28318530718,-6.28318530718));
#823 = VECTOR('',#824,1.);
#824 = DIRECTION('',(0.,1.));
#825 = ( GEOMETRIC_REPRESENTATION_CONTEXT(2) 
PARAMETRIC_REPRESENTATION_CONTEXT() REPRESENTATION_CONTEXT('2D SPACE',''
  ) );
#826 = PCURVE('',#786,#827);
#827 = DEFINITIONAL_REPRESENTATION('',(#828),#832);
#828 = LINE('',#829,#830);
#829 = CARTESIAN_POINT('',(0.,-6.28318530718));
#830 = VECTOR('',#831,1.);
#831 = DIRECTION('',(0.,1.));
#832 = ( GEOMETRIC_REPRESENTATION_CONTEXT(2) 
PARAMETRIC_REPRESENTATION_CONTEXT() REPRESENTATION_CONTEXT('2D SPACE',''
  ) );
#833 = ORIENTED_EDGE('',*,*,#834,.T.);
#834 = EDGE_CURVE('',#811,#811,#835,.T.);
#835 = SURFACE_CURVE('',#836,(#841,#848),.PCURVE_S1.);
#836 = CIRCLE('',#837,0.162249807396);
#837 = AXIS2_PLACEMENT_3D('',#838,#839,#840);
#838 = CARTESIAN_POINT('',(-3.2,6.,0.));
#839 = DIRECTION('',(0.,0.,1.));
#840 = DIRECTION('',(1.,0.,-0.));
#841 = PCURVE('',#786,#842);
#842 = DEFINITIONAL_REPRESENTATION('',(#843),#847);
#843 = LINE('',#844,#845);
#844 = CARTESIAN_POINT('',(0.,-0.80872033608));
#845 = VECTOR('',#846,1.);
#846 = DIRECTION('',(1.,0.));
#847 = ( GEOMETRIC_REPRESENTATION_CONTEXT(2) 
PARAMETRIC_REPRESENTATION_CONTEXT() REPRESENTATION_CONTEXT('2D SPACE',''
  ) );
#848 = PCURVE('',#849,#854);
#849 = PLANE('',#850);
#850 = AXIS2_PLACEMENT_3D('',#851,#852,#853);
#851 = CARTESIAN_POINT('',(-3.45,5.75,0.));
#852 = DIRECTION('',(0.,0.,1.));
#853 = DIRECTION('',(1.,0.,0.));
#854 = DEFINITIONAL_REPRESENTATION('',(#855),#859);
#855 = CIRCLE('',#856,0.162249807396);
#856 = AXIS2_PLACEMENT_2D('',#857,#858);
#857 = CARTESIAN_POINT('',(0.25,0.25));
#858 = DIRECTION('',(1.,0.));
#859 = ( GEOMETRIC_REPRESENTATION_CONTEXT(2) 
PARAMETRIC_REPRESENTATION_CONTEXT() REPRESENTATION_CONTEXT('2D SPACE',''
  ) );
#860 = ORIENTED_EDGE('',*,*,#810,.T.);
#861 = ADVANCED_FACE('',(#862),#798,.T.);
#862 = FACE_BOUND('',#863,.T.);
#863 = EDGE_LOOP('',(#864));
#864 = ORIENTED_EDGE('',*,*,#776,.T.);
#865 = ADVANCED_FACE('',(#866),#849,.F.);
#866 = FACE_BOUND('',#867,.F.);
#867 = EDGE_LOOP('',(#868));
#868 = ORIENTED_EDGE('',*,*,#834,.T.);
#869 = ( GEOMETRIC_REPRESENTATION_CONTEXT(3) 
GLOBAL_UNCERTAINTY_ASSIGNED_CONTEXT((#873)) GLOBAL_UNIT_ASSIGNED_CONTEXT
((#870,#871,#872)) REPRESENTATION_CONTEXT('Context #1',
  '3D Context with UNIT and UNCERTAINTY') );
#870 = ( LENGTH_UNIT() NAMED_UNIT(*) SI_UNIT(.MILLI.,.METRE.) );
#871 = ( NAMED_UNIT(*) PLANE_ANGLE_UNIT() SI_UNIT($,.RADIAN.) );
#872 = ( NAMED_UNIT(*) SI_UNIT($,.STERADIAN.) SOLID_ANGLE_UNIT() );
#873 = UNCERTAINTY_MEASURE_WITH_UNIT(LENGTH_MEASURE(1.E-07),#870,
  'distance_accuracy_value','confusion accuracy');
#874 = CONTEXT_DEPENDENT_SHAPE_REPRESENTATION(#875,#877);
#875 = ( REPRESENTATION_RELATIONSHIP('','',#769,#10) 
REPRESENTATION_RELATIONSHIP_WITH_TRANSFORMATION(#876) 
SHAPE_REPRESENTATION_RELATIONSHIP() );
#876 = ITEM_DEFINED_TRANSFORMATION('','',#11,#19);
#877 = PRODUCT_DEFINITION_SHAPE('Placement','Placement of an item',#878
  );
#878 = NEXT_ASSEMBLY_USAGE_OCCURRENCE('46','Ball_A1','',#5,#764,$);
#879 = PRODUCT_RELATED_PRODUCT_CATEGORY('part',$,(#766));
#880 = SHAPE_DEFINITION_REPRESENTATION(#881,#887);
#881 = PRODUCT_DEFINITION_SHAPE('','',#882);
#882 = PRODUCT_DEFINITION('design','',#883,#886);
#883 = PRODUCT_DEFINITION_FORMATION('','',#884);
#884 = PRODUCT('Ball_A2','Ball_A2','',(#885));
#885 = PRODUCT_CONTEXT('',#2,'mechanical');
#886 = PRODUCT_DEFINITION_CONTEXT('part definition',#2,'design');
#887 = ADVANCED_BREP_SHAPE_REPRESENTATION('',(#11,#888),#987);
#888 = MANIFOLD_SOLID_BREP('',#889);
#889 = CLOSED_SHELL('',(#890,#979,#983));
#890 = ADVANCED_FACE('',(#891),#904,.T.);
#891 = FACE_BOUND('',#892,.T.);
#892 = EDGE_LOOP('',(#893,#927,#951,#978));
#893 = ORIENTED_EDGE('',*,*,#894,.F.);
#894 = EDGE_CURVE('',#895,#895,#897,.T.);
#895 = VERTEX_POINT('',#896);
#896 = CARTESIAN_POINT('',(-2.237750192604,6.,0.34));
#897 = SURFACE_CURVE('',#898,(#903,#915),.PCURVE_S1.);
#898 = CIRCLE('',#899,0.162249807396);
#899 = AXIS2_PLACEMENT_3D('',#900,#901,#902);
#900 = CARTESIAN_POINT('',(-2.4,6.,0.34));
#901 = DIRECTION('',(0.,0.,1.));
#902 = DIRECTION('',(1.,0.,-0.));
#903 = PCURVE('',#904,#909);
#904 = SPHERICAL_SURFACE('',#905,0.235);
#905 = AXIS2_PLACEMENT_3D('',#906,#907,#908);
#906 = CARTESIAN_POINT('',(-2.4,6.,0.17));
#907 = DIRECTION('',(0.,0.,1.));
#908 = DIRECTION('',(1.,0.,0.));
#909 = DEFINITIONAL_REPRESENTATION('',(#910),#914);
#910 = LINE('',#911,#912);
#911 = CARTESIAN_POINT('',(0.,0.80872033608));
#912 = VECTOR('',#913,1.);
#913 = DIRECTION('',(1.,0.));
#914 = ( GEOMETRIC_REPRESENTATION_CONTEXT(2) 
PARAMETRIC_REPRESENTATION_CONTEXT() REPRESENTATION_CONTEXT('2D SPACE',''
  ) );
#915 = PCURVE('',#916,#921);
#916 = PLANE('',#917);
#917 = AXIS2_PLACEMENT_3D('',#918,#919,#920);
#918 = CARTESIAN_POINT('',(-2.65,5.75,0.34));
#919 = DIRECTION('',(0.,0.,1.));
#920 = DIRECTION('',(1.,0.,0.));
#921 = DEFINITIONAL_REPRESENTATION('',(#922),#926);
#922 = CIRCLE('',#923,0.162249807396);
#923 = AXIS2_PLACEMENT_2D('',#924,#925);
#924 = CARTESIAN_POINT('',(0.25,0.25));
#925 = DIRECTION('',(1.,0.));
#926 = ( GEOMETRIC_REPRESENTATION_CONTEXT(2) 
PARAMETRIC_REPRESENTATION_CONTEXT() REPRESENTATION_CONTEXT('2D SPACE',''
  ) );
#927 = ORIENTED_EDGE('',*,*,#928,.F.);
#928 = EDGE_CURVE('',#929,#895,#931,.T.);
#929 = VERTEX_POINT('',#930);
#930 = CARTESIAN_POINT('',(-2.237750192604,6.,-5.551115123126E-17));
#931 = SEAM_CURVE('',#932,(#937,#944),.PCURVE_S1.);
#932 = CIRCLE('',#933,0.235);
#933 = AXIS2_PLACEMENT_3D('',#934,#935,#936);
#934 = CARTESIAN_POINT('',(-2.4,6.,0.17));
#935 = DIRECTION('',(-2.449293598295E-16,-1.,0.));
#936 = DIRECTION('',(1.,-2.449293598295E-16,0.));
#937 = PCURVE('',#904,#938);
#938 = DEFINITIONAL_REPRESENTATION('',(#939),#943);
#939 = LINE('',#940,#941);
#940 = CARTESIAN_POINT('',(6.28318530718,-6.28318530718));
#941 = VECTOR('',#942,1.);
#942 = DIRECTION('',(0.,1.));
#943 = ( GEOMETRIC_REPRESENTATION_CONTEXT(2) 
PARAMETRIC_REPRESENTATION_CONTEXT() REPRESENTATION_CONTEXT('2D SPACE',''
  ) );
#944 = PCURVE('',#904,#945);
#945 = DEFINITIONAL_REPRESENTATION('',(#946),#950);
#946 = LINE('',#947,#948);
#947 = CARTESIAN_POINT('',(0.,-6.28318530718));
#948 = VECTOR('',#949,1.);
#949 = DIRECTION('',(0.,1.));
#950 = ( GEOMETRIC_REPRESENTATION_CONTEXT(2) 
PARAMETRIC_REPRESENTATION_CONTEXT() REPRESENTATION_CONTEXT('2D SPACE',''
  ) );
#951 = ORIENTED_EDGE('',*,*,#952,.T.);
#952 = EDGE_CURVE('',#929,#929,#953,.T.);
#953 = SURFACE_CURVE('',#954,(#959,#966),.PCURVE_S1.);
#954 = CIRCLE('',#955,0.162249807396);
#955 = AXIS2_PLACEMENT_3D('',#956,#957,#958);
#956 = CARTESIAN_POINT('',(-2.4,6.,0.));
#957 = DIRECTION('',(0.,0.,1.));
#958 = DIRECTION('',(1.,0.,-0.));
#959 = PCURVE('',#904,#960);
#960 = DEFINITIONAL_REPRESENTATION('',(#961),#965);
#961 = LINE('',#962,#963);
#962 = CARTESIAN_POINT('',(0.,-0.80872033608));
#963 = VECTOR('',#964,1.);
#964 = DIRECTION('',(1.,0.));
#965 = ( GEOMETRIC_REPRESENTATION_CONTEXT(2) 
PARAMETRIC_REPRESENTATION_CONTEXT() REPRESENTATION_CONTEXT('2D SPACE',''
  ) );
#966 = PCURVE('',#967,#972);
#967 = PLANE('',#968);
#968 = AXIS2_PLACEMENT_3D('',#969,#970,#971);
#969 = CARTESIAN_POINT('',(-2.65,5.75,0.));
#970 = DIRECTION('',(0.,0.,1.));
#971 = DIRECTION('',(1.,0.,0.));
#972 = DEFINITIONAL_REPRESENTATION('',(#973),#977);
#973 = CIRCLE('',#974,0.162249807396);
#974 = AXIS2_PLACEMENT_2D('',#975,#976);
#975 = CARTESIAN_POINT('',(0.25,0.25));
#976 = DIRECTION('',(1.,0.));
#977 = ( GEOMETRIC_REPRESENTATION_CONTEXT(2) 
PARAMETRIC_REPRESENTATION_CONTEXT() REPRESENTATION_CONTEXT('2D SPACE',''
  ) );
#978 = ORIENTED_EDGE('',*,*,#928,.T.);
#979 = ADVANCED_FACE('',(#980),#916,.T.);
#980 = FACE_BOUND('',#981,.T.);
#981 = EDGE_LOOP('',(#982));
#982 = ORIENTED_EDGE('',*,*,#894,.T.);
#983 = ADVANCED_FACE('',(#984),#967,.F.);
#984 = FACE_BOUND('',#985,.F.);
#985 = EDGE_LOOP('',(#986));
#986 = ORIENTED_EDGE('',*,*,#952,.T.);
#987 = ( GEOMETRIC_REPRESENTATION_CONTEXT(3) 
GLOBAL_UNCERTAINTY_ASSIGNED_CONTEXT((#991)) GLOBAL_UNIT_ASSIGNED_CONTEXT
((#988,#989,#990)) REPRESENTATION_CONTEXT('Context #1',
  '3D Context with UNIT and UNCERTAINTY') );
#988 = ( LENGTH_UNIT() NAMED_UNIT(*) SI_UNIT(.MILLI.,.METRE.) );
#989 = ( NAMED_UNIT(*) PLANE_ANGLE_UNIT() SI_UNIT($,.RADIAN.) );
#990 = ( NAMED_UNIT(*) SI_UNIT($,.STERADIAN.) SOLID_ANGLE_UNIT() );
#991 = UNCERTAINTY_MEASURE_WITH_UNIT(LENGTH_MEASURE(1.E-07),#988,
  'distance_accuracy_value','confusion accuracy');
#992 = CONTEXT_DEPENDENT_SHAPE_REPRESENTATION(#993,#995);
#993 = ( REPRESENTATION_RELATIONSHIP('','',#887,#10) 
REPRESENTATION_RELATIONSHIP_WITH_TRANSFORMATION(#994) 
SHAPE_REPRESENTATION_RELATIONSHIP() );
#994 = ITEM_DEFINED_TRANSFORMATION('','',#11,#23);
#995 = PRODUCT_DEFINITION_SHAPE('Placement','Placement of an item',#996
  );
#996 = NEXT_ASSEMBLY_USAGE_OCCURRENCE('47','Ball_A2','',#5,#882,$);
#997 = PRODUCT_RELATED_PRODUCT_CATEGORY('part',$,(#884));
#998 = SHAPE_DEFINITION_REPRESENTATION(#999,#1005);
#999 = PRODUCT_DEFINITION_SHAPE('','',#1000);
#1000 = PRODUCT_DEFINITION('design','',#1001,#1004);
#1001 = PRODUCT_DEFINITION_FORMATION('','',#1002);
#1002 = PRODUCT('Ball_A3','Ball_A3','',(#1003));
#1003 = PRODUCT_CONTEXT('',#2,'mechanical');
#1004 = PRODUCT_DEFINITION_CONTEXT('part definition',#2,'design');
#1005 = ADVANCED_BREP_SHAPE_REPRESENTATION('',(#11,#1006),#1105);
#1006 = MANIFOLD_SOLID_BREP('',#1007);
#1007 = CLOSED_SHELL('',(#1008,#1097,#1101));
#1008 = ADVANCED_FACE('',(#1009),#1022,.T.);
#1009 = FACE_BOUND('',#1010,.T.);
#1010 = EDGE_LOOP('',(#1011,#1045,#1069,#1096));
#1011 = ORIENTED_EDGE('',*,*,#1012,.F.);
#1012 = EDGE_CURVE('',#1013,#1013,#1015,.T.);
#1013 = VERTEX_POINT('',#1014);
#1014 = CARTESIAN_POINT('',(-1.437750192604,6.,0.34));
#1015 = SURFACE_CURVE('',#1016,(#1021,#1033),.PCURVE_S1.);
#1016 = CIRCLE('',#1017,0.162249807396);
#1017 = AXIS2_PLACEMENT_3D('',#1018,#1019,#1020);
#1018 = CARTESIAN_POINT('',(-1.6,6.,0.34));
#1019 = DIRECTION('',(0.,0.,1.));
#1020 = DIRECTION('',(1.,0.,-0.));
#1021 = PCURVE('',#1022,#1027);
#1022 = SPHERICAL_SURFACE('',#1023,0.235);
#1023 = AXIS2_PLACEMENT_3D('',#1024,#1025,#1026);
#1024 = CARTESIAN_POINT('',(-1.6,6.,0.17));
#1025 = DIRECTION('',(0.,0.,1.));
#1026 = DIRECTION('',(1.,0.,0.));
#1027 = DEFINITIONAL_REPRESENTATION('',(#1028),#1032);
#1028 = LINE('',#1029,#1030);
#1029 = CARTESIAN_POINT('',(0.,0.80872033608));
#1030 = VECTOR('',#1031,1.);
#1031 = DIRECTION('',(1.,0.));
#1032 = ( GEOMETRIC_REPRESENTATION_CONTEXT(2) 
PARAMETRIC_REPRESENTATION_CONTEXT() REPRESENTATION_CONTEXT('2D SPACE',''
  ) );
#1033 = PCURVE('',#1034,#1039);
#1034 = PLANE('',#1035);
#1035 = AXIS2_PLACEMENT_3D('',#1036,#1037,#1038);
#1036 = CARTESIAN_POINT('',(-1.85,5.75,0.34));
#1037 = DIRECTION('',(0.,0.,1.));
#1038 = DIRECTION('',(1.,0.,0.));
#1039 = DEFINITIONAL_REPRESENTATION('',(#1040),#1044);
#1040 = CIRCLE('',#1041,0.162249807396);
#1041 = AXIS2_PLACEMENT_2D('',#1042,#1043);
#1042 = CARTESIAN_POINT('',(0.25,0.25));
#1043 = DIRECTION('',(1.,0.));
#1044 = ( GEOMETRIC_REPRESENTATION_CONTEXT(2) 
PARAMETRIC_REPRESENTATION_CONTEXT() REPRESENTATION_CONTEXT('2D SPACE',''
  ) );
#1045 = ORIENTED_EDGE('',*,*,#1046,.F.);
#1046 = EDGE_CURVE('',#1047,#1013,#1049,.T.);
#1047 = VERTEX_POINT('',#1048);
#1048 = CARTESIAN_POINT('',(-1.437750192604,6.,-5.551115123126E-17));
#1049 = SEAM_CURVE('',#1050,(#1055,#1062),.PCURVE_S1.);
#1050 = CIRCLE('',#1051,0.235);
#1051 = AXIS2_PLACEMENT_3D('',#1052,#1053,#1054);
#1052 = CARTESIAN_POINT('',(-1.6,6.,0.17));
#1053 = DIRECTION('',(-2.449293598295E-16,-1.,0.));
#1054 = DIRECTION('',(1.,-2.449293598295E-16,0.));
#1055 = PCURVE('',#1022,#1056);
#1056 = DEFINITIONAL_REPRESENTATION('',(#1057),#1061);
#1057 = LINE('',#1058,#1059);
#1058 = CARTESIAN_POINT('',(6.28318530718,-6.28318530718));
#1059 = VECTOR('',#1060,1.);
#1060 = DIRECTION('',(0.,1.));
#1061 = ( GEOMETRIC_REPRESENTATION_CONTEXT(2) 
PARAMETRIC_REPRESENTATION_CONTEXT() REPRESENTATION_CONTEXT('2D SPACE',''
  ) );
#1062 = PCURVE('',#1022,#1063);
#1063 = DEFINITIONAL_REPRESENTATION('',(#1064),#1068);
#1064 = LINE('',#1065,#1066);
#1065 = CARTESIAN_POINT('',(0.,-6.28318530718));
#1066 = VECTOR('',#1067,1.);
#1067 = DIRECTION('',(0.,1.));
#1068 = ( GEOMETRIC_REPRESENTATION_CONTEXT(2) 
PARAMETRIC_REPRESENTATION_CONTEXT() REPRESENTATION_CONTEXT('2D SPACE',''
  ) );
#1069 = ORIENTED_EDGE('',*,*,#1070,.T.);
#1070 = EDGE_CURVE('',#1047,#1047,#1071,.T.);
#1071 = SURFACE_CURVE('',#1072,(#1077,#1084),.PCURVE_S1.);
#1072 = CIRCLE('',#1073,0.162249807396);
#1073 = AXIS2_PLACEMENT_3D('',#1074,#1075,#1076);
#1074 = CARTESIAN_POINT('',(-1.6,6.,0.));
#1075 = DIRECTION('',(0.,0.,1.));
#1076 = DIRECTION('',(1.,0.,-0.));
#1077 = PCURVE('',#1022,#1078);
#1078 = DEFINITIONAL_REPRESENTATION('',(#1079),#1083);
#1079 = LINE('',#1080,#1081);
#1080 = CARTESIAN_POINT('',(0.,-0.80872033608));
#1081 = VECTOR('',#1082,1.);
#1082 = DIRECTION('',(1.,0.));
#1083 = ( GEOMETRIC_REPRESENTATION_CONTEXT(2) 
PARAMETRIC_REPRESENTATION_CONTEXT() REPRESENTATION_CONTEXT('2D SPACE',''
  ) );
#1084 = PCURVE('',#1085,#1090);
#1085 = PLANE('',#1086);
#1086 = AXIS2_PLACEMENT_3D('',#1087,#1088,#1089);
#1087 = CARTESIAN_POINT('',(-1.85,5.75,0.));
#1088 = DIRECTION('',(0.,0.,1.));
#1089 = DIRECTION('',(1.,0.,0.));
#1090 = DEFINITIONAL_REPRESENTATION('',(#1091),#1095);
#1091 = CIRCLE('',#1092,0.162249807396);
#1092 = AXIS2_PLACEMENT_2D('',#1093,#1094);
#1093 = CARTESIAN_POINT('',(0.25,0.25));
#1094 = DIRECTION('',(1.,0.));
#1095 = ( GEOMETRIC_REPRESENTATION_CONTEXT(2) 
PARAMETRIC_REPRESENTATION_CONTEXT() REPRESENTATION_CONTEXT('2D SPACE',''
  ) );
#1096 = ORIENTED_EDGE('',*,*,#1046,.T.);
#1097 = ADVANCED_FACE('',(#1098),#1034,.T.);
#1098 = FACE_BOUND('',#1099,.T.);
#1099 = EDGE_LOOP('',(#1100));
#1100 = ORIENTED_EDGE('',*,*,#1012,.T.);
#1101 = ADVANCED_FACE('',(#1102),#1085,.F.);
#1102 = FACE_BOUND('',#1103,.F.);
#1103 = EDGE_LOOP('',(#1104));
#1104 = ORIENTED_EDGE('',*,*,#1070,.T.);
#1105 = ( GEOMETRIC_REPRESENTATION_CONTEXT(3) 
GLOBAL_UNCERTAINTY_ASSIGNED_CONTEXT((#1109)) 
GLOBAL_UNIT_ASSIGNED_CONTEXT((#1106,#1107,#1108)) REPRESENTATION_CONTEXT
('Context #1','3D Context with UNIT and UNCERTAINTY') );
#1106 = ( LENGTH_UNIT() NAMED_UNIT(*) SI_UNIT(.MILLI.,.METRE.) );
#1107 = ( NAMED_UNIT(*) PLANE_ANGLE_UNIT() SI_UNIT($,.RADIAN.) );
#1108 = ( NAMED_UNIT(*) SI_UNIT($,.STERADIAN.) SOLID_ANGLE_UNIT() );
#1109 = UNCERTAINTY_MEASURE_WITH_UNIT(LENGTH_MEASURE(1.E-07),#1106,
  'distance_accuracy_value','confusion accuracy');
#1110 = CONTEXT_DEPENDENT_SHAPE_REPRESENTATION(#1111,#1113);
#1111 = ( REPRESENTATION_RELATIONSHIP('','',#1005,#10) 
REPRESENTATION_RELATIONSHIP_WITH_TRANSFORMATION(#1112) 
SHAPE_REPRESENTATION_RELATIONSHIP() );
#1112 = ITEM_DEFINED_TRANSFORMATION('','',#11,#27);
#1113 = PRODUCT_DEFINITION_SHAPE('Placement','Placement of an item',
  #1114);
#1114 = NEXT_ASSEMBLY_USAGE_OCCURRENCE('48','Ball_A3','',#5,#1000,$);
#1115 = PRODUCT_RELATED_PRODUCT_CATEGORY('part',$,(#1002));
#1116 = SHAPE_DEFINITION_REPRESENTATION(#1117,#1123);
#1117 = PRODUCT_DEFINITION_SHAPE('','',#1118);
#1118 = PRODUCT_DEFINITION('design','',#1119,#1122);
#1119 = PRODUCT_DEFINITION_FORMATION('','',#1120);
#1120 = PRODUCT('Ball_A7','Ball_A7','',(#1121));
#1121 = PRODUCT_CONTEXT('',#2,'mechanical');
#1122 = PRODUCT_DEFINITION_CONTEXT('part definition',#2,'design');
#1123 = ADVANCED_BREP_SHAPE_REPRESENTATION('',(#11,#1124),#1223);
#1124 = MANIFOLD_SOLID_BREP('',#1125);
#1125 = CLOSED_SHELL('',(#1126,#1215,#1219));
#1126 = ADVANCED_FACE('',(#1127),#1140,.T.);
#1127 = FACE_BOUND('',#1128,.T.);
#1128 = EDGE_LOOP('',(#1129,#1163,#1187,#1214));
#1129 = ORIENTED_EDGE('',*,*,#1130,.F.);
#1130 = EDGE_CURVE('',#1131,#1131,#1133,.T.);
#1131 = VERTEX_POINT('',#1132);
#1132 = CARTESIAN_POINT('',(1.762249807396,6.,0.34));
#1133 = SURFACE_CURVE('',#1134,(#1139,#1151),.PCURVE_S1.);
#1134 = CIRCLE('',#1135,0.162249807396);
#1135 = AXIS2_PLACEMENT_3D('',#1136,#1137,#1138);
#1136 = CARTESIAN_POINT('',(1.6,6.,0.34));
#1137 = DIRECTION('',(0.,0.,1.));
#1138 = DIRECTION('',(1.,0.,-0.));
#1139 = PCURVE('',#1140,#1145);
#1140 = SPHERICAL_SURFACE('',#1141,0.235);
#1141 = AXIS2_PLACEMENT_3D('',#1142,#1143,#1144);
#1142 = CARTESIAN_POINT('',(1.6,6.,0.17));
#1143 = DIRECTION('',(0.,0.,1.));
#1144 = DIRECTION('',(1.,0.,0.));
#1145 = DEFINITIONAL_REPRESENTATION('',(#1146),#1150);
#1146 = LINE('',#1147,#1148);
#1147 = CARTESIAN_POINT('',(0.,0.80872033608));
#1148 = VECTOR('',#1149,1.);
#1149 = DIRECTION('',(1.,0.));
#1150 = ( GEOMETRIC_REPRESENTATION_CONTEXT(2) 
PARAMETRIC_REPRESENTATION_CONTEXT() REPRESENTATION_CONTEXT('2D SPACE',''
  ) );
#1151 = PCURVE('',#1152,#1157);
#1152 = PLANE('',#1153);
#1153 = AXIS2_PLACEMENT_3D('',#1154,#1155,#1156);
#1154 = CARTESIAN_POINT('',(1.35,5.75,0.34));
#1155 = DIRECTION('',(0.,0.,1.));
#1156 = DIRECTION('',(1.,0.,0.));
#1157 = DEFINITIONAL_REPRESENTATION('',(#1158),#1162);
#1158 = CIRCLE('',#1159,0.162249807396);
#1159 = AXIS2_PLACEMENT_2D('',#1160,#1161);
#1160 = CARTESIAN_POINT('',(0.25,0.25));
#1161 = DIRECTION('',(1.,0.));
#1162 = ( GEOMETRIC_REPRESENTATION_CONTEXT(2) 
PARAMETRIC_REPRESENTATION_CONTEXT() REPRESENTATION_CONTEXT('2D SPACE',''
  ) );
#1163 = ORIENTED_EDGE('',*,*,#1164,.F.);
#1164 = EDGE_CURVE('',#1165,#1131,#1167,.T.);
#1165 = VERTEX_POINT('',#1166);
#1166 = CARTESIAN_POINT('',(1.762249807396,6.,-5.551115123126E-17));
#1167 = SEAM_CURVE('',#1168,(#1173,#1180),.PCURVE_S1.);
#1168 = CIRCLE('',#1169,0.235);
#1169 = AXIS2_PLACEMENT_3D('',#1170,#1171,#1172);
#1170 = CARTESIAN_POINT('',(1.6,6.,0.17));
#1171 = DIRECTION('',(-2.449293598295E-16,-1.,0.));
#1172 = DIRECTION('',(1.,-2.449293598295E-16,0.));
#1173 = PCURVE('',#1140,#1174);
#1174 = DEFINITIONAL_REPRESENTATION('',(#1175),#1179);
#1175 = LINE('',#1176,#1177);
#1176 = CARTESIAN_POINT('',(6.28318530718,-6.28318530718));
#1177 = VECTOR('',#1178,1.);
#1178 = DIRECTION('',(0.,1.));
#1179 = ( GEOMETRIC_REPRESENTATION_CONTEXT(2) 
PARAMETRIC_REPRESENTATION_CONTEXT() REPRESENTATION_CONTEXT('2D SPACE',''
  ) );
#1180 = PCURVE('',#1140,#1181);
#1181 = DEFINITIONAL_REPRESENTATION('',(#1182),#1186);
#1182 = LINE('',#1183,#1184);
#1183 = CARTESIAN_POINT('',(0.,-6.28318530718));
#1184 = VECTOR('',#1185,1.);
#1185 = DIRECTION('',(0.,1.));
#1186 = ( GEOMETRIC_REPRESENTATION_CONTEXT(2) 
PARAMETRIC_REPRESENTATION_CONTEXT() REPRESENTATION_CONTEXT('2D SPACE',''
  ) );
#1187 = ORIENTED_EDGE('',*,*,#1188,.T.);
#1188 = EDGE_CURVE('',#1165,#1165,#1189,.T.);
#1189 = SURFACE_CURVE('',#1190,(#1195,#1202),.PCURVE_S1.);
#1190 = CIRCLE('',#1191,0.162249807396);
#1191 = AXIS2_PLACEMENT_3D('',#1192,#1193,#1194);
#1192 = CARTESIAN_POINT('',(1.6,6.,0.));
#1193 = DIRECTION('',(0.,0.,1.));
#1194 = DIRECTION('',(1.,0.,-0.));
#1195 = PCURVE('',#1140,#1196);
#1196 = DEFINITIONAL_REPRESENTATION('',(#1197),#1201);
#1197 = LINE('',#1198,#1199);
#1198 = CARTESIAN_POINT('',(0.,-0.80872033608));
#1199 = VECTOR('',#1200,1.);
#1200 = DIRECTION('',(1.,0.));
#1201 = ( GEOMETRIC_REPRESENTATION_CONTEXT(2) 
PARAMETRIC_REPRESENTATION_CONTEXT() REPRESENTATION_CONTEXT('2D SPACE',''
  ) );
#1202 = PCURVE('',#1203,#1208);
#1203 = PLANE('',#1204);
#1204 = AXIS2_PLACEMENT_3D('',#1205,#1206,#1207);
#1205 = CARTESIAN_POINT('',(1.35,5.75,0.));
#1206 = DIRECTION('',(0.,0.,1.));
#1207 = DIRECTION('',(1.,0.,0.));
#1208 = DEFINITIONAL_REPRESENTATION('',(#1209),#1213);
#1209 = CIRCLE('',#1210,0.162249807396);
#1210 = AXIS2_PLACEMENT_2D('',#1211,#1212);
#1211 = CARTESIAN_POINT('',(0.25,0.25));
#1212 = DIRECTION('',(1.,0.));
#1213 = ( GEOMETRIC_REPRESENTATION_CONTEXT(2) 
PARAMETRIC_REPRESENTATION_CONTEXT() REPRESENTATION_CONTEXT('2D SPACE',''
  ) );
#1214 = ORIENTED_EDGE('',*,*,#1164,.T.);
#1215 = ADVANCED_FACE('',(#1216),#1152,.T.);
#1216 = FACE_BOUND('',#1217,.T.);
#1217 = EDGE_LOOP('',(#1218));
#1218 = ORIENTED_EDGE('',*,*,#1130,.T.);
#1219 = ADVANCED_FACE('',(#1220),#1203,.F.);
#1220 = FACE_BOUND('',#1221,.F.);
#1221 = EDGE_LOOP('',(#1222));
#1222 = ORIENTED_EDGE('',*,*,#1188,.T.);
#1223 = ( GEOMETRIC_REPRESENTATION_CONTEXT(3) 
GLOBAL_UNCERTAINTY_ASSIGNED_CONTEXT((#1227)) 
GLOBAL_UNIT_ASSIGNED_CONTEXT((#1224,#1225,#1226)) REPRESENTATION_CONTEXT
('Context #1','3D Context with UNIT and UNCERTAINTY') );
#1224 = ( LENGTH_UNIT() NAMED_UNIT(*) SI_UNIT(.MILLI.,.METRE.) );
#1225 = ( NAMED_UNIT(*) PLANE_ANGLE_UNIT() SI_UNIT($,.RADIAN.) );
#1226 = ( NAMED_UNIT(*) SI_UNIT($,.STERADIAN.) SOLID_ANGLE_UNIT() );
#1227 = UNCERTAINTY_MEASURE_WITH_UNIT(LENGTH_MEASURE(1.E-07),#1224,
  'distance_accuracy_value','confusion accuracy');
#1228 = CONTEXT_DEPENDENT_SHAPE_REPRESENTATION(#1229,#1231);
#1229 = ( REPRESENTATION_RELATIONSHIP('','',#1123,#10) 
REPRESENTATION_RELATIONSHIP_WITH_TRANSFORMATION(#1230) 
SHAPE_REPRESENTATION_RELATIONSHIP() );
#1230 = ITEM_DEFINED_TRANSFORMATION('','',#11,#31);
#1231 = PRODUCT_DEFINITION_SHAPE('Placement','Placement of an item',
  #1232);
#1232 = NEXT_ASSEMBLY_USAGE_OCCURRENCE('49','Ball_A7','',#5,#1118,$);
#1233 = PRODUCT_RELATED_PRODUCT_CATEGORY('part',$,(#1120));
#1234 = SHAPE_DEFINITION_REPRESENTATION(#1235,#1241);
#1235 = PRODUCT_DEFINITION_SHAPE('','',#1236);
#1236 = PRODUCT_DEFINITION('design','',#1237,#1240);
#1237 = PRODUCT_DEFINITION_FORMATION('','',#1238);
#1238 = PRODUCT('Ball_A8','Ball_A8','',(#1239));
#1239 = PRODUCT_CONTEXT('',#2,'mechanical');
#1240 = PRODUCT_DEFINITION_CONTEXT('part definition',#2,'design');
#1241 = ADVANCED_BREP_SHAPE_REPRESENTATION('',(#11,#1242),#1341);
#1242 = MANIFOLD_SOLID_BREP('',#1243);
#1243 = CLOSED_SHELL('',(#1244,#1333,#1337));
#1244 = ADVANCED_FACE('',(#1245),#1258,.T.);
#1245 = FACE_BOUND('',#1246,.T.);
#1246 = EDGE_LOOP('',(#1247,#1281,#1305,#1332));
#1247 = ORIENTED_EDGE('',*,*,#1248,.F.);
#1248 = EDGE_CURVE('',#1249,#1249,#1251,.T.);
#1249 = VERTEX_POINT('',#1250);
#1250 = CARTESIAN_POINT('',(2.562249807396,6.,0.34));
#1251 = SURFACE_CURVE('',#1252,(#1257,#1269),.PCURVE_S1.);
#1252 = CIRCLE('',#1253,0.162249807396);
#1253 = AXIS2_PLACEMENT_3D('',#1254,#1255,#1256);
#1254 = CARTESIAN_POINT('',(2.4,6.,0.34));
#1255 = DIRECTION('',(0.,0.,1.));
#1256 = DIRECTION('',(1.,0.,-0.));
#1257 = PCURVE('',#1258,#1263);
#1258 = SPHERICAL_SURFACE('',#1259,0.235);
#1259 = AXIS2_PLACEMENT_3D('',#1260,#1261,#1262);
#1260 = CARTESIAN_POINT('',(2.4,6.,0.17));
#1261 = DIRECTION('',(0.,0.,1.));
#1262 = DIRECTION('',(1.,0.,0.));
#1263 = DEFINITIONAL_REPRESENTATION('',(#1264),#1268);
#1264 = LINE('',#1265,#1266);
#1265 = CARTESIAN_POINT('',(0.,0.80872033608));
#1266 = VECTOR('',#1267,1.);
#1267 = DIRECTION('',(1.,0.));
#1268 = ( GEOMETRIC_REPRESENTATION_CONTEXT(2) 
PARAMETRIC_REPRESENTATION_CONTEXT() REPRESENTATION_CONTEXT('2D SPACE',''
  ) );
#1269 = PCURVE('',#1270,#1275);
#1270 = PLANE('',#1271);
#1271 = AXIS2_PLACEMENT_3D('',#1272,#1273,#1274);
#1272 = CARTESIAN_POINT('',(2.15,5.75,0.34));
#1273 = DIRECTION('',(0.,0.,1.));
#1274 = DIRECTION('',(1.,0.,0.));
#1275 = DEFINITIONAL_REPRESENTATION('',(#1276),#1280);
#1276 = CIRCLE('',#1277,0.162249807396);
#1277 = AXIS2_PLACEMENT_2D('',#1278,#1279);
#1278 = CARTESIAN_POINT('',(0.25,0.25));
#1279 = DIRECTION('',(1.,0.));
#1280 = ( GEOMETRIC_REPRESENTATION_CONTEXT(2) 
PARAMETRIC_REPRESENTATION_CONTEXT() REPRESENTATION_CONTEXT('2D SPACE',''
  ) );
#1281 = ORIENTED_EDGE('',*,*,#1282,.F.);
#1282 = EDGE_CURVE('',#1283,#1249,#1285,.T.);
#1283 = VERTEX_POINT('',#1284);
#1284 = CARTESIAN_POINT('',(2.562249807396,6.,-5.551115123126E-17));
#1285 = SEAM_CURVE('',#1286,(#1291,#1298),.PCURVE_S1.);
#1286 = CIRCLE('',#1287,0.235);
#1287 = AXIS2_PLACEMENT_3D('',#1288,#1289,#1290);
#1288 = CARTESIAN_POINT('',(2.4,6.,0.17));
#1289 = DIRECTION('',(-2.449293598295E-16,-1.,0.));
#1290 = DIRECTION('',(1.,-2.449293598295E-16,0.));
#1291 = PCURVE('',#1258,#1292);
#1292 = DEFINITIONAL_REPRESENTATION('',(#1293),#1297);
#1293 = LINE('',#1294,#1295);
#1294 = CARTESIAN_POINT('',(6.28318530718,-6.28318530718));
#1295 = VECTOR('',#1296,1.);
#1296 = DIRECTION('',(0.,1.));
#1297 = ( GEOMETRIC_REPRESENTATION_CONTEXT(2) 
PARAMETRIC_REPRESENTATION_CONTEXT() REPRESENTATION_CONTEXT('2D SPACE',''
  ) );
#1298 = PCURVE('',#1258,#1299);
#1299 = DEFINITIONAL_REPRESENTATION('',(#1300),#1304);
#1300 = LINE('',#1301,#1302);
#1301 = CARTESIAN_POINT('',(0.,-6.28318530718));
#1302 = VECTOR('',#1303,1.);
#1303 = DIRECTION('',(0.,1.));
#1304 = ( GEOMETRIC_REPRESENTATION_CONTEXT(2) 
PARAMETRIC_REPRESENTATION_CONTEXT() REPRESENTATION_CONTEXT('2D SPACE',''
  ) );
#1305 = ORIENTED_EDGE('',*,*,#1306,.T.);
#1306 = EDGE_CURVE('',#1283,#1283,#1307,.T.);
#1307 = SURFACE_CURVE('',#1308,(#1313,#1320),.PCURVE_S1.);
#1308 = CIRCLE('',#1309,0.162249807396);
#1309 = AXIS2_PLACEMENT_3D('',#1310,#1311,#1312);
#1310 = CARTESIAN_POINT('',(2.4,6.,0.));
#1311 = DIRECTION('',(0.,0.,1.));
#1312 = DIRECTION('',(1.,0.,-0.));
#1313 = PCURVE('',#1258,#1314);
#1314 = DEFINITIONAL_REPRESENTATION('',(#1315),#1319);
#1315 = LINE('',#1316,#1317);
#1316 = CARTESIAN_POINT('',(0.,-0.80872033608));
#1317 = VECTOR('',#1318,1.);
#1318 = DIRECTION('',(1.,0.));
#1319 = ( GEOMETRIC_REPRESENTATION_CONTEXT(2) 
PARAMETRIC_REPRESENTATION_CONTEXT() REPRESENTATION_CONTEXT('2D SPACE',''
  ) );
#1320 = PCURVE('',#1321,#1326);
#1321 = PLANE('',#1322);
#1322 = AXIS2_PLACEMENT_3D('',#1323,#1324,#1325);
#1323 = CARTESIAN_POINT('',(2.15,5.75,0.));
#1324 = DIRECTION('',(0.,0.,1.));
#1325 = DIRECTION('',(1.,0.,0.));
#1326 = DEFINITIONAL_REPRESENTATION('',(#1327),#1331);
#1327 = CIRCLE('',#1328,0.162249807396);
#1328 = AXIS2_PLACEMENT_2D('',#1329,#1330);
#1329 = CARTESIAN_POINT('',(0.25,0.25));
#1330 = DIRECTION('',(1.,0.));
#1331 = ( GEOMETRIC_REPRESENTATION_CONTEXT(2) 
PARAMETRIC_REPRESENTATION_CONTEXT() REPRESENTATION_CONTEXT('2D SPACE',''
  ) );
#1332 = ORIENTED_EDGE('',*,*,#1282,.T.);
#1333 = ADVANCED_FACE('',(#1334),#1270,.T.);
#1334 = FACE_BOUND('',#1335,.T.);
#1335 = EDGE_LOOP('',(#1336));
#1336 = ORIENTED_EDGE('',*,*,#1248,.T.);
#1337 = ADVANCED_FACE('',(#1338),#1321,.F.);
#1338 = FACE_BOUND('',#1339,.F.);
#1339 = EDGE_LOOP('',(#1340));
#1340 = ORIENTED_EDGE('',*,*,#1306,.T.);
#1341 = ( GEOMETRIC_REPRESENTATION_CONTEXT(3) 
GLOBAL_UNCERTAINTY_ASSIGNED_CONTEXT((#1345)) 
GLOBAL_UNIT_ASSIGNED_CONTEXT((#1342,#1343,#1344)) REPRESENTATION_CONTEXT
('Context #1','3D Context with UNIT and UNCERTAINTY') );
#1342 = ( LENGTH_UNIT() NAMED_UNIT(*) SI_UNIT(.MILLI.,.METRE.) );
#1343 = ( NAMED_UNIT(*) PLANE_ANGLE_UNIT() SI_UNIT($,.RADIAN.) );
#1344 = ( NAMED_UNIT(*) SI_UNIT($,.STERADIAN.) SOLID_ANGLE_UNIT() );
#1345 = UNCERTAINTY_MEASURE_WITH_UNIT(LENGTH_MEASURE(1.E-07),#1342,
  'distance_accuracy_value','confusion accuracy');
#1346 = CONTEXT_DEPENDENT_SHAPE_REPRESENTATION(#1347,#1349);
#1347 = ( REPRESENTATION_RELATIONSHIP('','',#1241,#10) 
REPRESENTATION_RELATIONSHIP_WITH_TRANSFORMATION(#1348) 
SHAPE_REPRESENTATION_RELATIONSHIP() );
#1348 = ITEM_DEFINED_TRANSFORMATION('','',#11,#35);
#1349 = PRODUCT_DEFINITION_SHAPE('Placement','Placement of an item',
  #1350);
#1350 = NEXT_ASSEMBLY_USAGE_OCCURRENCE('50','Ball_A8','',#5,#1236,$);
#1351 = PRODUCT_RELATED_PRODUCT_CATEGORY('part',$,(#1238));
#1352 = SHAPE_DEFINITION_REPRESENTATION(#1353,#1359);
#1353 = PRODUCT_DEFINITION_SHAPE('','',#1354);
#1354 = PRODUCT_DEFINITION('design','',#1355,#1358);
#1355 = PRODUCT_DEFINITION_FORMATION('','',#1356);
#1356 = PRODUCT('Ball_A9','Ball_A9','',(#1357));
#1357 = PRODUCT_CONTEXT('',#2,'mechanical');
#1358 = PRODUCT_DEFINITION_CONTEXT('part definition',#2,'design');
#1359 = ADVANCED_BREP_SHAPE_REPRESENTATION('',(#11,#1360),#1459);
#1360 = MANIFOLD_SOLID_BREP('',#1361);
#1361 = CLOSED_SHELL('',(#1362,#1451,#1455));
#1362 = ADVANCED_FACE('',(#1363),#1376,.T.);
#1363 = FACE_BOUND('',#1364,.T.);
#1364 = EDGE_LOOP('',(#1365,#1399,#1423,#1450));
#1365 = ORIENTED_EDGE('',*,*,#1366,.F.);
#1366 = EDGE_CURVE('',#1367,#1367,#1369,.T.);
#1367 = VERTEX_POINT('',#1368);
#1368 = CARTESIAN_POINT('',(3.362249807396,6.,0.34));
#1369 = SURFACE_CURVE('',#1370,(#1375,#1387),.PCURVE_S1.);
#1370 = CIRCLE('',#1371,0.162249807396);
#1371 = AXIS2_PLACEMENT_3D('',#1372,#1373,#1374);
#1372 = CARTESIAN_POINT('',(3.2,6.,0.34));
#1373 = DIRECTION('',(0.,0.,1.));
#1374 = DIRECTION('',(1.,0.,-0.));
#1375 = PCURVE('',#1376,#1381);
#1376 = SPHERICAL_SURFACE('',#1377,0.235);
#1377 = AXIS2_PLACEMENT_3D('',#1378,#1379,#1380);
#1378 = CARTESIAN_POINT('',(3.2,6.,0.17));
#1379 = DIRECTION('',(0.,0.,1.));
#1380 = DIRECTION('',(1.,0.,0.));
#1381 = DEFINITIONAL_REPRESENTATION('',(#1382),#1386);
#1382 = LINE('',#1383,#1384);
#1383 = CARTESIAN_POINT('',(0.,0.80872033608));
#1384 = VECTOR('',#1385,1.);
#1385 = DIRECTION('',(1.,0.));
#1386 = ( GEOMETRIC_REPRESENTATION_CONTEXT(2) 
PARAMETRIC_REPRESENTATION_CONTEXT() REPRESENTATION_CONTEXT('2D SPACE',''
  ) );
#1387 = PCURVE('',#1388,#1393);
#1388 = PLANE('',#1389);
#1389 = AXIS2_PLACEMENT_3D('',#1390,#1391,#1392);
#1390 = CARTESIAN_POINT('',(2.95,5.75,0.34));
#1391 = DIRECTION('',(0.,0.,1.));
#1392 = DIRECTION('',(1.,0.,0.));
#1393 = DEFINITIONAL_REPRESENTATION('',(#1394),#1398);
#1394 = CIRCLE('',#1395,0.162249807396);
#1395 = AXIS2_PLACEMENT_2D('',#1396,#1397);
#1396 = CARTESIAN_POINT('',(0.25,0.25));
#1397 = DIRECTION('',(1.,0.));
#1398 = ( GEOMETRIC_REPRESENTATION_CONTEXT(2) 
PARAMETRIC_REPRESENTATION_CONTEXT() REPRESENTATION_CONTEXT('2D SPACE',''
  ) );
#1399 = ORIENTED_EDGE('',*,*,#1400,.F.);
#1400 = EDGE_CURVE('',#1401,#1367,#1403,.T.);
#1401 = VERTEX_POINT('',#1402);
#1402 = CARTESIAN_POINT('',(3.362249807396,6.,-5.551115123126E-17));
#1403 = SEAM_CURVE('',#1404,(#1409,#1416),.PCURVE_S1.);
#1404 = CIRCLE('',#1405,0.235);
#1405 = AXIS2_PLACEMENT_3D('',#1406,#1407,#1408);
#1406 = CARTESIAN_POINT('',(3.2,6.,0.17));
#1407 = DIRECTION('',(-2.449293598295E-16,-1.,0.));
#1408 = DIRECTION('',(1.,-2.449293598295E-16,0.));
#1409 = PCURVE('',#1376,#1410);
#1410 = DEFINITIONAL_REPRESENTATION('',(#1411),#1415);
#1411 = LINE('',#1412,#1413);
#1412 = CARTESIAN_POINT('',(6.28318530718,-6.28318530718));
#1413 = VECTOR('',#1414,1.);
#1414 = DIRECTION('',(0.,1.));
#1415 = ( GEOMETRIC_REPRESENTATION_CONTEXT(2) 
PARAMETRIC_REPRESENTATION_CONTEXT() REPRESENTATION_CONTEXT('2D SPACE',''
  ) );
#1416 = PCURVE('',#1376,#1417);
#1417 = DEFINITIONAL_REPRESENTATION('',(#1418),#1422);
#1418 = LINE('',#1419,#1420);
#1419 = CARTESIAN_POINT('',(0.,-6.28318530718));
#1420 = VECTOR('',#1421,1.);
#1421 = DIRECTION('',(0.,1.));
#1422 = ( GEOMETRIC_REPRESENTATION_CONTEXT(2) 
PARAMETRIC_REPRESENTATION_CONTEXT() REPRESENTATION_CONTEXT('2D SPACE',''
  ) );
#1423 = ORIENTED_EDGE('',*,*,#1424,.T.);
#1424 = EDGE_CURVE('',#1401,#1401,#1425,.T.);
#1425 = SURFACE_CURVE('',#1426,(#1431,#1438),.PCURVE_S1.);
#1426 = CIRCLE('',#1427,0.162249807396);
#1427 = AXIS2_PLACEMENT_3D('',#1428,#1429,#1430);
#1428 = CARTESIAN_POINT('',(3.2,6.,0.));
#1429 = DIRECTION('',(0.,0.,1.));
#1430 = DIRECTION('',(1.,0.,-0.));
#1431 = PCURVE('',#1376,#1432);
#1432 = DEFINITIONAL_REPRESENTATION('',(#1433),#1437);
#1433 = LINE('',#1434,#1435);
#1434 = CARTESIAN_POINT('',(0.,-0.80872033608));
#1435 = VECTOR('',#1436,1.);
#1436 = DIRECTION('',(1.,0.));
#1437 = ( GEOMETRIC_REPRESENTATION_CONTEXT(2) 
PARAMETRIC_REPRESENTATION_CONTEXT() REPRESENTATION_CONTEXT('2D SPACE',''
  ) );
#1438 = PCURVE('',#1439,#1444);
#1439 = PLANE('',#1440);
#1440 = AXIS2_PLACEMENT_3D('',#1441,#1442,#1443);
#1441 = CARTESIAN_POINT('',(2.95,5.75,0.));
#1442 = DIRECTION('',(0.,0.,1.));
#1443 = DIRECTION('',(1.,0.,0.));
#1444 = DEFINITIONAL_REPRESENTATION('',(#1445),#1449);
#1445 = CIRCLE('',#1446,0.162249807396);
#1446 = AXIS2_PLACEMENT_2D('',#1447,#1448);
#1447 = CARTESIAN_POINT('',(0.25,0.25));
#1448 = DIRECTION('',(1.,0.));
#1449 = ( GEOMETRIC_REPRESENTATION_CONTEXT(2) 
PARAMETRIC_REPRESENTATION_CONTEXT() REPRESENTATION_CONTEXT('2D SPACE',''
  ) );
#1450 = ORIENTED_EDGE('',*,*,#1400,.T.);
#1451 = ADVANCED_FACE('',(#1452),#1388,.T.);
#1452 = FACE_BOUND('',#1453,.T.);
#1453 = EDGE_LOOP('',(#1454));
#1454 = ORIENTED_EDGE('',*,*,#1366,.T.);
#1455 = ADVANCED_FACE('',(#1456),#1439,.F.);
#1456 = FACE_BOUND('',#1457,.F.);
#1457 = EDGE_LOOP('',(#1458));
#1458 = ORIENTED_EDGE('',*,*,#1424,.T.);
#1459 = ( GEOMETRIC_REPRESENTATION_CONTEXT(3) 
GLOBAL_UNCERTAINTY_ASSIGNED_CONTEXT((#1463)) 
GLOBAL_UNIT_ASSIGNED_CONTEXT((#1460,#1461,#1462)) REPRESENTATION_CONTEXT
('Context #1','3D Context with UNIT and UNCERTAINTY') );
#1460 = ( LENGTH_UNIT() NAMED_UNIT(*) SI_UNIT(.MILLI.,.METRE.) );
#1461 = ( NAMED_UNIT(*) PLANE_ANGLE_UNIT() SI_UNIT($,.RADIAN.) );
#1462 = ( NAMED_UNIT(*) SI_UNIT($,.STERADIAN.) SOLID_ANGLE_UNIT() );
#1463 = UNCERTAINTY_MEASURE_WITH_UNIT(LENGTH_MEASURE(1.E-07),#1460,
  'distance_accuracy_value','confusion accuracy');
#1464 = CONTEXT_DEPENDENT_SHAPE_REPRESENTATION(#1465,#1467);
#1465 = ( REPRESENTATION_RELATIONSHIP('','',#1359,#10) 
REPRESENTATION_RELATIONSHIP_WITH_TRANSFORMATION(#1466) 
SHAPE_REPRESENTATION_RELATIONSHIP() );
#1466 = ITEM_DEFINED_TRANSFORMATION('','',#11,#39);
#1467 = PRODUCT_DEFINITION_SHAPE('Placement','Placement of an item',
  #1468);
#1468 = NEXT_ASSEMBLY_USAGE_OCCURRENCE('51','Ball_A9','',#5,#1354,$);
#1469 = PRODUCT_RELATED_PRODUCT_CATEGORY('part',$,(#1356));
#1470 = SHAPE_DEFINITION_REPRESENTATION(#1471,#1477);
#1471 = PRODUCT_DEFINITION_SHAPE('','',#1472);
#1472 = PRODUCT_DEFINITION('design','',#1473,#1476);
#1473 = PRODUCT_DEFINITION_FORMATION('','',#1474);
#1474 = PRODUCT('Ball_B1','Ball_B1','',(#1475));
#1475 = PRODUCT_CONTEXT('',#2,'mechanical');
#1476 = PRODUCT_DEFINITION_CONTEXT('part definition',#2,'design');
#1477 = ADVANCED_BREP_SHAPE_REPRESENTATION('',(#11,#1478),#1577);
#1478 = MANIFOLD_SOLID_BREP('',#1479);
#1479 = CLOSED_SHELL('',(#1480,#1569,#1573));
#1480 = ADVANCED_FACE('',(#1481),#1494,.T.);
#1481 = FACE_BOUND('',#1482,.T.);
#1482 = EDGE_LOOP('',(#1483,#1517,#1541,#1568));
#1483 = ORIENTED_EDGE('',*,*,#1484,.F.);
#1484 = EDGE_CURVE('',#1485,#1485,#1487,.T.);
#1485 = VERTEX_POINT('',#1486);
#1486 = CARTESIAN_POINT('',(-3.037750192604,5.2,0.34));
#1487 = SURFACE_CURVE('',#1488,(#1493,#1505),.PCURVE_S1.);
#1488 = CIRCLE('',#1489,0.162249807396);
#1489 = AXIS2_PLACEMENT_3D('',#1490,#1491,#1492);
#1490 = CARTESIAN_POINT('',(-3.2,5.2,0.34));
#1491 = DIRECTION('',(0.,0.,1.));
#1492 = DIRECTION('',(1.,0.,-0.));
#1493 = PCURVE('',#1494,#1499);
#1494 = SPHERICAL_SURFACE('',#1495,0.235);
#1495 = AXIS2_PLACEMENT_3D('',#1496,#1497,#1498);
#1496 = CARTESIAN_POINT('',(-3.2,5.2,0.17));
#1497 = DIRECTION('',(0.,0.,1.));
#1498 = DIRECTION('',(1.,0.,0.));
#1499 = DEFINITIONAL_REPRESENTATION('',(#1500),#1504);
#1500 = LINE('',#1501,#1502);
#1501 = CARTESIAN_POINT('',(0.,0.80872033608));
#1502 = VECTOR('',#1503,1.);
#1503 = DIRECTION('',(1.,0.));
#1504 = ( GEOMETRIC_REPRESENTATION_CONTEXT(2) 
PARAMETRIC_REPRESENTATION_CONTEXT() REPRESENTATION_CONTEXT('2D SPACE',''
  ) );
#1505 = PCURVE('',#1506,#1511);
#1506 = PLANE('',#1507);
#1507 = AXIS2_PLACEMENT_3D('',#1508,#1509,#1510);
#1508 = CARTESIAN_POINT('',(-3.45,4.95,0.34));
#1509 = DIRECTION('',(0.,0.,1.));
#1510 = DIRECTION('',(1.,0.,0.));
#1511 = DEFINITIONAL_REPRESENTATION('',(#1512),#1516);
#1512 = CIRCLE('',#1513,0.162249807396);
#1513 = AXIS2_PLACEMENT_2D('',#1514,#1515);
#1514 = CARTESIAN_POINT('',(0.25,0.25));
#1515 = DIRECTION('',(1.,0.));
#1516 = ( GEOMETRIC_REPRESENTATION_CONTEXT(2) 
PARAMETRIC_REPRESENTATION_CONTEXT() REPRESENTATION_CONTEXT('2D SPACE',''
  ) );
#1517 = ORIENTED_EDGE('',*,*,#1518,.F.);
#1518 = EDGE_CURVE('',#1519,#1485,#1521,.T.);
#1519 = VERTEX_POINT('',#1520);
#1520 = CARTESIAN_POINT('',(-3.037750192604,5.2,-5.551115123126E-17));
#1521 = SEAM_CURVE('',#1522,(#1527,#1534),.PCURVE_S1.);
#1522 = CIRCLE('',#1523,0.235);
#1523 = AXIS2_PLACEMENT_3D('',#1524,#1525,#1526);
#1524 = CARTESIAN_POINT('',(-3.2,5.2,0.17));
#1525 = DIRECTION('',(-2.449293598295E-16,-1.,0.));
#1526 = DIRECTION('',(1.,-2.449293598295E-16,0.));
#1527 = PCURVE('',#1494,#1528);
#1528 = DEFINITIONAL_REPRESENTATION('',(#1529),#1533);
#1529 = LINE('',#1530,#1531);
#1530 = CARTESIAN_POINT('',(6.28318530718,-6.28318530718));
#1531 = VECTOR('',#1532,1.);
#1532 = DIRECTION('',(0.,1.));
#1533 = ( GEOMETRIC_REPRESENTATION_CONTEXT(2) 
PARAMETRIC_REPRESENTATION_CONTEXT() REPRESENTATION_CONTEXT('2D SPACE',''
  ) );
#1534 = PCURVE('',#1494,#1535);
#1535 = DEFINITIONAL_REPRESENTATION('',(#1536),#1540);
#1536 = LINE('',#1537,#1538);
#1537 = CARTESIAN_POINT('',(0.,-6.28318530718));
#1538 = VECTOR('',#1539,1.);
#1539 = DIRECTION('',(0.,1.));
#1540 = ( GEOMETRIC_REPRESENTATION_CONTEXT(2) 
PARAMETRIC_REPRESENTATION_CONTEXT() REPRESENTATION_CONTEXT('2D SPACE',''
  ) );
#1541 = ORIENTED_EDGE('',*,*,#1542,.T.);
#1542 = EDGE_CURVE('',#1519,#1519,#1543,.T.);
#1543 = SURFACE_CURVE('',#1544,(#1549,#1556),.PCURVE_S1.);
#1544 = CIRCLE('',#1545,0.162249807396);
#1545 = AXIS2_PLACEMENT_3D('',#1546,#1547,#1548);
#1546 = CARTESIAN_POINT('',(-3.2,5.2,0.));
#1547 = DIRECTION('',(0.,0.,1.));
#1548 = DIRECTION('',(1.,0.,-0.));
#1549 = PCURVE('',#1494,#1550);
#1550 = DEFINITIONAL_REPRESENTATION('',(#1551),#1555);
#1551 = LINE('',#1552,#1553);
#1552 = CARTESIAN_POINT('',(0.,-0.80872033608));
#1553 = VECTOR('',#1554,1.);
#1554 = DIRECTION('',(1.,0.));
#1555 = ( GEOMETRIC_REPRESENTATION_CONTEXT(2) 
PARAMETRIC_REPRESENTATION_CONTEXT() REPRESENTATION_CONTEXT('2D SPACE',''
  ) );
#1556 = PCURVE('',#1557,#1562);
#1557 = PLANE('',#1558);
#1558 = AXIS2_PLACEMENT_3D('',#1559,#1560,#1561);
#1559 = CARTESIAN_POINT('',(-3.45,4.95,0.));
#1560 = DIRECTION('',(0.,0.,1.));
#1561 = DIRECTION('',(1.,0.,0.));
#1562 = DEFINITIONAL_REPRESENTATION('',(#1563),#1567);
#1563 = CIRCLE('',#1564,0.162249807396);
#1564 = AXIS2_PLACEMENT_2D('',#1565,#1566);
#1565 = CARTESIAN_POINT('',(0.25,0.25));
#1566 = DIRECTION('',(1.,0.));
#1567 = ( GEOMETRIC_REPRESENTATION_CONTEXT(2) 
PARAMETRIC_REPRESENTATION_CONTEXT() REPRESENTATION_CONTEXT('2D SPACE',''
  ) );
#1568 = ORIENTED_EDGE('',*,*,#1518,.T.);
#1569 = ADVANCED_FACE('',(#1570),#1506,.T.);
#1570 = FACE_BOUND('',#1571,.T.);
#1571 = EDGE_LOOP('',(#1572));
#1572 = ORIENTED_EDGE('',*,*,#1484,.T.);
#1573 = ADVANCED_FACE('',(#1574),#1557,.F.);
#1574 = FACE_BOUND('',#1575,.F.);
#1575 = EDGE_LOOP('',(#1576));
#1576 = ORIENTED_EDGE('',*,*,#1542,.T.);
#1577 = ( GEOMETRIC_REPRESENTATION_CONTEXT(3) 
GLOBAL_UNCERTAINTY_ASSIGNED_CONTEXT((#1581)) 
GLOBAL_UNIT_ASSIGNED_CONTEXT((#1578,#1579,#1580)) REPRESENTATION_CONTEXT
('Context #1','3D Context with UNIT and UNCERTAINTY') );
#1578 = ( LENGTH_UNIT() NAMED_UNIT(*) SI_UNIT(.MILLI.,.METRE.) );
#1579 = ( NAMED_UNIT(*) PLANE_ANGLE_UNIT() SI_UNIT($,.RADIAN.) );
#1580 = ( NAMED_UNIT(*) SI_UNIT($,.STERADIAN.) SOLID_ANGLE_UNIT() );
#1581 = UNCERTAINTY_MEASURE_WITH_UNIT(LENGTH_MEASURE(1.E-07),#1578,
  'distance_accuracy_value','confusion accuracy');
#1582 = CONTEXT_DEPENDENT_SHAPE_REPRESENTATION(#1583,#1585);
#1583 = ( REPRESENTATION_RELATIONSHIP('','',#1477,#10) 
REPRESENTATION_RELATIONSHIP_WITH_TRANSFORMATION(#1584) 
SHAPE_REPRESENTATION_RELATIONSHIP() );
#1584 = ITEM_DEFINED_TRANSFORMATION('','',#11,#43);
#1585 = PRODUCT_DEFINITION_SHAPE('Placement','Placement of an item',
  #1586);
#1586 = NEXT_ASSEMBLY_USAGE_OCCURRENCE('52','Ball_B1','',#5,#1472,$);
#1587 = PRODUCT_RELATED_PRODUCT_CATEGORY('part',$,(#1474));
#1588 = SHAPE_DEFINITION_REPRESENTATION(#1589,#1595);
#1589 = PRODUCT_DEFINITION_SHAPE('','',#1590);
#1590 = PRODUCT_DEFINITION('design','',#1591,#1594);
#1591 = PRODUCT_DEFINITION_FORMATION('','',#1592);
#1592 = PRODUCT('Ball_B2','Ball_B2','',(#1593));
#1593 = PRODUCT_CONTEXT('',#2,'mechanical');
#1594 = PRODUCT_DEFINITION_CONTEXT('part definition',#2,'design');
#1595 = ADVANCED_BREP_SHAPE_REPRESENTATION('',(#11,#1596),#1695);
#1596 = MANIFOLD_SOLID_BREP('',#1597);
#1597 = CLOSED_SHELL('',(#1598,#1687,#1691));
#1598 = ADVANCED_FACE('',(#1599),#1612,.T.);
#1599 = FACE_BOUND('',#1600,.T.);
#1600 = EDGE_LOOP('',(#1601,#1635,#1659,#1686));
#1601 = ORIENTED_EDGE('',*,*,#1602,.F.);
#1602 = EDGE_CURVE('',#1603,#1603,#1605,.T.);
#1603 = VERTEX_POINT('',#1604);
#1604 = CARTESIAN_POINT('',(-2.237750192604,5.2,0.34));
#1605 = SURFACE_CURVE('',#1606,(#1611,#1623),.PCURVE_S1.);
#1606 = CIRCLE('',#1607,0.162249807396);
#1607 = AXIS2_PLACEMENT_3D('',#1608,#1609,#1610);
#1608 = CARTESIAN_POINT('',(-2.4,5.2,0.34));
#1609 = DIRECTION('',(0.,0.,1.));
#1610 = DIRECTION('',(1.,0.,-0.));
#1611 = PCURVE('',#1612,#1617);
#1612 = SPHERICAL_SURFACE('',#1613,0.235);
#1613 = AXIS2_PLACEMENT_3D('',#1614,#1615,#1616);
#1614 = CARTESIAN_POINT('',(-2.4,5.2,0.17));
#1615 = DIRECTION('',(0.,0.,1.));
#1616 = DIRECTION('',(1.,0.,0.));
#1617 = DEFINITIONAL_REPRESENTATION('',(#1618),#1622);
#1618 = LINE('',#1619,#1620);
#1619 = CARTESIAN_POINT('',(0.,0.80872033608));
#1620 = VECTOR('',#1621,1.);
#1621 = DIRECTION('',(1.,0.));
#1622 = ( GEOMETRIC_REPRESENTATION_CONTEXT(2) 
PARAMETRIC_REPRESENTATION_CONTEXT() REPRESENTATION_CONTEXT('2D SPACE',''
  ) );
#1623 = PCURVE('',#1624,#1629);
#1624 = PLANE('',#1625);
#1625 = AXIS2_PLACEMENT_3D('',#1626,#1627,#1628);
#1626 = CARTESIAN_POINT('',(-2.65,4.95,0.34));
#1627 = DIRECTION('',(0.,0.,1.));
#1628 = DIRECTION('',(1.,0.,0.));
#1629 = DEFINITIONAL_REPRESENTATION('',(#1630),#1634);
#1630 = CIRCLE('',#1631,0.162249807396);
#1631 = AXIS2_PLACEMENT_2D('',#1632,#1633);
#1632 = CARTESIAN_POINT('',(0.25,0.25));
#1633 = DIRECTION('',(1.,0.));
#1634 = ( GEOMETRIC_REPRESENTATION_CONTEXT(2) 
PARAMETRIC_REPRESENTATION_CONTEXT() REPRESENTATION_CONTEXT('2D SPACE',''
  ) );
#1635 = ORIENTED_EDGE('',*,*,#1636,.F.);
#1636 = EDGE_CURVE('',#1637,#1603,#1639,.T.);
#1637 = VERTEX_POINT('',#1638);
#1638 = CARTESIAN_POINT('',(-2.237750192604,5.2,-5.551115123126E-17));
#1639 = SEAM_CURVE('',#1640,(#1645,#1652),.PCURVE_S1.);
#1640 = CIRCLE('',#1641,0.235);
#1641 = AXIS2_PLACEMENT_3D('',#1642,#1643,#1644);
#1642 = CARTESIAN_POINT('',(-2.4,5.2,0.17));
#1643 = DIRECTION('',(-2.449293598295E-16,-1.,0.));
#1644 = DIRECTION('',(1.,-2.449293598295E-16,0.));
#1645 = PCURVE('',#1612,#1646);
#1646 = DEFINITIONAL_REPRESENTATION('',(#1647),#1651);
#1647 = LINE('',#1648,#1649);
#1648 = CARTESIAN_POINT('',(6.28318530718,-6.28318530718));
#1649 = VECTOR('',#1650,1.);
#1650 = DIRECTION('',(0.,1.));
#1651 = ( GEOMETRIC_REPRESENTATION_CONTEXT(2) 
PARAMETRIC_REPRESENTATION_CONTEXT() REPRESENTATION_CONTEXT('2D SPACE',''
  ) );
#1652 = PCURVE('',#1612,#1653);
#1653 = DEFINITIONAL_REPRESENTATION('',(#1654),#1658);
#1654 = LINE('',#1655,#1656);
#1655 = CARTESIAN_POINT('',(0.,-6.28318530718));
#1656 = VECTOR('',#1657,1.);
#1657 = DIRECTION('',(0.,1.));
#1658 = ( GEOMETRIC_REPRESENTATION_CONTEXT(2) 
PARAMETRIC_REPRESENTATION_CONTEXT() REPRESENTATION_CONTEXT('2D SPACE',''
  ) );
#1659 = ORIENTED_EDGE('',*,*,#1660,.T.);
#1660 = EDGE_CURVE('',#1637,#1637,#1661,.T.);
#1661 = SURFACE_CURVE('',#1662,(#1667,#1674),.PCURVE_S1.);
#1662 = CIRCLE('',#1663,0.162249807396);
#1663 = AXIS2_PLACEMENT_3D('',#1664,#1665,#1666);
#1664 = CARTESIAN_POINT('',(-2.4,5.2,0.));
#1665 = DIRECTION('',(0.,0.,1.));
#1666 = DIRECTION('',(1.,0.,-0.));
#1667 = PCURVE('',#1612,#1668);
#1668 = DEFINITIONAL_REPRESENTATION('',(#1669),#1673);
#1669 = LINE('',#1670,#1671);
#1670 = CARTESIAN_POINT('',(0.,-0.80872033608));
#1671 = VECTOR('',#1672,1.);
#1672 = DIRECTION('',(1.,0.));
#1673 = ( GEOMETRIC_REPRESENTATION_CONTEXT(2) 
PARAMETRIC_REPRESENTATION_CONTEXT() REPRESENTATION_CONTEXT('2D SPACE',''
  ) );
#1674 = PCURVE('',#1675,#1680);
#1675 = PLANE('',#1676);
#1676 = AXIS2_PLACEMENT_3D('',#1677,#1678,#1679);
#1677 = CARTESIAN_POINT('',(-2.65,4.95,0.));
#1678 = DIRECTION('',(0.,0.,1.));
#1679 = DIRECTION('',(1.,0.,0.));
#1680 = DEFINITIONAL_REPRESENTATION('',(#1681),#1685);
#1681 = CIRCLE('',#1682,0.162249807396);
#1682 = AXIS2_PLACEMENT_2D('',#1683,#1684);
#1683 = CARTESIAN_POINT('',(0.25,0.25));
#1684 = DIRECTION('',(1.,0.));
#1685 = ( GEOMETRIC_REPRESENTATION_CONTEXT(2) 
PARAMETRIC_REPRESENTATION_CONTEXT() REPRESENTATION_CONTEXT('2D SPACE',''
  ) );
#1686 = ORIENTED_EDGE('',*,*,#1636,.T.);
#1687 = ADVANCED_FACE('',(#1688),#1624,.T.);
#1688 = FACE_BOUND('',#1689,.T.);
#1689 = EDGE_LOOP('',(#1690));
#1690 = ORIENTED_EDGE('',*,*,#1602,.T.);
#1691 = ADVANCED_FACE('',(#1692),#1675,.F.);
#1692 = FACE_BOUND('',#1693,.F.);
#1693 = EDGE_LOOP('',(#1694));
#1694 = ORIENTED_EDGE('',*,*,#1660,.T.);
#1695 = ( GEOMETRIC_REPRESENTATION_CONTEXT(3) 
GLOBAL_UNCERTAINTY_ASSIGNED_CONTEXT((#1699)) 
GLOBAL_UNIT_ASSIGNED_CONTEXT((#1696,#1697,#1698)) REPRESENTATION_CONTEXT
('Context #1','3D Context with UNIT and UNCERTAINTY') );
#1696 = ( LENGTH_UNIT() NAMED_UNIT(*) SI_UNIT(.MILLI.,.METRE.) );
#1697 = ( NAMED_UNIT(*) PLANE_ANGLE_UNIT() SI_UNIT($,.RADIAN.) );
#1698 = ( NAMED_UNIT(*) SI_UNIT($,.STERADIAN.) SOLID_ANGLE_UNIT() );
#1699 = UNCERTAINTY_MEASURE_WITH_UNIT(LENGTH_MEASURE(1.E-07),#1696,
  'distance_accuracy_value','confusion accuracy');
#1700 = CONTEXT_DEPENDENT_SHAPE_REPRESENTATION(#1701,#1703);
#1701 = ( REPRESENTATION_RELATIONSHIP('','',#1595,#10) 
REPRESENTATION_RELATIONSHIP_WITH_TRANSFORMATION(#1702) 
SHAPE_REPRESENTATION_RELATIONSHIP() );
#1702 = ITEM_DEFINED_TRANSFORMATION('','',#11,#47);
#1703 = PRODUCT_DEFINITION_SHAPE('Placement','Placement of an item',
  #1704);
#1704 = NEXT_ASSEMBLY_USAGE_OCCURRENCE('53','Ball_B2','',#5,#1590,$);
#1705 = PRODUCT_RELATED_PRODUCT_CATEGORY('part',$,(#1592));
#1706 = SHAPE_DEFINITION_REPRESENTATION(#1707,#1713);
#1707 = PRODUCT_DEFINITION_SHAPE('','',#1708);
#1708 = PRODUCT_DEFINITION('design','',#1709,#1712);
#1709 = PRODUCT_DEFINITION_FORMATION('','',#1710);
#1710 = PRODUCT('Ball_B3','Ball_B3','',(#1711));
#1711 = PRODUCT_CONTEXT('',#2,'mechanical');
#1712 = PRODUCT_DEFINITION_CONTEXT('part definition',#2,'design');
#1713 = ADVANCED_BREP_SHAPE_REPRESENTATION('',(#11,#1714),#1813);
#1714 = MANIFOLD_SOLID_BREP('',#1715);
#1715 = CLOSED_SHELL('',(#1716,#1805,#1809));
#1716 = ADVANCED_FACE('',(#1717),#1730,.T.);
#1717 = FACE_BOUND('',#1718,.T.);
#1718 = EDGE_LOOP('',(#1719,#1753,#1777,#1804));
#1719 = ORIENTED_EDGE('',*,*,#1720,.F.);
#1720 = EDGE_CURVE('',#1721,#1721,#1723,.T.);
#1721 = VERTEX_POINT('',#1722);
#1722 = CARTESIAN_POINT('',(-1.437750192604,5.2,0.34));
#1723 = SURFACE_CURVE('',#1724,(#1729,#1741),.PCURVE_S1.);
#1724 = CIRCLE('',#1725,0.162249807396);
#1725 = AXIS2_PLACEMENT_3D('',#1726,#1727,#1728);
#1726 = CARTESIAN_POINT('',(-1.6,5.2,0.34));
#1727 = DIRECTION('',(0.,0.,1.));
#1728 = DIRECTION('',(1.,0.,-0.));
#1729 = PCURVE('',#1730,#1735);
#1730 = SPHERICAL_SURFACE('',#1731,0.235);
#1731 = AXIS2_PLACEMENT_3D('',#1732,#1733,#1734);
#1732 = CARTESIAN_POINT('',(-1.6,5.2,0.17));
#1733 = DIRECTION('',(0.,0.,1.));
#1734 = DIRECTION('',(1.,0.,0.));
#1735 = DEFINITIONAL_REPRESENTATION('',(#1736),#1740);
#1736 = LINE('',#1737,#1738);
#1737 = CARTESIAN_POINT('',(0.,0.80872033608));
#1738 = VECTOR('',#1739,1.);
#1739 = DIRECTION('',(1.,0.));
#1740 = ( GEOMETRIC_REPRESENTATION_CONTEXT(2) 
PARAMETRIC_REPRESENTATION_CONTEXT() REPRESENTATION_CONTEXT('2D SPACE',''
  ) );
#1741 = PCURVE('',#1742,#1747);
#1742 = PLANE('',#1743);
#1743 = AXIS2_PLACEMENT_3D('',#1744,#1745,#1746);
#1744 = CARTESIAN_POINT('',(-1.85,4.95,0.34));
#1745 = DIRECTION('',(0.,0.,1.));
#1746 = DIRECTION('',(1.,0.,0.));
#1747 = DEFINITIONAL_REPRESENTATION('',(#1748),#1752);
#1748 = CIRCLE('',#1749,0.162249807396);
#1749 = AXIS2_PLACEMENT_2D('',#1750,#1751);
#1750 = CARTESIAN_POINT('',(0.25,0.25));
#1751 = DIRECTION('',(1.,0.));
#1752 = ( GEOMETRIC_REPRESENTATION_CONTEXT(2) 
PARAMETRIC_REPRESENTATION_CONTEXT() REPRESENTATION_CONTEXT('2D SPACE',''
  ) );
#1753 = ORIENTED_EDGE('',*,*,#1754,.F.);
#1754 = EDGE_CURVE('',#1755,#1721,#1757,.T.);
#1755 = VERTEX_POINT('',#1756);
#1756 = CARTESIAN_POINT('',(-1.437750192604,5.2,-5.551115123126E-17));
#1757 = SEAM_CURVE('',#1758,(#1763,#1770),.PCURVE_S1.);
#1758 = CIRCLE('',#1759,0.235);
#1759 = AXIS2_PLACEMENT_3D('',#1760,#1761,#1762);
#1760 = CARTESIAN_POINT('',(-1.6,5.2,0.17));
#1761 = DIRECTION('',(-2.449293598295E-16,-1.,0.));
#1762 = DIRECTION('',(1.,-2.449293598295E-16,0.));
#1763 = PCURVE('',#1730,#1764);
#1764 = DEFINITIONAL_REPRESENTATION('',(#1765),#1769);
#1765 = LINE('',#1766,#1767);
#1766 = CARTESIAN_POINT('',(6.28318530718,-6.28318530718));
#1767 = VECTOR('',#1768,1.);
#1768 = DIRECTION('',(0.,1.));
#1769 = ( GEOMETRIC_REPRESENTATION_CONTEXT(2) 
PARAMETRIC_REPRESENTATION_CONTEXT() REPRESENTATION_CONTEXT('2D SPACE',''
  ) );
#1770 = PCURVE('',#1730,#1771);
#1771 = DEFINITIONAL_REPRESENTATION('',(#1772),#1776);
#1772 = LINE('',#1773,#1774);
#1773 = CARTESIAN_POINT('',(0.,-6.28318530718));
#1774 = VECTOR('',#1775,1.);
#1775 = DIRECTION('',(0.,1.));
#1776 = ( GEOMETRIC_REPRESENTATION_CONTEXT(2) 
PARAMETRIC_REPRESENTATION_CONTEXT() REPRESENTATION_CONTEXT('2D SPACE',''
  ) );
#1777 = ORIENTED_EDGE('',*,*,#1778,.T.);
#1778 = EDGE_CURVE('',#1755,#1755,#1779,.T.);
#1779 = SURFACE_CURVE('',#1780,(#1785,#1792),.PCURVE_S1.);
#1780 = CIRCLE('',#1781,0.162249807396);
#1781 = AXIS2_PLACEMENT_3D('',#1782,#1783,#1784);
#1782 = CARTESIAN_POINT('',(-1.6,5.2,0.));
#1783 = DIRECTION('',(0.,0.,1.));
#1784 = DIRECTION('',(1.,0.,-0.));
#1785 = PCURVE('',#1730,#1786);
#1786 = DEFINITIONAL_REPRESENTATION('',(#1787),#1791);
#1787 = LINE('',#1788,#1789);
#1788 = CARTESIAN_POINT('',(0.,-0.80872033608));
#1789 = VECTOR('',#1790,1.);
#1790 = DIRECTION('',(1.,0.));
#1791 = ( GEOMETRIC_REPRESENTATION_CONTEXT(2) 
PARAMETRIC_REPRESENTATION_CONTEXT() REPRESENTATION_CONTEXT('2D SPACE',''
  ) );
#1792 = PCURVE('',#1793,#1798);
#1793 = PLANE('',#1794);
#1794 = AXIS2_PLACEMENT_3D('',#1795,#1796,#1797);
#1795 = CARTESIAN_POINT('',(-1.85,4.95,0.));
#1796 = DIRECTION('',(0.,0.,1.));
#1797 = DIRECTION('',(1.,0.,0.));
#1798 = DEFINITIONAL_REPRESENTATION('',(#1799),#1803);
#1799 = CIRCLE('',#1800,0.162249807396);
#1800 = AXIS2_PLACEMENT_2D('',#1801,#1802);
#1801 = CARTESIAN_POINT('',(0.25,0.25));
#1802 = DIRECTION('',(1.,0.));
#1803 = ( GEOMETRIC_REPRESENTATION_CONTEXT(2) 
PARAMETRIC_REPRESENTATION_CONTEXT() REPRESENTATION_CONTEXT('2D SPACE',''
  ) );
#1804 = ORIENTED_EDGE('',*,*,#1754,.T.);
#1805 = ADVANCED_FACE('',(#1806),#1742,.T.);
#1806 = FACE_BOUND('',#1807,.T.);
#1807 = EDGE_LOOP('',(#1808));
#1808 = ORIENTED_EDGE('',*,*,#1720,.T.);
#1809 = ADVANCED_FACE('',(#1810),#1793,.F.);
#1810 = FACE_BOUND('',#1811,.F.);
#1811 = EDGE_LOOP('',(#1812));
#1812 = ORIENTED_EDGE('',*,*,#1778,.T.);
#1813 = ( GEOMETRIC_REPRESENTATION_CONTEXT(3) 
GLOBAL_UNCERTAINTY_ASSIGNED_CONTEXT((#1817)) 
GLOBAL_UNIT_ASSIGNED_CONTEXT((#1814,#1815,#1816)) REPRESENTATION_CONTEXT
('Context #1','3D Context with UNIT and UNCERTAINTY') );
#1814 = ( LENGTH_UNIT() NAMED_UNIT(*) SI_UNIT(.MILLI.,.METRE.) );
#1815 = ( NAMED_UNIT(*) PLANE_ANGLE_UNIT() SI_UNIT($,.RADIAN.) );
#1816 = ( NAMED_UNIT(*) SI_UNIT($,.STERADIAN.) SOLID_ANGLE_UNIT() );
#1817 = UNCERTAINTY_MEASURE_WITH_UNIT(LENGTH_MEASURE(1.E-07),#1814,
  'distance_accuracy_value','confusion accuracy');
#1818 = CONTEXT_DEPENDENT_SHAPE_REPRESENTATION(#1819,#1821);
#1819 = ( REPRESENTATION_RELATIONSHIP('','',#1713,#10) 
REPRESENTATION_RELATIONSHIP_WITH_TRANSFORMATION(#1820) 
SHAPE_REPRESENTATION_RELATIONSHIP() );
#1820 = ITEM_DEFINED_TRANSFORMATION('','',#11,#51);
#1821 = PRODUCT_DEFINITION_SHAPE('Placement','Placement of an item',
  #1822);
#1822 = NEXT_ASSEMBLY_USAGE_OCCURRENCE('54','Ball_B3','',#5,#1708,$);
#1823 = PRODUCT_RELATED_PRODUCT_CATEGORY('part',$,(#1710));
#1824 = SHAPE_DEFINITION_REPRESENTATION(#1825,#1831);
#1825 = PRODUCT_DEFINITION_SHAPE('','',#1826);
#1826 = PRODUCT_DEFINITION('design','',#1827,#1830);
#1827 = PRODUCT_DEFINITION_FORMATION('','',#1828);
#1828 = PRODUCT('Ball_B7','Ball_B7','',(#1829));
#1829 = PRODUCT_CONTEXT('',#2,'mechanical');
#1830 = PRODUCT_DEFINITION_CONTEXT('part definition',#2,'design');
#1831 = ADVANCED_BREP_SHAPE_REPRESENTATION('',(#11,#1832),#1931);
#1832 = MANIFOLD_SOLID_BREP('',#1833);
#1833 = CLOSED_SHELL('',(#1834,#1923,#1927));
#1834 = ADVANCED_FACE('',(#1835),#1848,.T.);
#1835 = FACE_BOUND('',#1836,.T.);
#1836 = EDGE_LOOP('',(#1837,#1871,#1895,#1922));
#1837 = ORIENTED_EDGE('',*,*,#1838,.F.);
#1838 = EDGE_CURVE('',#1839,#1839,#1841,.T.);
#1839 = VERTEX_POINT('',#1840);
#1840 = CARTESIAN_POINT('',(1.762249807396,5.2,0.34));
#1841 = SURFACE_CURVE('',#1842,(#1847,#1859),.PCURVE_S1.);
#1842 = CIRCLE('',#1843,0.162249807396);
#1843 = AXIS2_PLACEMENT_3D('',#1844,#1845,#1846);
#1844 = CARTESIAN_POINT('',(1.6,5.2,0.34));
#1845 = DIRECTION('',(0.,0.,1.));
#1846 = DIRECTION('',(1.,0.,-0.));
#1847 = PCURVE('',#1848,#1853);
#1848 = SPHERICAL_SURFACE('',#1849,0.235);
#1849 = AXIS2_PLACEMENT_3D('',#1850,#1851,#1852);
#1850 = CARTESIAN_POINT('',(1.6,5.2,0.17));
#1851 = DIRECTION('',(0.,0.,1.));
#1852 = DIRECTION('',(1.,0.,0.));
#1853 = DEFINITIONAL_REPRESENTATION('',(#1854),#1858);
#1854 = LINE('',#1855,#1856);
#1855 = CARTESIAN_POINT('',(0.,0.80872033608));
#1856 = VECTOR('',#1857,1.);
#1857 = DIRECTION('',(1.,0.));
#1858 = ( GEOMETRIC_REPRESENTATION_CONTEXT(2) 
PARAMETRIC_REPRESENTATION_CONTEXT() REPRESENTATION_CONTEXT('2D SPACE',''
  ) );
#1859 = PCURVE('',#1860,#1865);
#1860 = PLANE('',#1861);
#1861 = AXIS2_PLACEMENT_3D('',#1862,#1863,#1864);
#1862 = CARTESIAN_POINT('',(1.35,4.95,0.34));
#1863 = DIRECTION('',(0.,0.,1.));
#1864 = DIRECTION('',(1.,0.,0.));
#1865 = DEFINITIONAL_REPRESENTATION('',(#1866),#1870);
#1866 = CIRCLE('',#1867,0.162249807396);
#1867 = AXIS2_PLACEMENT_2D('',#1868,#1869);
#1868 = CARTESIAN_POINT('',(0.25,0.25));
#1869 = DIRECTION('',(1.,0.));
#1870 = ( GEOMETRIC_REPRESENTATION_CONTEXT(2) 
PARAMETRIC_REPRESENTATION_CONTEXT() REPRESENTATION_CONTEXT('2D SPACE',''
  ) );
#1871 = ORIENTED_EDGE('',*,*,#1872,.F.);
#1872 = EDGE_CURVE('',#1873,#1839,#1875,.T.);
#1873 = VERTEX_POINT('',#1874);
#1874 = CARTESIAN_POINT('',(1.762249807396,5.2,-5.551115123126E-17));
#1875 = SEAM_CURVE('',#1876,(#1881,#1888),.PCURVE_S1.);
#1876 = CIRCLE('',#1877,0.235);
#1877 = AXIS2_PLACEMENT_3D('',#1878,#1879,#1880);
#1878 = CARTESIAN_POINT('',(1.6,5.2,0.17));
#1879 = DIRECTION('',(-2.449293598295E-16,-1.,0.));
#1880 = DIRECTION('',(1.,-2.449293598295E-16,0.));
#1881 = PCURVE('',#1848,#1882);
#1882 = DEFINITIONAL_REPRESENTATION('',(#1883),#1887);
#1883 = LINE('',#1884,#1885);
#1884 = CARTESIAN_POINT('',(6.28318530718,-6.28318530718));
#1885 = VECTOR('',#1886,1.);
#1886 = DIRECTION('',(0.,1.));
#1887 = ( GEOMETRIC_REPRESENTATION_CONTEXT(2) 
PARAMETRIC_REPRESENTATION_CONTEXT() REPRESENTATION_CONTEXT('2D SPACE',''
  ) );
#1888 = PCURVE('',#1848,#1889);
#1889 = DEFINITIONAL_REPRESENTATION('',(#1890),#1894);
#1890 = LINE('',#1891,#1892);
#1891 = CARTESIAN_POINT('',(0.,-6.28318530718));
#1892 = VECTOR('',#1893,1.);
#1893 = DIRECTION('',(0.,1.));
#1894 = ( GEOMETRIC_REPRESENTATION_CONTEXT(2) 
PARAMETRIC_REPRESENTATION_CONTEXT() REPRESENTATION_CONTEXT('2D SPACE',''
  ) );
#1895 = ORIENTED_EDGE('',*,*,#1896,.T.);
#1896 = EDGE_CURVE('',#1873,#1873,#1897,.T.);
#1897 = SURFACE_CURVE('',#1898,(#1903,#1910),.PCURVE_S1.);
#1898 = CIRCLE('',#1899,0.162249807396);
#1899 = AXIS2_PLACEMENT_3D('',#1900,#1901,#1902);
#1900 = CARTESIAN_POINT('',(1.6,5.2,0.));
#1901 = DIRECTION('',(0.,0.,1.));
#1902 = DIRECTION('',(1.,0.,-0.));
#1903 = PCURVE('',#1848,#1904);
#1904 = DEFINITIONAL_REPRESENTATION('',(#1905),#1909);
#1905 = LINE('',#1906,#1907);
#1906 = CARTESIAN_POINT('',(0.,-0.80872033608));
#1907 = VECTOR('',#1908,1.);
#1908 = DIRECTION('',(1.,0.));
#1909 = ( GEOMETRIC_REPRESENTATION_CONTEXT(2) 
PARAMETRIC_REPRESENTATION_CONTEXT() REPRESENTATION_CONTEXT('2D SPACE',''
  ) );
#1910 = PCURVE('',#1911,#1916);
#1911 = PLANE('',#1912);
#1912 = AXIS2_PLACEMENT_3D('',#1913,#1914,#1915);
#1913 = CARTESIAN_POINT('',(1.35,4.95,0.));
#1914 = DIRECTION('',(0.,0.,1.));
#1915 = DIRECTION('',(1.,0.,0.));
#1916 = DEFINITIONAL_REPRESENTATION('',(#1917),#1921);
#1917 = CIRCLE('',#1918,0.162249807396);
#1918 = AXIS2_PLACEMENT_2D('',#1919,#1920);
#1919 = CARTESIAN_POINT('',(0.25,0.25));
#1920 = DIRECTION('',(1.,0.));
#1921 = ( GEOMETRIC_REPRESENTATION_CONTEXT(2) 
PARAMETRIC_REPRESENTATION_CONTEXT() REPRESENTATION_CONTEXT('2D SPACE',''
  ) );
#1922 = ORIENTED_EDGE('',*,*,#1872,.T.);
#1923 = ADVANCED_FACE('',(#1924),#1860,.T.);
#1924 = FACE_BOUND('',#1925,.T.);
#1925 = EDGE_LOOP('',(#1926));
#1926 = ORIENTED_EDGE('',*,*,#1838,.T.);
#1927 = ADVANCED_FACE('',(#1928),#1911,.F.);
#1928 = FACE_BOUND('',#1929,.F.);
#1929 = EDGE_LOOP('',(#1930));
#1930 = ORIENTED_EDGE('',*,*,#1896,.T.);
#1931 = ( GEOMETRIC_REPRESENTATION_CONTEXT(3) 
GLOBAL_UNCERTAINTY_ASSIGNED_CONTEXT((#1935)) 
GLOBAL_UNIT_ASSIGNED_CONTEXT((#1932,#1933,#1934)) REPRESENTATION_CONTEXT
('Context #1','3D Context with UNIT and UNCERTAINTY') );
#1932 = ( LENGTH_UNIT() NAMED_UNIT(*) SI_UNIT(.MILLI.,.METRE.) );
#1933 = ( NAMED_UNIT(*) PLANE_ANGLE_UNIT() SI_UNIT($,.RADIAN.) );
#1934 = ( NAMED_UNIT(*) SI_UNIT($,.STERADIAN.) SOLID_ANGLE_UNIT() );
#1935 = UNCERTAINTY_MEASURE_WITH_UNIT(LENGTH_MEASURE(1.E-07),#1932,
  'distance_accuracy_value','confusion accuracy');
#1936 = CONTEXT_DEPENDENT_SHAPE_REPRESENTATION(#1937,#1939);
#1937 = ( REPRESENTATION_RELATIONSHIP('','',#1831,#10) 
REPRESENTATION_RELATIONSHIP_WITH_TRANSFORMATION(#1938) 
SHAPE_REPRESENTATION_RELATIONSHIP() );
#1938 = ITEM_DEFINED_TRANSFORMATION('','',#11,#55);
#1939 = PRODUCT_DEFINITION_SHAPE('Placement','Placement of an item',
  #1940);
#1940 = NEXT_ASSEMBLY_USAGE_OCCURRENCE('55','Ball_B7','',#5,#1826,$);
#1941 = PRODUCT_RELATED_PRODUCT_CATEGORY('part',$,(#1828));
#1942 = SHAPE_DEFINITION_REPRESENTATION(#1943,#1949);
#1943 = PRODUCT_DEFINITION_SHAPE('','',#1944);
#1944 = PRODUCT_DEFINITION('design','',#1945,#1948);
#1945 = PRODUCT_DEFINITION_FORMATION('','',#1946);
#1946 = PRODUCT('Ball_B8','Ball_B8','',(#1947));
#1947 = PRODUCT_CONTEXT('',#2,'mechanical');
#1948 = PRODUCT_DEFINITION_CONTEXT('part definition',#2,'design');
#1949 = ADVANCED_BREP_SHAPE_REPRESENTATION('',(#11,#1950),#2049);
#1950 = MANIFOLD_SOLID_BREP('',#1951);
#1951 = CLOSED_SHELL('',(#1952,#2041,#2045));
#1952 = ADVANCED_FACE('',(#1953),#1966,.T.);
#1953 = FACE_BOUND('',#1954,.T.);
#1954 = EDGE_LOOP('',(#1955,#1989,#2013,#2040));
#1955 = ORIENTED_EDGE('',*,*,#1956,.F.);
#1956 = EDGE_CURVE('',#1957,#1957,#1959,.T.);
#1957 = VERTEX_POINT('',#1958);
#1958 = CARTESIAN_POINT('',(2.562249807396,5.2,0.34));
#1959 = SURFACE_CURVE('',#1960,(#1965,#1977),.PCURVE_S1.);
#1960 = CIRCLE('',#1961,0.162249807396);
#1961 = AXIS2_PLACEMENT_3D('',#1962,#1963,#1964);
#1962 = CARTESIAN_POINT('',(2.4,5.2,0.34));
#1963 = DIRECTION('',(0.,0.,1.));
#1964 = DIRECTION('',(1.,0.,-0.));
#1965 = PCURVE('',#1966,#1971);
#1966 = SPHERICAL_SURFACE('',#1967,0.235);
#1967 = AXIS2_PLACEMENT_3D('',#1968,#1969,#1970);
#1968 = CARTESIAN_POINT('',(2.4,5.2,0.17));
#1969 = DIRECTION('',(0.,0.,1.));
#1970 = DIRECTION('',(1.,0.,0.));
#1971 = DEFINITIONAL_REPRESENTATION('',(#1972),#1976);
#1972 = LINE('',#1973,#1974);
#1973 = CARTESIAN_POINT('',(0.,0.80872033608));
#1974 = VECTOR('',#1975,1.);
#1975 = DIRECTION('',(1.,0.));
#1976 = ( GEOMETRIC_REPRESENTATION_CONTEXT(2) 
PARAMETRIC_REPRESENTATION_CONTEXT() REPRESENTATION_CONTEXT('2D SPACE',''
  ) );
#1977 = PCURVE('',#1978,#1983);
#1978 = PLANE('',#1979);
#1979 = AXIS2_PLACEMENT_3D('',#1980,#1981,#1982);
#1980 = CARTESIAN_POINT('',(2.15,4.95,0.34));
#1981 = DIRECTION('',(0.,0.,1.));
#1982 = DIRECTION('',(1.,0.,0.));
#1983 = DEFINITIONAL_REPRESENTATION('',(#1984),#1988);
#1984 = CIRCLE('',#1985,0.162249807396);
#1985 = AXIS2_PLACEMENT_2D('',#1986,#1987);
#1986 = CARTESIAN_POINT('',(0.25,0.25));
#1987 = DIRECTION('',(1.,0.));
#1988 = ( GEOMETRIC_REPRESENTATION_CONTEXT(2) 
PARAMETRIC_REPRESENTATION_CONTEXT() REPRESENTATION_CONTEXT('2D SPACE',''
  ) );
#1989 = ORIENTED_EDGE('',*,*,#1990,.F.);
#1990 = EDGE_CURVE('',#1991,#1957,#1993,.T.);
#1991 = VERTEX_POINT('',#1992);
#1992 = CARTESIAN_POINT('',(2.562249807396,5.2,-5.551115123126E-17));
#1993 = SEAM_CURVE('',#1994,(#1999,#2006),.PCURVE_S1.);
#1994 = CIRCLE('',#1995,0.235);
#1995 = AXIS2_PLACEMENT_3D('',#1996,#1997,#1998);
#1996 = CARTESIAN_POINT('',(2.4,5.2,0.17));
#1997 = DIRECTION('',(-2.449293598295E-16,-1.,0.));
#1998 = DIRECTION('',(1.,-2.449293598295E-16,0.));
#1999 = PCURVE('',#1966,#2000);
#2000 = DEFINITIONAL_REPRESENTATION('',(#2001),#2005);
#2001 = LINE('',#2002,#2003);
#2002 = CARTESIAN_POINT('',(6.28318530718,-6.28318530718));
#2003 = VECTOR('',#2004,1.);
#2004 = DIRECTION('',(0.,1.));
#2005 = ( GEOMETRIC_REPRESENTATION_CONTEXT(2) 
PARAMETRIC_REPRESENTATION_CONTEXT() REPRESENTATION_CONTEXT('2D SPACE',''
  ) );
#2006 = PCURVE('',#1966,#2007);
#2007 = DEFINITIONAL_REPRESENTATION('',(#2008),#2012);
#2008 = LINE('',#2009,#2010);
#2009 = CARTESIAN_POINT('',(0.,-6.28318530718));
#2010 = VECTOR('',#2011,1.);
#2011 = DIRECTION('',(0.,1.));
#2012 = ( GEOMETRIC_REPRESENTATION_CONTEXT(2) 
PARAMETRIC_REPRESENTATION_CONTEXT() REPRESENTATION_CONTEXT('2D SPACE',''
  ) );
#2013 = ORIENTED_EDGE('',*,*,#2014,.T.);
#2014 = EDGE_CURVE('',#1991,#1991,#2015,.T.);
#2015 = SURFACE_CURVE('',#2016,(#2021,#2028),.PCURVE_S1.);
#2016 = CIRCLE('',#2017,0.162249807396);
#2017 = AXIS2_PLACEMENT_3D('',#2018,#2019,#2020);
#2018 = CARTESIAN_POINT('',(2.4,5.2,0.));
#2019 = DIRECTION('',(0.,0.,1.));
#2020 = DIRECTION('',(1.,0.,-0.));
#2021 = PCURVE('',#1966,#2022);
#2022 = DEFINITIONAL_REPRESENTATION('',(#2023),#2027);
#2023 = LINE('',#2024,#2025);
#2024 = CARTESIAN_POINT('',(0.,-0.80872033608));
#2025 = VECTOR('',#2026,1.);
#2026 = DIRECTION('',(1.,0.));
#2027 = ( GEOMETRIC_REPRESENTATION_CONTEXT(2) 
PARAMETRIC_REPRESENTATION_CONTEXT() REPRESENTATION_CONTEXT('2D SPACE',''
  ) );
#2028 = PCURVE('',#2029,#2034);
#2029 = PLANE('',#2030);
#2030 = AXIS2_PLACEMENT_3D('',#2031,#2032,#2033);
#2031 = CARTESIAN_POINT('',(2.15,4.95,0.));
#2032 = DIRECTION('',(0.,0.,1.));
#2033 = DIRECTION('',(1.,0.,0.));
#2034 = DEFINITIONAL_REPRESENTATION('',(#2035),#2039);
#2035 = CIRCLE('',#2036,0.162249807396);
#2036 = AXIS2_PLACEMENT_2D('',#2037,#2038);
#2037 = CARTESIAN_POINT('',(0.25,0.25));
#2038 = DIRECTION('',(1.,0.));
#2039 = ( GEOMETRIC_REPRESENTATION_CONTEXT(2) 
PARAMETRIC_REPRESENTATION_CONTEXT() REPRESENTATION_CONTEXT('2D SPACE',''
  ) );
#2040 = ORIENTED_EDGE('',*,*,#1990,.T.);
#2041 = ADVANCED_FACE('',(#2042),#1978,.T.);
#2042 = FACE_BOUND('',#2043,.T.);
#2043 = EDGE_LOOP('',(#2044));
#2044 = ORIENTED_EDGE('',*,*,#1956,.T.);
#2045 = ADVANCED_FACE('',(#2046),#2029,.F.);
#2046 = FACE_BOUND('',#2047,.F.);
#2047 = EDGE_LOOP('',(#2048));
#2048 = ORIENTED_EDGE('',*,*,#2014,.T.);
#2049 = ( GEOMETRIC_REPRESENTATION_CONTEXT(3) 
GLOBAL_UNCERTAINTY_ASSIGNED_CONTEXT((#2053)) 
GLOBAL_UNIT_ASSIGNED_CONTEXT((#2050,#2051,#2052)) REPRESENTATION_CONTEXT
('Context #1','3D Context with UNIT and UNCERTAINTY') );
#2050 = ( LENGTH_UNIT() NAMED_UNIT(*) SI_UNIT(.MILLI.,.METRE.) );
#2051 = ( NAMED_UNIT(*) PLANE_ANGLE_UNIT() SI_UNIT($,.RADIAN.) );
#2052 = ( NAMED_UNIT(*) SI_UNIT($,.STERADIAN.) SOLID_ANGLE_UNIT() );
#2053 = UNCERTAINTY_MEASURE_WITH_UNIT(LENGTH_MEASURE(1.E-07),#2050,
  'distance_accuracy_value','confusion accuracy');
#2054 = CONTEXT_DEPENDENT_SHAPE_REPRESENTATION(#2055,#2057);
#2055 = ( REPRESENTATION_RELATIONSHIP('','',#1949,#10) 
REPRESENTATION_RELATIONSHIP_WITH_TRANSFORMATION(#2056) 
SHAPE_REPRESENTATION_RELATIONSHIP() );
#2056 = ITEM_DEFINED_TRANSFORMATION('','',#11,#59);
#2057 = PRODUCT_DEFINITION_SHAPE('Placement','Placement of an item',
  #2058);
#2058 = NEXT_ASSEMBLY_USAGE_OCCURRENCE('56','Ball_B8','',#5,#1944,$);
#2059 = PRODUCT_RELATED_PRODUCT_CATEGORY('part',$,(#1946));
#2060 = SHAPE_DEFINITION_REPRESENTATION(#2061,#2067);
#2061 = PRODUCT_DEFINITION_SHAPE('','',#2062);
#2062 = PRODUCT_DEFINITION('design','',#2063,#2066);
#2063 = PRODUCT_DEFINITION_FORMATION('','',#2064);
#2064 = PRODUCT('Ball_B9','Ball_B9','',(#2065));
#2065 = PRODUCT_CONTEXT('',#2,'mechanical');
#2066 = PRODUCT_DEFINITION_CONTEXT('part definition',#2,'design');
#2067 = ADVANCED_BREP_SHAPE_REPRESENTATION('',(#11,#2068),#2167);
#2068 = MANIFOLD_SOLID_BREP('',#2069);
#2069 = CLOSED_SHELL('',(#2070,#2159,#2163));
#2070 = ADVANCED_FACE('',(#2071),#2084,.T.);
#2071 = FACE_BOUND('',#2072,.T.);
#2072 = EDGE_LOOP('',(#2073,#2107,#2131,#2158));
#2073 = ORIENTED_EDGE('',*,*,#2074,.F.);
#2074 = EDGE_CURVE('',#2075,#2075,#2077,.T.);
#2075 = VERTEX_POINT('',#2076);
#2076 = CARTESIAN_POINT('',(3.362249807396,5.2,0.34));
#2077 = SURFACE_CURVE('',#2078,(#2083,#2095),.PCURVE_S1.);
#2078 = CIRCLE('',#2079,0.162249807396);
#2079 = AXIS2_PLACEMENT_3D('',#2080,#2081,#2082);
#2080 = CARTESIAN_POINT('',(3.2,5.2,0.34));
#2081 = DIRECTION('',(0.,0.,1.));
#2082 = DIRECTION('',(1.,0.,-0.));
#2083 = PCURVE('',#2084,#2089);
#2084 = SPHERICAL_SURFACE('',#2085,0.235);
#2085 = AXIS2_PLACEMENT_3D('',#2086,#2087,#2088);
#2086 = CARTESIAN_POINT('',(3.2,5.2,0.17));
#2087 = DIRECTION('',(0.,0.,1.));
#2088 = DIRECTION('',(1.,0.,0.));
#2089 = DEFINITIONAL_REPRESENTATION('',(#2090),#2094);
#2090 = LINE('',#2091,#2092);
#2091 = CARTESIAN_POINT('',(0.,0.80872033608));
#2092 = VECTOR('',#2093,1.);
#2093 = DIRECTION('',(1.,0.));
#2094 = ( GEOMETRIC_REPRESENTATION_CONTEXT(2) 
PARAMETRIC_REPRESENTATION_CONTEXT() REPRESENTATION_CONTEXT('2D SPACE',''
  ) );
#2095 = PCURVE('',#2096,#2101);
#2096 = PLANE('',#2097);
#2097 = AXIS2_PLACEMENT_3D('',#2098,#2099,#2100);
#2098 = CARTESIAN_POINT('',(2.95,4.95,0.34));
#2099 = DIRECTION('',(0.,0.,1.));
#2100 = DIRECTION('',(1.,0.,0.));
#2101 = DEFINITIONAL_REPRESENTATION('',(#2102),#2106);
#2102 = CIRCLE('',#2103,0.162249807396);
#2103 = AXIS2_PLACEMENT_2D('',#2104,#2105);
#2104 = CARTESIAN_POINT('',(0.25,0.25));
#2105 = DIRECTION('',(1.,0.));
#2106 = ( GEOMETRIC_REPRESENTATION_CONTEXT(2) 
PARAMETRIC_REPRESENTATION_CONTEXT() REPRESENTATION_CONTEXT('2D SPACE',''
  ) );
#2107 = ORIENTED_EDGE('',*,*,#2108,.F.);
#2108 = EDGE_CURVE('',#2109,#2075,#2111,.T.);
#2109 = VERTEX_POINT('',#2110);
#2110 = CARTESIAN_POINT('',(3.362249807396,5.2,-5.551115123126E-17));
#2111 = SEAM_CURVE('',#2112,(#2117,#2124),.PCURVE_S1.);
#2112 = CIRCLE('',#2113,0.235);
#2113 = AXIS2_PLACEMENT_3D('',#2114,#2115,#2116);
#2114 = CARTESIAN_POINT('',(3.2,5.2,0.17));
#2115 = DIRECTION('',(-2.449293598295E-16,-1.,0.));
#2116 = DIRECTION('',(1.,-2.449293598295E-16,0.));
#2117 = PCURVE('',#2084,#2118);
#2118 = DEFINITIONAL_REPRESENTATION('',(#2119),#2123);
#2119 = LINE('',#2120,#2121);
#2120 = CARTESIAN_POINT('',(6.28318530718,-6.28318530718));
#2121 = VECTOR('',#2122,1.);
#2122 = DIRECTION('',(0.,1.));
#2123 = ( GEOMETRIC_REPRESENTATION_CONTEXT(2) 
PARAMETRIC_REPRESENTATION_CONTEXT() REPRESENTATION_CONTEXT('2D SPACE',''
  ) );
#2124 = PCURVE('',#2084,#2125);
#2125 = DEFINITIONAL_REPRESENTATION('',(#2126),#2130);
#2126 = LINE('',#2127,#2128);
#2127 = CARTESIAN_POINT('',(0.,-6.28318530718));
#2128 = VECTOR('',#2129,1.);
#2129 = DIRECTION('',(0.,1.));
#2130 = ( GEOMETRIC_REPRESENTATION_CONTEXT(2) 
PARAMETRIC_REPRESENTATION_CONTEXT() REPRESENTATION_CONTEXT('2D SPACE',''
  ) );
#2131 = ORIENTED_EDGE('',*,*,#2132,.T.);
#2132 = EDGE_CURVE('',#2109,#2109,#2133,.T.);
#2133 = SURFACE_CURVE('',#2134,(#2139,#2146),.PCURVE_S1.);
#2134 = CIRCLE('',#2135,0.162249807396);
#2135 = AXIS2_PLACEMENT_3D('',#2136,#2137,#2138);
#2136 = CARTESIAN_POINT('',(3.2,5.2,0.));
#2137 = DIRECTION('',(0.,0.,1.));
#2138 = DIRECTION('',(1.,0.,-0.));
#2139 = PCURVE('',#2084,#2140);
#2140 = DEFINITIONAL_REPRESENTATION('',(#2141),#2145);
#2141 = LINE('',#2142,#2143);
#2142 = CARTESIAN_POINT('',(0.,-0.80872033608));
#2143 = VECTOR('',#2144,1.);
#2144 = DIRECTION('',(1.,0.));
#2145 = ( GEOMETRIC_REPRESENTATION_CONTEXT(2) 
PARAMETRIC_REPRESENTATION_CONTEXT() REPRESENTATION_CONTEXT('2D SPACE',''
  ) );
#2146 = PCURVE('',#2147,#2152);
#2147 = PLANE('',#2148);
#2148 = AXIS2_PLACEMENT_3D('',#2149,#2150,#2151);
#2149 = CARTESIAN_POINT('',(2.95,4.95,0.));
#2150 = DIRECTION('',(0.,0.,1.));
#2151 = DIRECTION('',(1.,0.,0.));
#2152 = DEFINITIONAL_REPRESENTATION('',(#2153),#2157);
#2153 = CIRCLE('',#2154,0.162249807396);
#2154 = AXIS2_PLACEMENT_2D('',#2155,#2156);
#2155 = CARTESIAN_POINT('',(0.25,0.25));
#2156 = DIRECTION('',(1.,0.));
#2157 = ( GEOMETRIC_REPRESENTATION_CONTEXT(2) 
PARAMETRIC_REPRESENTATION_CONTEXT() REPRESENTATION_CONTEXT('2D SPACE',''
  ) );
#2158 = ORIENTED_EDGE('',*,*,#2108,.T.);
#2159 = ADVANCED_FACE('',(#2160),#2096,.T.);
#2160 = FACE_BOUND('',#2161,.T.);
#2161 = EDGE_LOOP('',(#2162));
#2162 = ORIENTED_EDGE('',*,*,#2074,.T.);
#2163 = ADVANCED_FACE('',(#2164),#2147,.F.);
#2164 = FACE_BOUND('',#2165,.F.);
#2165 = EDGE_LOOP('',(#2166));
#2166 = ORIENTED_EDGE('',*,*,#2132,.T.);
#2167 = ( GEOMETRIC_REPRESENTATION_CONTEXT(3) 
GLOBAL_UNCERTAINTY_ASSIGNED_CONTEXT((#2171)) 
GLOBAL_UNIT_ASSIGNED_CONTEXT((#2168,#2169,#2170)) REPRESENTATION_CONTEXT
('Context #1','3D Context with UNIT and UNCERTAINTY') );
#2168 = ( LENGTH_UNIT() NAMED_UNIT(*) SI_UNIT(.MILLI.,.METRE.) );
#2169 = ( NAMED_UNIT(*) PLANE_ANGLE_UNIT() SI_UNIT($,.RADIAN.) );
#2170 = ( NAMED_UNIT(*) SI_UNIT($,.STERADIAN.) SOLID_ANGLE_UNIT() );
#2171 = UNCERTAINTY_MEASURE_WITH_UNIT(LENGTH_MEASURE(1.E-07),#2168,
  'distance_accuracy_value','confusion accuracy');
#2172 = CONTEXT_DEPENDENT_SHAPE_REPRESENTATION(#2173,#2175);
#2173 = ( REPRESENTATION_RELATIONSHIP('','',#2067,#10) 
REPRESENTATION_RELATIONSHIP_WITH_TRANSFORMATION(#2174) 
SHAPE_REPRESENTATION_RELATIONSHIP() );
#2174 = ITEM_DEFINED_TRANSFORMATION('','',#11,#63);
#2175 = PRODUCT_DEFINITION_SHAPE('Placement','Placement of an item',
  #2176);
#2176 = NEXT_ASSEMBLY_USAGE_OCCURRENCE('57','Ball_B9','',#5,#2062,$);
#2177 = PRODUCT_RELATED_PRODUCT_CATEGORY('part',$,(#2064));
#2178 = SHAPE_DEFINITION_REPRESENTATION(#2179,#2185);
#2179 = PRODUCT_DEFINITION_SHAPE('','',#2180);
#2180 = PRODUCT_DEFINITION('design','',#2181,#2184);
#2181 = PRODUCT_DEFINITION_FORMATION('','',#2182);
#2182 = PRODUCT('Ball_C1','Ball_C1','',(#2183));
#2183 = PRODUCT_CONTEXT('',#2,'mechanical');
#2184 = PRODUCT_DEFINITION_CONTEXT('part definition',#2,'design');
#2185 = ADVANCED_BREP_SHAPE_REPRESENTATION('',(#11,#2186),#2285);
#2186 = MANIFOLD_SOLID_BREP('',#2187);
#2187 = CLOSED_SHELL('',(#2188,#2277,#2281));
#2188 = ADVANCED_FACE('',(#2189),#2202,.T.);
#2189 = FACE_BOUND('',#2190,.T.);
#2190 = EDGE_LOOP('',(#2191,#2225,#2249,#2276));
#2191 = ORIENTED_EDGE('',*,*,#2192,.F.);
#2192 = EDGE_CURVE('',#2193,#2193,#2195,.T.);
#2193 = VERTEX_POINT('',#2194);
#2194 = CARTESIAN_POINT('',(-3.037750192604,4.4,0.34));
#2195 = SURFACE_CURVE('',#2196,(#2201,#2213),.PCURVE_S1.);
#2196 = CIRCLE('',#2197,0.162249807396);
#2197 = AXIS2_PLACEMENT_3D('',#2198,#2199,#2200);
#2198 = CARTESIAN_POINT('',(-3.2,4.4,0.34));
#2199 = DIRECTION('',(0.,0.,1.));
#2200 = DIRECTION('',(1.,0.,-0.));
#2201 = PCURVE('',#2202,#2207);
#2202 = SPHERICAL_SURFACE('',#2203,0.235);
#2203 = AXIS2_PLACEMENT_3D('',#2204,#2205,#2206);
#2204 = CARTESIAN_POINT('',(-3.2,4.4,0.17));
#2205 = DIRECTION('',(0.,0.,1.));
#2206 = DIRECTION('',(1.,0.,0.));
#2207 = DEFINITIONAL_REPRESENTATION('',(#2208),#2212);
#2208 = LINE('',#2209,#2210);
#2209 = CARTESIAN_POINT('',(0.,0.80872033608));
#2210 = VECTOR('',#2211,1.);
#2211 = DIRECTION('',(1.,0.));
#2212 = ( GEOMETRIC_REPRESENTATION_CONTEXT(2) 
PARAMETRIC_REPRESENTATION_CONTEXT() REPRESENTATION_CONTEXT('2D SPACE',''
  ) );
#2213 = PCURVE('',#2214,#2219);
#2214 = PLANE('',#2215);
#2215 = AXIS2_PLACEMENT_3D('',#2216,#2217,#2218);
#2216 = CARTESIAN_POINT('',(-3.45,4.15,0.34));
#2217 = DIRECTION('',(0.,0.,1.));
#2218 = DIRECTION('',(1.,0.,0.));
#2219 = DEFINITIONAL_REPRESENTATION('',(#2220),#2224);
#2220 = CIRCLE('',#2221,0.162249807396);
#2221 = AXIS2_PLACEMENT_2D('',#2222,#2223);
#2222 = CARTESIAN_POINT('',(0.25,0.25));
#2223 = DIRECTION('',(1.,0.));
#2224 = ( GEOMETRIC_REPRESENTATION_CONTEXT(2) 
PARAMETRIC_REPRESENTATION_CONTEXT() REPRESENTATION_CONTEXT('2D SPACE',''
  ) );
#2225 = ORIENTED_EDGE('',*,*,#2226,.F.);
#2226 = EDGE_CURVE('',#2227,#2193,#2229,.T.);
#2227 = VERTEX_POINT('',#2228);
#2228 = CARTESIAN_POINT('',(-3.037750192604,4.4,-5.551115123126E-17));
#2229 = SEAM_CURVE('',#2230,(#2235,#2242),.PCURVE_S1.);
#2230 = CIRCLE('',#2231,0.235);
#2231 = AXIS2_PLACEMENT_3D('',#2232,#2233,#2234);
#2232 = CARTESIAN_POINT('',(-3.2,4.4,0.17));
#2233 = DIRECTION('',(-2.449293598295E-16,-1.,0.));
#2234 = DIRECTION('',(1.,-2.449293598295E-16,0.));
#2235 = PCURVE('',#2202,#2236);
#2236 = DEFINITIONAL_REPRESENTATION('',(#2237),#2241);
#2237 = LINE('',#2238,#2239);
#2238 = CARTESIAN_POINT('',(6.28318530718,-6.28318530718));
#2239 = VECTOR('',#2240,1.);
#2240 = DIRECTION('',(0.,1.));
#2241 = ( GEOMETRIC_REPRESENTATION_CONTEXT(2) 
PARAMETRIC_REPRESENTATION_CONTEXT() REPRESENTATION_CONTEXT('2D SPACE',''
  ) );
#2242 = PCURVE('',#2202,#2243);
#2243 = DEFINITIONAL_REPRESENTATION('',(#2244),#2248);
#2244 = LINE('',#2245,#2246);
#2245 = CARTESIAN_POINT('',(0.,-6.28318530718));
#2246 = VECTOR('',#2247,1.);
#2247 = DIRECTION('',(0.,1.));
#2248 = ( GEOMETRIC_REPRESENTATION_CONTEXT(2) 
PARAMETRIC_REPRESENTATION_CONTEXT() REPRESENTATION_CONTEXT('2D SPACE',''
  ) );
#2249 = ORIENTED_EDGE('',*,*,#2250,.T.);
#2250 = EDGE_CURVE('',#2227,#2227,#2251,.T.);
#2251 = SURFACE_CURVE('',#2252,(#2257,#2264),.PCURVE_S1.);
#2252 = CIRCLE('',#2253,0.162249807396);
#2253 = AXIS2_PLACEMENT_3D('',#2254,#2255,#2256);
#2254 = CARTESIAN_POINT('',(-3.2,4.4,0.));
#2255 = DIRECTION('',(0.,0.,1.));
#2256 = DIRECTION('',(1.,0.,-0.));
#2257 = PCURVE('',#2202,#2258);
#2258 = DEFINITIONAL_REPRESENTATION('',(#2259),#2263);
#2259 = LINE('',#2260,#2261);
#2260 = CARTESIAN_POINT('',(0.,-0.80872033608));
#2261 = VECTOR('',#2262,1.);
#2262 = DIRECTION('',(1.,0.));
#2263 = ( GEOMETRIC_REPRESENTATION_CONTEXT(2) 
PARAMETRIC_REPRESENTATION_CONTEXT() REPRESENTATION_CONTEXT('2D SPACE',''
  ) );
#2264 = PCURVE('',#2265,#2270);
#2265 = PLANE('',#2266);
#2266 = AXIS2_PLACEMENT_3D('',#2267,#2268,#2269);
#2267 = CARTESIAN_POINT('',(-3.45,4.15,0.));
#2268 = DIRECTION('',(0.,0.,1.));
#2269 = DIRECTION('',(1.,0.,0.));
#2270 = DEFINITIONAL_REPRESENTATION('',(#2271),#2275);
#2271 = CIRCLE('',#2272,0.162249807396);
#2272 = AXIS2_PLACEMENT_2D('',#2273,#2274);
#2273 = CARTESIAN_POINT('',(0.25,0.25));
#2274 = DIRECTION('',(1.,0.));
#2275 = ( GEOMETRIC_REPRESENTATION_CONTEXT(2) 
PARAMETRIC_REPRESENTATION_CONTEXT() REPRESENTATION_CONTEXT('2D SPACE',''
  ) );
#2276 = ORIENTED_EDGE('',*,*,#2226,.T.);
#2277 = ADVANCED_FACE('',(#2278),#2214,.T.);
#2278 = FACE_BOUND('',#2279,.T.);
#2279 = EDGE_LOOP('',(#2280));
#2280 = ORIENTED_EDGE('',*,*,#2192,.T.);
#2281 = ADVANCED_FACE('',(#2282),#2265,.F.);
#2282 = FACE_BOUND('',#2283,.F.);
#2283 = EDGE_LOOP('',(#2284));
#2284 = ORIENTED_EDGE('',*,*,#2250,.T.);
#2285 = ( GEOMETRIC_REPRESENTATION_CONTEXT(3) 
GLOBAL_UNCERTAINTY_ASSIGNED_CONTEXT((#2289)) 
GLOBAL_UNIT_ASSIGNED_CONTEXT((#2286,#2287,#2288)) REPRESENTATION_CONTEXT
('Context #1','3D Context with UNIT and UNCERTAINTY') );
#2286 = ( LENGTH_UNIT() NAMED_UNIT(*) SI_UNIT(.MILLI.,.METRE.) );
#2287 = ( NAMED_UNIT(*) PLANE_ANGLE_UNIT() SI_UNIT($,.RADIAN.) );
#2288 = ( NAMED_UNIT(*) SI_UNIT($,.STERADIAN.) SOLID_ANGLE_UNIT() );
#2289 = UNCERTAINTY_MEASURE_WITH_UNIT(LENGTH_MEASURE(1.E-07),#2286,
  'distance_accuracy_value','confusion accuracy');
#2290 = CONTEXT_DEPENDENT_SHAPE_REPRESENTATION(#2291,#2293);
#2291 = ( REPRESENTATION_RELATIONSHIP('','',#2185,#10) 
REPRESENTATION_RELATIONSHIP_WITH_TRANSFORMATION(#2292) 
SHAPE_REPRESENTATION_RELATIONSHIP() );
#2292 = ITEM_DEFINED_TRANSFORMATION('','',#11,#67);
#2293 = PRODUCT_DEFINITION_SHAPE('Placement','Placement of an item',
  #2294);
#2294 = NEXT_ASSEMBLY_USAGE_OCCURRENCE('58','Ball_C1','',#5,#2180,$);
#2295 = PRODUCT_RELATED_PRODUCT_CATEGORY('part',$,(#2182));
#2296 = SHAPE_DEFINITION_REPRESENTATION(#2297,#2303);
#2297 = PRODUCT_DEFINITION_SHAPE('','',#2298);
#2298 = PRODUCT_DEFINITION('design','',#2299,#2302);
#2299 = PRODUCT_DEFINITION_FORMATION('','',#2300);
#2300 = PRODUCT('Ball_C2','Ball_C2','',(#2301));
#2301 = PRODUCT_CONTEXT('',#2,'mechanical');
#2302 = PRODUCT_DEFINITION_CONTEXT('part definition',#2,'design');
#2303 = ADVANCED_BREP_SHAPE_REPRESENTATION('',(#11,#2304),#2403);
#2304 = MANIFOLD_SOLID_BREP('',#2305);
#2305 = CLOSED_SHELL('',(#2306,#2395,#2399));
#2306 = ADVANCED_FACE('',(#2307),#2320,.T.);
#2307 = FACE_BOUND('',#2308,.T.);
#2308 = EDGE_LOOP('',(#2309,#2343,#2367,#2394));
#2309 = ORIENTED_EDGE('',*,*,#2310,.F.);
#2310 = EDGE_CURVE('',#2311,#2311,#2313,.T.);
#2311 = VERTEX_POINT('',#2312);
#2312 = CARTESIAN_POINT('',(-2.237750192604,4.4,0.34));
#2313 = SURFACE_CURVE('',#2314,(#2319,#2331),.PCURVE_S1.);
#2314 = CIRCLE('',#2315,0.162249807396);
#2315 = AXIS2_PLACEMENT_3D('',#2316,#2317,#2318);
#2316 = CARTESIAN_POINT('',(-2.4,4.4,0.34));
#2317 = DIRECTION('',(0.,0.,1.));
#2318 = DIRECTION('',(1.,0.,-0.));
#2319 = PCURVE('',#2320,#2325);
#2320 = SPHERICAL_SURFACE('',#2321,0.235);
#2321 = AXIS2_PLACEMENT_3D('',#2322,#2323,#2324);
#2322 = CARTESIAN_POINT('',(-2.4,4.4,0.17));
#2323 = DIRECTION('',(0.,0.,1.));
#2324 = DIRECTION('',(1.,0.,0.));
#2325 = DEFINITIONAL_REPRESENTATION('',(#2326),#2330);
#2326 = LINE('',#2327,#2328);
#2327 = CARTESIAN_POINT('',(0.,0.80872033608));
#2328 = VECTOR('',#2329,1.);
#2329 = DIRECTION('',(1.,0.));
#2330 = ( GEOMETRIC_REPRESENTATION_CONTEXT(2) 
PARAMETRIC_REPRESENTATION_CONTEXT() REPRESENTATION_CONTEXT('2D SPACE',''
  ) );
#2331 = PCURVE('',#2332,#2337);
#2332 = PLANE('',#2333);
#2333 = AXIS2_PLACEMENT_3D('',#2334,#2335,#2336);
#2334 = CARTESIAN_POINT('',(-2.65,4.15,0.34));
#2335 = DIRECTION('',(0.,0.,1.));
#2336 = DIRECTION('',(1.,0.,0.));
#2337 = DEFINITIONAL_REPRESENTATION('',(#2338),#2342);
#2338 = CIRCLE('',#2339,0.162249807396);
#2339 = AXIS2_PLACEMENT_2D('',#2340,#2341);
#2340 = CARTESIAN_POINT('',(0.25,0.25));
#2341 = DIRECTION('',(1.,0.));
#2342 = ( GEOMETRIC_REPRESENTATION_CONTEXT(2) 
PARAMETRIC_REPRESENTATION_CONTEXT() REPRESENTATION_CONTEXT('2D SPACE',''
  ) );
#2343 = ORIENTED_EDGE('',*,*,#2344,.F.);
#2344 = EDGE_CURVE('',#2345,#2311,#2347,.T.);
#2345 = VERTEX_POINT('',#2346);
#2346 = CARTESIAN_POINT('',(-2.237750192604,4.4,-5.551115123126E-17));
#2347 = SEAM_CURVE('',#2348,(#2353,#2360),.PCURVE_S1.);
#2348 = CIRCLE('',#2349,0.235);
#2349 = AXIS2_PLACEMENT_3D('',#2350,#2351,#2352);
#2350 = CARTESIAN_POINT('',(-2.4,4.4,0.17));
#2351 = DIRECTION('',(-2.449293598295E-16,-1.,0.));
#2352 = DIRECTION('',(1.,-2.449293598295E-16,0.));
#2353 = PCURVE('',#2320,#2354);
#2354 = DEFINITIONAL_REPRESENTATION('',(#2355),#2359);
#2355 = LINE('',#2356,#2357);
#2356 = CARTESIAN_POINT('',(6.28318530718,-6.28318530718));
#2357 = VECTOR('',#2358,1.);
#2358 = DIRECTION('',(0.,1.));
#2359 = ( GEOMETRIC_REPRESENTATION_CONTEXT(2) 
PARAMETRIC_REPRESENTATION_CONTEXT() REPRESENTATION_CONTEXT('2D SPACE',''
  ) );
#2360 = PCURVE('',#2320,#2361);
#2361 = DEFINITIONAL_REPRESENTATION('',(#2362),#2366);
#2362 = LINE('',#2363,#2364);
#2363 = CARTESIAN_POINT('',(0.,-6.28318530718));
#2364 = VECTOR('',#2365,1.);
#2365 = DIRECTION('',(0.,1.));
#2366 = ( GEOMETRIC_REPRESENTATION_CONTEXT(2) 
PARAMETRIC_REPRESENTATION_CONTEXT() REPRESENTATION_CONTEXT('2D SPACE',''
  ) );
#2367 = ORIENTED_EDGE('',*,*,#2368,.T.);
#2368 = EDGE_CURVE('',#2345,#2345,#2369,.T.);
#2369 = SURFACE_CURVE('',#2370,(#2375,#2382),.PCURVE_S1.);
#2370 = CIRCLE('',#2371,0.162249807396);
#2371 = AXIS2_PLACEMENT_3D('',#2372,#2373,#2374);
#2372 = CARTESIAN_POINT('',(-2.4,4.4,0.));
#2373 = DIRECTION('',(0.,0.,1.));
#2374 = DIRECTION('',(1.,0.,-0.));
#2375 = PCURVE('',#2320,#2376);
#2376 = DEFINITIONAL_REPRESENTATION('',(#2377),#2381);
#2377 = LINE('',#2378,#2379);
#2378 = CARTESIAN_POINT('',(0.,-0.80872033608));
#2379 = VECTOR('',#2380,1.);
#2380 = DIRECTION('',(1.,0.));
#2381 = ( GEOMETRIC_REPRESENTATION_CONTEXT(2) 
PARAMETRIC_REPRESENTATION_CONTEXT() REPRESENTATION_CONTEXT('2D SPACE',''
  ) );
#2382 = PCURVE('',#2383,#2388);
#2383 = PLANE('',#2384);
#2384 = AXIS2_PLACEMENT_3D('',#2385,#2386,#2387);
#2385 = CARTESIAN_POINT('',(-2.65,4.15,0.));
#2386 = DIRECTION('',(0.,0.,1.));
#2387 = DIRECTION('',(1.,0.,0.));
#2388 = DEFINITIONAL_REPRESENTATION('',(#2389),#2393);
#2389 = CIRCLE('',#2390,0.162249807396);
#2390 = AXIS2_PLACEMENT_2D('',#2391,#2392);
#2391 = CARTESIAN_POINT('',(0.25,0.25));
#2392 = DIRECTION('',(1.,0.));
#2393 = ( GEOMETRIC_REPRESENTATION_CONTEXT(2) 
PARAMETRIC_REPRESENTATION_CONTEXT() REPRESENTATION_CONTEXT('2D SPACE',''
  ) );
#2394 = ORIENTED_EDGE('',*,*,#2344,.T.);
#2395 = ADVANCED_FACE('',(#2396),#2332,.T.);
#2396 = FACE_BOUND('',#2397,.T.);
#2397 = EDGE_LOOP('',(#2398));
#2398 = ORIENTED_EDGE('',*,*,#2310,.T.);
#2399 = ADVANCED_FACE('',(#2400),#2383,.F.);
#2400 = FACE_BOUND('',#2401,.F.);
#2401 = EDGE_LOOP('',(#2402));
#2402 = ORIENTED_EDGE('',*,*,#2368,.T.);
#2403 = ( GEOMETRIC_REPRESENTATION_CONTEXT(3) 
GLOBAL_UNCERTAINTY_ASSIGNED_CONTEXT((#2407)) 
GLOBAL_UNIT_ASSIGNED_CONTEXT((#2404,#2405,#2406)) REPRESENTATION_CONTEXT
('Context #1','3D Context with UNIT and UNCERTAINTY') );
#2404 = ( LENGTH_UNIT() NAMED_UNIT(*) SI_UNIT(.MILLI.,.METRE.) );
#2405 = ( NAMED_UNIT(*) PLANE_ANGLE_UNIT() SI_UNIT($,.RADIAN.) );
#2406 = ( NAMED_UNIT(*) SI_UNIT($,.STERADIAN.) SOLID_ANGLE_UNIT() );
#2407 = UNCERTAINTY_MEASURE_WITH_UNIT(LENGTH_MEASURE(1.E-07),#2404,
  'distance_accuracy_value','confusion accuracy');
#2408 = CONTEXT_DEPENDENT_SHAPE_REPRESENTATION(#2409,#2411);
#2409 = ( REPRESENTATION_RELATIONSHIP('','',#2303,#10) 
REPRESENTATION_RELATIONSHIP_WITH_TRANSFORMATION(#2410) 
SHAPE_REPRESENTATION_RELATIONSHIP() );
#2410 = ITEM_DEFINED_TRANSFORMATION('','',#11,#71);
#2411 = PRODUCT_DEFINITION_SHAPE('Placement','Placement of an item',
  #2412);
#2412 = NEXT_ASSEMBLY_USAGE_OCCURRENCE('59','Ball_C2','',#5,#2298,$);
#2413 = PRODUCT_RELATED_PRODUCT_CATEGORY('part',$,(#2300));
#2414 = SHAPE_DEFINITION_REPRESENTATION(#2415,#2421);
#2415 = PRODUCT_DEFINITION_SHAPE('','',#2416);
#2416 = PRODUCT_DEFINITION('design','',#2417,#2420);
#2417 = PRODUCT_DEFINITION_FORMATION('','',#2418);
#2418 = PRODUCT('Ball_C3','Ball_C3','',(#2419));
#2419 = PRODUCT_CONTEXT('',#2,'mechanical');
#2420 = PRODUCT_DEFINITION_CONTEXT('part definition',#2,'design');
#2421 = ADVANCED_BREP_SHAPE_REPRESENTATION('',(#11,#2422),#2521);
#2422 = MANIFOLD_SOLID_BREP('',#2423);
#2423 = CLOSED_SHELL('',(#2424,#2513,#2517));
#2424 = ADVANCED_FACE('',(#2425),#2438,.T.);
#2425 = FACE_BOUND('',#2426,.T.);
#2426 = EDGE_LOOP('',(#2427,#2461,#2485,#2512));
#2427 = ORIENTED_EDGE('',*,*,#2428,.F.);
#2428 = EDGE_CURVE('',#2429,#2429,#2431,.T.);
#2429 = VERTEX_POINT('',#2430);
#2430 = CARTESIAN_POINT('',(-1.437750192604,4.4,0.34));
#2431 = SURFACE_CURVE('',#2432,(#2437,#2449),.PCURVE_S1.);
#2432 = CIRCLE('',#2433,0.162249807396);
#2433 = AXIS2_PLACEMENT_3D('',#2434,#2435,#2436);
#2434 = CARTESIAN_POINT('',(-1.6,4.4,0.34));
#2435 = DIRECTION('',(0.,0.,1.));
#2436 = DIRECTION('',(1.,0.,-0.));
#2437 = PCURVE('',#2438,#2443);
#2438 = SPHERICAL_SURFACE('',#2439,0.235);
#2439 = AXIS2_PLACEMENT_3D('',#2440,#2441,#2442);
#2440 = CARTESIAN_POINT('',(-1.6,4.4,0.17));
#2441 = DIRECTION('',(0.,0.,1.));
#2442 = DIRECTION('',(1.,0.,0.));
#2443 = DEFINITIONAL_REPRESENTATION('',(#2444),#2448);
#2444 = LINE('',#2445,#2446);
#2445 = CARTESIAN_POINT('',(0.,0.80872033608));
#2446 = VECTOR('',#2447,1.);
#2447 = DIRECTION('',(1.,0.));
#2448 = ( GEOMETRIC_REPRESENTATION_CONTEXT(2) 
PARAMETRIC_REPRESENTATION_CONTEXT() REPRESENTATION_CONTEXT('2D SPACE',''
  ) );
#2449 = PCURVE('',#2450,#2455);
#2450 = PLANE('',#2451);
#2451 = AXIS2_PLACEMENT_3D('',#2452,#2453,#2454);
#2452 = CARTESIAN_POINT('',(-1.85,4.15,0.34));
#2453 = DIRECTION('',(0.,0.,1.));
#2454 = DIRECTION('',(1.,0.,0.));
#2455 = DEFINITIONAL_REPRESENTATION('',(#2456),#2460);
#2456 = CIRCLE('',#2457,0.162249807396);
#2457 = AXIS2_PLACEMENT_2D('',#2458,#2459);
#2458 = CARTESIAN_POINT('',(0.25,0.25));
#2459 = DIRECTION('',(1.,0.));
#2460 = ( GEOMETRIC_REPRESENTATION_CONTEXT(2) 
PARAMETRIC_REPRESENTATION_CONTEXT() REPRESENTATION_CONTEXT('2D SPACE',''
  ) );
#2461 = ORIENTED_EDGE('',*,*,#2462,.F.);
#2462 = EDGE_CURVE('',#2463,#2429,#2465,.T.);
#2463 = VERTEX_POINT('',#2464);
#2464 = CARTESIAN_POINT('',(-1.437750192604,4.4,-5.551115123126E-17));
#2465 = SEAM_CURVE('',#2466,(#2471,#2478),.PCURVE_S1.);
#2466 = CIRCLE('',#2467,0.235);
#2467 = AXIS2_PLACEMENT_3D('',#2468,#2469,#2470);
#2468 = CARTESIAN_POINT('',(-1.6,4.4,0.17));
#2469 = DIRECTION('',(-2.449293598295E-16,-1.,0.));
#2470 = DIRECTION('',(1.,-2.449293598295E-16,0.));
#2471 = PCURVE('',#2438,#2472);
#2472 = DEFINITIONAL_REPRESENTATION('',(#2473),#2477);
#2473 = LINE('',#2474,#2475);
#2474 = CARTESIAN_POINT('',(6.28318530718,-6.28318530718));
#2475 = VECTOR('',#2476,1.);
#2476 = DIRECTION('',(0.,1.));
#2477 = ( GEOMETRIC_REPRESENTATION_CONTEXT(2) 
PARAMETRIC_REPRESENTATION_CONTEXT() REPRESENTATION_CONTEXT('2D SPACE',''
  ) );
#2478 = PCURVE('',#2438,#2479);
#2479 = DEFINITIONAL_REPRESENTATION('',(#2480),#2484);
#2480 = LINE('',#2481,#2482);
#2481 = CARTESIAN_POINT('',(0.,-6.28318530718));
#2482 = VECTOR('',#2483,1.);
#2483 = DIRECTION('',(0.,1.));
#2484 = ( GEOMETRIC_REPRESENTATION_CONTEXT(2) 
PARAMETRIC_REPRESENTATION_CONTEXT() REPRESENTATION_CONTEXT('2D SPACE',''
  ) );
#2485 = ORIENTED_EDGE('',*,*,#2486,.T.);
#2486 = EDGE_CURVE('',#2463,#2463,#2487,.T.);
#2487 = SURFACE_CURVE('',#2488,(#2493,#2500),.PCURVE_S1.);
#2488 = CIRCLE('',#2489,0.162249807396);
#2489 = AXIS2_PLACEMENT_3D('',#2490,#2491,#2492);
#2490 = CARTESIAN_POINT('',(-1.6,4.4,0.));
#2491 = DIRECTION('',(0.,0.,1.));
#2492 = DIRECTION('',(1.,0.,-0.));
#2493 = PCURVE('',#2438,#2494);
#2494 = DEFINITIONAL_REPRESENTATION('',(#2495),#2499);
#2495 = LINE('',#2496,#2497);
#2496 = CARTESIAN_POINT('',(0.,-0.80872033608));
#2497 = VECTOR('',#2498,1.);
#2498 = DIRECTION('',(1.,0.));
#2499 = ( GEOMETRIC_REPRESENTATION_CONTEXT(2) 
PARAMETRIC_REPRESENTATION_CONTEXT() REPRESENTATION_CONTEXT('2D SPACE',''
  ) );
#2500 = PCURVE('',#2501,#2506);
#2501 = PLANE('',#2502);
#2502 = AXIS2_PLACEMENT_3D('',#2503,#2504,#2505);
#2503 = CARTESIAN_POINT('',(-1.85,4.15,0.));
#2504 = DIRECTION('',(0.,0.,1.));
#2505 = DIRECTION('',(1.,0.,0.));
#2506 = DEFINITIONAL_REPRESENTATION('',(#2507),#2511);
#2507 = CIRCLE('',#2508,0.162249807396);
#2508 = AXIS2_PLACEMENT_2D('',#2509,#2510);
#2509 = CARTESIAN_POINT('',(0.25,0.25));
#2510 = DIRECTION('',(1.,0.));
#2511 = ( GEOMETRIC_REPRESENTATION_CONTEXT(2) 
PARAMETRIC_REPRESENTATION_CONTEXT() REPRESENTATION_CONTEXT('2D SPACE',''
  ) );
#2512 = ORIENTED_EDGE('',*,*,#2462,.T.);
#2513 = ADVANCED_FACE('',(#2514),#2450,.T.);
#2514 = FACE_BOUND('',#2515,.T.);
#2515 = EDGE_LOOP('',(#2516));
#2516 = ORIENTED_EDGE('',*,*,#2428,.T.);
#2517 = ADVANCED_FACE('',(#2518),#2501,.F.);
#2518 = FACE_BOUND('',#2519,.F.);
#2519 = EDGE_LOOP('',(#2520));
#2520 = ORIENTED_EDGE('',*,*,#2486,.T.);
#2521 = ( GEOMETRIC_REPRESENTATION_CONTEXT(3) 
GLOBAL_UNCERTAINTY_ASSIGNED_CONTEXT((#2525)) 
GLOBAL_UNIT_ASSIGNED_CONTEXT((#2522,#2523,#2524)) REPRESENTATION_CONTEXT
('Context #1','3D Context with UNIT and UNCERTAINTY') );
#2522 = ( LENGTH_UNIT() NAMED_UNIT(*) SI_UNIT(.MILLI.,.METRE.) );
#2523 = ( NAMED_UNIT(*) PLANE_ANGLE_UNIT() SI_UNIT($,.RADIAN.) );
#2524 = ( NAMED_UNIT(*) SI_UNIT($,.STERADIAN.) SOLID_ANGLE_UNIT() );
#2525 = UNCERTAINTY_MEASURE_WITH_UNIT(LENGTH_MEASURE(1.E-07),#2522,
  'distance_accuracy_value','confusion accuracy');
#2526 = CONTEXT_DEPENDENT_SHAPE_REPRESENTATION(#2527,#2529);
#2527 = ( REPRESENTATION_RELATIONSHIP('','',#2421,#10) 
REPRESENTATION_RELATIONSHIP_WITH_TRANSFORMATION(#2528) 
SHAPE_REPRESENTATION_RELATIONSHIP() );
#2528 = ITEM_DEFINED_TRANSFORMATION('','',#11,#75);
#2529 = PRODUCT_DEFINITION_SHAPE('Placement','Placement of an item',
  #2530);
#2530 = NEXT_ASSEMBLY_USAGE_OCCURRENCE('60','Ball_C3','',#5,#2416,$);
#2531 = PRODUCT_RELATED_PRODUCT_CATEGORY('part',$,(#2418));
#2532 = SHAPE_DEFINITION_REPRESENTATION(#2533,#2539);
#2533 = PRODUCT_DEFINITION_SHAPE('','',#2534);
#2534 = PRODUCT_DEFINITION('design','',#2535,#2538);
#2535 = PRODUCT_DEFINITION_FORMATION('','',#2536);
#2536 = PRODUCT('Ball_C7','Ball_C7','',(#2537));
#2537 = PRODUCT_CONTEXT('',#2,'mechanical');
#2538 = PRODUCT_DEFINITION_CONTEXT('part definition',#2,'design');
#2539 = ADVANCED_BREP_SHAPE_REPRESENTATION('',(#11,#2540),#2639);
#2540 = MANIFOLD_SOLID_BREP('',#2541);
#2541 = CLOSED_SHELL('',(#2542,#2631,#2635));
#2542 = ADVANCED_FACE('',(#2543),#2556,.T.);
#2543 = FACE_BOUND('',#2544,.T.);
#2544 = EDGE_LOOP('',(#2545,#2579,#2603,#2630));
#2545 = ORIENTED_EDGE('',*,*,#2546,.F.);
#2546 = EDGE_CURVE('',#2547,#2547,#2549,.T.);
#2547 = VERTEX_POINT('',#2548);
#2548 = CARTESIAN_POINT('',(1.762249807396,4.4,0.34));
#2549 = SURFACE_CURVE('',#2550,(#2555,#2567),.PCURVE_S1.);
#2550 = CIRCLE('',#2551,0.162249807396);
#2551 = AXIS2_PLACEMENT_3D('',#2552,#2553,#2554);
#2552 = CARTESIAN_POINT('',(1.6,4.4,0.34));
#2553 = DIRECTION('',(0.,0.,1.));
#2554 = DIRECTION('',(1.,0.,-0.));
#2555 = PCURVE('',#2556,#2561);
#2556 = SPHERICAL_SURFACE('',#2557,0.235);
#2557 = AXIS2_PLACEMENT_3D('',#2558,#2559,#2560);
#2558 = CARTESIAN_POINT('',(1.6,4.4,0.17));
#2559 = DIRECTION('',(0.,0.,1.));
#2560 = DIRECTION('',(1.,0.,0.));
#2561 = DEFINITIONAL_REPRESENTATION('',(#2562),#2566);
#2562 = LINE('',#2563,#2564);
#2563 = CARTESIAN_POINT('',(0.,0.80872033608));
#2564 = VECTOR('',#2565,1.);
#2565 = DIRECTION('',(1.,0.));
#2566 = ( GEOMETRIC_REPRESENTATION_CONTEXT(2) 
PARAMETRIC_REPRESENTATION_CONTEXT() REPRESENTATION_CONTEXT('2D SPACE',''
  ) );
#2567 = PCURVE('',#2568,#2573);
#2568 = PLANE('',#2569);
#2569 = AXIS2_PLACEMENT_3D('',#2570,#2571,#2572);
#2570 = CARTESIAN_POINT('',(1.35,4.15,0.34));
#2571 = DIRECTION('',(0.,0.,1.));
#2572 = DIRECTION('',(1.,0.,0.));
#2573 = DEFINITIONAL_REPRESENTATION('',(#2574),#2578);
#2574 = CIRCLE('',#2575,0.162249807396);
#2575 = AXIS2_PLACEMENT_2D('',#2576,#2577);
#2576 = CARTESIAN_POINT('',(0.25,0.25));
#2577 = DIRECTION('',(1.,0.));
#2578 = ( GEOMETRIC_REPRESENTATION_CONTEXT(2) 
PARAMETRIC_REPRESENTATION_CONTEXT() REPRESENTATION_CONTEXT('2D SPACE',''
  ) );
#2579 = ORIENTED_EDGE('',*,*,#2580,.F.);
#2580 = EDGE_CURVE('',#2581,#2547,#2583,.T.);
#2581 = VERTEX_POINT('',#2582);
#2582 = CARTESIAN_POINT('',(1.762249807396,4.4,-5.551115123126E-17));
#2583 = SEAM_CURVE('',#2584,(#2589,#2596),.PCURVE_S1.);
#2584 = CIRCLE('',#2585,0.235);
#2585 = AXIS2_PLACEMENT_3D('',#2586,#2587,#2588);
#2586 = CARTESIAN_POINT('',(1.6,4.4,0.17));
#2587 = DIRECTION('',(-2.449293598295E-16,-1.,0.));
#2588 = DIRECTION('',(1.,-2.449293598295E-16,0.));
#2589 = PCURVE('',#2556,#2590);
#2590 = DEFINITIONAL_REPRESENTATION('',(#2591),#2595);
#2591 = LINE('',#2592,#2593);
#2592 = CARTESIAN_POINT('',(6.28318530718,-6.28318530718));
#2593 = VECTOR('',#2594,1.);
#2594 = DIRECTION('',(0.,1.));
#2595 = ( GEOMETRIC_REPRESENTATION_CONTEXT(2) 
PARAMETRIC_REPRESENTATION_CONTEXT() REPRESENTATION_CONTEXT('2D SPACE',''
  ) );
#2596 = PCURVE('',#2556,#2597);
#2597 = DEFINITIONAL_REPRESENTATION('',(#2598),#2602);
#2598 = LINE('',#2599,#2600);
#2599 = CARTESIAN_POINT('',(0.,-6.28318530718));
#2600 = VECTOR('',#2601,1.);
#2601 = DIRECTION('',(0.,1.));
#2602 = ( GEOMETRIC_REPRESENTATION_CONTEXT(2) 
PARAMETRIC_REPRESENTATION_CONTEXT() REPRESENTATION_CONTEXT('2D SPACE',''
  ) );
#2603 = ORIENTED_EDGE('',*,*,#2604,.T.);
#2604 = EDGE_CURVE('',#2581,#2581,#2605,.T.);
#2605 = SURFACE_CURVE('',#2606,(#2611,#2618),.PCURVE_S1.);
#2606 = CIRCLE('',#2607,0.162249807396);
#2607 = AXIS2_PLACEMENT_3D('',#2608,#2609,#2610);
#2608 = CARTESIAN_POINT('',(1.6,4.4,0.));
#2609 = DIRECTION('',(0.,0.,1.));
#2610 = DIRECTION('',(1.,0.,-0.));
#2611 = PCURVE('',#2556,#2612);
#2612 = DEFINITIONAL_REPRESENTATION('',(#2613),#2617);
#2613 = LINE('',#2614,#2615);
#2614 = CARTESIAN_POINT('',(0.,-0.80872033608));
#2615 = VECTOR('',#2616,1.);
#2616 = DIRECTION('',(1.,0.));
#2617 = ( GEOMETRIC_REPRESENTATION_CONTEXT(2) 
PARAMETRIC_REPRESENTATION_CONTEXT() REPRESENTATION_CONTEXT('2D SPACE',''
  ) );
#2618 = PCURVE('',#2619,#2624);
#2619 = PLANE('',#2620);
#2620 = AXIS2_PLACEMENT_3D('',#2621,#2622,#2623);
#2621 = CARTESIAN_POINT('',(1.35,4.15,0.));
#2622 = DIRECTION('',(0.,0.,1.));
#2623 = DIRECTION('',(1.,0.,0.));
#2624 = DEFINITIONAL_REPRESENTATION('',(#2625),#2629);
#2625 = CIRCLE('',#2626,0.162249807396);
#2626 = AXIS2_PLACEMENT_2D('',#2627,#2628);
#2627 = CARTESIAN_POINT('',(0.25,0.25));
#2628 = DIRECTION('',(1.,0.));
#2629 = ( GEOMETRIC_REPRESENTATION_CONTEXT(2) 
PARAMETRIC_REPRESENTATION_CONTEXT() REPRESENTATION_CONTEXT('2D SPACE',''
  ) );
#2630 = ORIENTED_EDGE('',*,*,#2580,.T.);
#2631 = ADVANCED_FACE('',(#2632),#2568,.T.);
#2632 = FACE_BOUND('',#2633,.T.);
#2633 = EDGE_LOOP('',(#2634));
#2634 = ORIENTED_EDGE('',*,*,#2546,.T.);
#2635 = ADVANCED_FACE('',(#2636),#2619,.F.);
#2636 = FACE_BOUND('',#2637,.F.);
#2637 = EDGE_LOOP('',(#2638));
#2638 = ORIENTED_EDGE('',*,*,#2604,.T.);
#2639 = ( GEOMETRIC_REPRESENTATION_CONTEXT(3) 
GLOBAL_UNCERTAINTY_ASSIGNED_CONTEXT((#2643)) 
GLOBAL_UNIT_ASSIGNED_CONTEXT((#2640,#2641,#2642)) REPRESENTATION_CONTEXT
('Context #1','3D Context with UNIT and UNCERTAINTY') );
#2640 = ( LENGTH_UNIT() NAMED_UNIT(*) SI_UNIT(.MILLI.,.METRE.) );
#2641 = ( NAMED_UNIT(*) PLANE_ANGLE_UNIT() SI_UNIT($,.RADIAN.) );
#2642 = ( NAMED_UNIT(*) SI_UNIT($,.STERADIAN.) SOLID_ANGLE_UNIT() );
#2643 = UNCERTAINTY_MEASURE_WITH_UNIT(LENGTH_MEASURE(1.E-07),#2640,
  'distance_accuracy_value','confusion accuracy');
#2644 = CONTEXT_DEPENDENT_SHAPE_REPRESENTATION(#2645,#2647);
#2645 = ( REPRESENTATION_RELATIONSHIP('','',#2539,#10) 
REPRESENTATION_RELATIONSHIP_WITH_TRANSFORMATION(#2646) 
SHAPE_REPRESENTATION_RELATIONSHIP() );
#2646 = ITEM_DEFINED_TRANSFORMATION('','',#11,#79);
#2647 = PRODUCT_DEFINITION_SHAPE('Placement','Placement of an item',
  #2648);
#2648 = NEXT_ASSEMBLY_USAGE_OCCURRENCE('61','Ball_C7','',#5,#2534,$);
#2649 = PRODUCT_RELATED_PRODUCT_CATEGORY('part',$,(#2536));
#2650 = SHAPE_DEFINITION_REPRESENTATION(#2651,#2657);
#2651 = PRODUCT_DEFINITION_SHAPE('','',#2652);
#2652 = PRODUCT_DEFINITION('design','',#2653,#2656);
#2653 = PRODUCT_DEFINITION_FORMATION('','',#2654);
#2654 = PRODUCT('Ball_C8','Ball_C8','',(#2655));
#2655 = PRODUCT_CONTEXT('',#2,'mechanical');
#2656 = PRODUCT_DEFINITION_CONTEXT('part definition',#2,'design');
#2657 = ADVANCED_BREP_SHAPE_REPRESENTATION('',(#11,#2658),#2757);
#2658 = MANIFOLD_SOLID_BREP('',#2659);
#2659 = CLOSED_SHELL('',(#2660,#2749,#2753));
#2660 = ADVANCED_FACE('',(#2661),#2674,.T.);
#2661 = FACE_BOUND('',#2662,.T.);
#2662 = EDGE_LOOP('',(#2663,#2697,#2721,#2748));
#2663 = ORIENTED_EDGE('',*,*,#2664,.F.);
#2664 = EDGE_CURVE('',#2665,#2665,#2667,.T.);
#2665 = VERTEX_POINT('',#2666);
#2666 = CARTESIAN_POINT('',(2.562249807396,4.4,0.34));
#2667 = SURFACE_CURVE('',#2668,(#2673,#2685),.PCURVE_S1.);
#2668 = CIRCLE('',#2669,0.162249807396);
#2669 = AXIS2_PLACEMENT_3D('',#2670,#2671,#2672);
#2670 = CARTESIAN_POINT('',(2.4,4.4,0.34));
#2671 = DIRECTION('',(0.,0.,1.));
#2672 = DIRECTION('',(1.,0.,-0.));
#2673 = PCURVE('',#2674,#2679);
#2674 = SPHERICAL_SURFACE('',#2675,0.235);
#2675 = AXIS2_PLACEMENT_3D('',#2676,#2677,#2678);
#2676 = CARTESIAN_POINT('',(2.4,4.4,0.17));
#2677 = DIRECTION('',(0.,0.,1.));
#2678 = DIRECTION('',(1.,0.,0.));
#2679 = DEFINITIONAL_REPRESENTATION('',(#2680),#2684);
#2680 = LINE('',#2681,#2682);
#2681 = CARTESIAN_POINT('',(0.,0.80872033608));
#2682 = VECTOR('',#2683,1.);
#2683 = DIRECTION('',(1.,0.));
#2684 = ( GEOMETRIC_REPRESENTATION_CONTEXT(2) 
PARAMETRIC_REPRESENTATION_CONTEXT() REPRESENTATION_CONTEXT('2D SPACE',''
  ) );
#2685 = PCURVE('',#2686,#2691);
#2686 = PLANE('',#2687);
#2687 = AXIS2_PLACEMENT_3D('',#2688,#2689,#2690);
#2688 = CARTESIAN_POINT('',(2.15,4.15,0.34));
#2689 = DIRECTION('',(0.,0.,1.));
#2690 = DIRECTION('',(1.,0.,0.));
#2691 = DEFINITIONAL_REPRESENTATION('',(#2692),#2696);
#2692 = CIRCLE('',#2693,0.162249807396);
#2693 = AXIS2_PLACEMENT_2D('',#2694,#2695);
#2694 = CARTESIAN_POINT('',(0.25,0.25));
#2695 = DIRECTION('',(1.,0.));
#2696 = ( GEOMETRIC_REPRESENTATION_CONTEXT(2) 
PARAMETRIC_REPRESENTATION_CONTEXT() REPRESENTATION_CONTEXT('2D SPACE',''
  ) );
#2697 = ORIENTED_EDGE('',*,*,#2698,.F.);
#2698 = EDGE_CURVE('',#2699,#2665,#2701,.T.);
#2699 = VERTEX_POINT('',#2700);
#2700 = CARTESIAN_POINT('',(2.562249807396,4.4,-5.551115123126E-17));
#2701 = SEAM_CURVE('',#2702,(#2707,#2714),.PCURVE_S1.);
#2702 = CIRCLE('',#2703,0.235);
#2703 = AXIS2_PLACEMENT_3D('',#2704,#2705,#2706);
#2704 = CARTESIAN_POINT('',(2.4,4.4,0.17));
#2705 = DIRECTION('',(-2.449293598295E-16,-1.,0.));
#2706 = DIRECTION('',(1.,-2.449293598295E-16,0.));
#2707 = PCURVE('',#2674,#2708);
#2708 = DEFINITIONAL_REPRESENTATION('',(#2709),#2713);
#2709 = LINE('',#2710,#2711);
#2710 = CARTESIAN_POINT('',(6.28318530718,-6.28318530718));
#2711 = VECTOR('',#2712,1.);
#2712 = DIRECTION('',(0.,1.));
#2713 = ( GEOMETRIC_REPRESENTATION_CONTEXT(2) 
PARAMETRIC_REPRESENTATION_CONTEXT() REPRESENTATION_CONTEXT('2D SPACE',''
  ) );
#2714 = PCURVE('',#2674,#2715);
#2715 = DEFINITIONAL_REPRESENTATION('',(#2716),#2720);
#2716 = LINE('',#2717,#2718);
#2717 = CARTESIAN_POINT('',(0.,-6.28318530718));
#2718 = VECTOR('',#2719,1.);
#2719 = DIRECTION('',(0.,1.));
#2720 = ( GEOMETRIC_REPRESENTATION_CONTEXT(2) 
PARAMETRIC_REPRESENTATION_CONTEXT() REPRESENTATION_CONTEXT('2D SPACE',''
  ) );
#2721 = ORIENTED_EDGE('',*,*,#2722,.T.);
#2722 = EDGE_CURVE('',#2699,#2699,#2723,.T.);
#2723 = SURFACE_CURVE('',#2724,(#2729,#2736),.PCURVE_S1.);
#2724 = CIRCLE('',#2725,0.162249807396);
#2725 = AXIS2_PLACEMENT_3D('',#2726,#2727,#2728);
#2726 = CARTESIAN_POINT('',(2.4,4.4,0.));
#2727 = DIRECTION('',(0.,0.,1.));
#2728 = DIRECTION('',(1.,0.,-0.));
#2729 = PCURVE('',#2674,#2730);
#2730 = DEFINITIONAL_REPRESENTATION('',(#2731),#2735);
#2731 = LINE('',#2732,#2733);
#2732 = CARTESIAN_POINT('',(0.,-0.80872033608));
#2733 = VECTOR('',#2734,1.);
#2734 = DIRECTION('',(1.,0.));
#2735 = ( GEOMETRIC_REPRESENTATION_CONTEXT(2) 
PARAMETRIC_REPRESENTATION_CONTEXT() REPRESENTATION_CONTEXT('2D SPACE',''
  ) );
#2736 = PCURVE('',#2737,#2742);
#2737 = PLANE('',#2738);
#2738 = AXIS2_PLACEMENT_3D('',#2739,#2740,#2741);
#2739 = CARTESIAN_POINT('',(2.15,4.15,0.));
#2740 = DIRECTION('',(0.,0.,1.));
#2741 = DIRECTION('',(1.,0.,0.));
#2742 = DEFINITIONAL_REPRESENTATION('',(#2743),#2747);
#2743 = CIRCLE('',#2744,0.162249807396);
#2744 = AXIS2_PLACEMENT_2D('',#2745,#2746);
#2745 = CARTESIAN_POINT('',(0.25,0.25));
#2746 = DIRECTION('',(1.,0.));
#2747 = ( GEOMETRIC_REPRESENTATION_CONTEXT(2) 
PARAMETRIC_REPRESENTATION_CONTEXT() REPRESENTATION_CONTEXT('2D SPACE',''
  ) );
#2748 = ORIENTED_EDGE('',*,*,#2698,.T.);
#2749 = ADVANCED_FACE('',(#2750),#2686,.T.);
#2750 = FACE_BOUND('',#2751,.T.);
#2751 = EDGE_LOOP('',(#2752));
#2752 = ORIENTED_EDGE('',*,*,#2664,.T.);
#2753 = ADVANCED_FACE('',(#2754),#2737,.F.);
#2754 = FACE_BOUND('',#2755,.F.);
#2755 = EDGE_LOOP('',(#2756));
#2756 = ORIENTED_EDGE('',*,*,#2722,.T.);
#2757 = ( GEOMETRIC_REPRESENTATION_CONTEXT(3) 
GLOBAL_UNCERTAINTY_ASSIGNED_CONTEXT((#2761)) 
GLOBAL_UNIT_ASSIGNED_CONTEXT((#2758,#2759,#2760)) REPRESENTATION_CONTEXT
('Context #1','3D Context with UNIT and UNCERTAINTY') );
#2758 = ( LENGTH_UNIT() NAMED_UNIT(*) SI_UNIT(.MILLI.,.METRE.) );
#2759 = ( NAMED_UNIT(*) PLANE_ANGLE_UNIT() SI_UNIT($,.RADIAN.) );
#2760 = ( NAMED_UNIT(*) SI_UNIT($,.STERADIAN.) SOLID_ANGLE_UNIT() );
#2761 = UNCERTAINTY_MEASURE_WITH_UNIT(LENGTH_MEASURE(1.E-07),#2758,
  'distance_accuracy_value','confusion accuracy');
#2762 = CONTEXT_DEPENDENT_SHAPE_REPRESENTATION(#2763,#2765);
#2763 = ( REPRESENTATION_RELATIONSHIP('','',#2657,#10) 
REPRESENTATION_RELATIONSHIP_WITH_TRANSFORMATION(#2764) 
SHAPE_REPRESENTATION_RELATIONSHIP() );
#2764 = ITEM_DEFINED_TRANSFORMATION('','',#11,#83);
#2765 = PRODUCT_DEFINITION_SHAPE('Placement','Placement of an item',
  #2766);
#2766 = NEXT_ASSEMBLY_USAGE_OCCURRENCE('62','Ball_C8','',#5,#2652,$);
#2767 = PRODUCT_RELATED_PRODUCT_CATEGORY('part',$,(#2654));
#2768 = SHAPE_DEFINITION_REPRESENTATION(#2769,#2775);
#2769 = PRODUCT_DEFINITION_SHAPE('','',#2770);
#2770 = PRODUCT_DEFINITION('design','',#2771,#2774);
#2771 = PRODUCT_DEFINITION_FORMATION('','',#2772);
#2772 = PRODUCT('Ball_C9','Ball_C9','',(#2773));
#2773 = PRODUCT_CONTEXT('',#2,'mechanical');
#2774 = PRODUCT_DEFINITION_CONTEXT('part definition',#2,'design');
#2775 = ADVANCED_BREP_SHAPE_REPRESENTATION('',(#11,#2776),#2875);
#2776 = MANIFOLD_SOLID_BREP('',#2777);
#2777 = CLOSED_SHELL('',(#2778,#2867,#2871));
#2778 = ADVANCED_FACE('',(#2779),#2792,.T.);
#2779 = FACE_BOUND('',#2780,.T.);
#2780 = EDGE_LOOP('',(#2781,#2815,#2839,#2866));
#2781 = ORIENTED_EDGE('',*,*,#2782,.F.);
#2782 = EDGE_CURVE('',#2783,#2783,#2785,.T.);
#2783 = VERTEX_POINT('',#2784);
#2784 = CARTESIAN_POINT('',(3.362249807396,4.4,0.34));
#2785 = SURFACE_CURVE('',#2786,(#2791,#2803),.PCURVE_S1.);
#2786 = CIRCLE('',#2787,0.162249807396);
#2787 = AXIS2_PLACEMENT_3D('',#2788,#2789,#2790);
#2788 = CARTESIAN_POINT('',(3.2,4.4,0.34));
#2789 = DIRECTION('',(0.,0.,1.));
#2790 = DIRECTION('',(1.,0.,-0.));
#2791 = PCURVE('',#2792,#2797);
#2792 = SPHERICAL_SURFACE('',#2793,0.235);
#2793 = AXIS2_PLACEMENT_3D('',#2794,#2795,#2796);
#2794 = CARTESIAN_POINT('',(3.2,4.4,0.17));
#2795 = DIRECTION('',(0.,0.,1.));
#2796 = DIRECTION('',(1.,0.,0.));
#2797 = DEFINITIONAL_REPRESENTATION('',(#2798),#2802);
#2798 = LINE('',#2799,#2800);
#2799 = CARTESIAN_POINT('',(0.,0.80872033608));
#2800 = VECTOR('',#2801,1.);
#2801 = DIRECTION('',(1.,0.));
#2802 = ( GEOMETRIC_REPRESENTATION_CONTEXT(2) 
PARAMETRIC_REPRESENTATION_CONTEXT() REPRESENTATION_CONTEXT('2D SPACE',''
  ) );
#2803 = PCURVE('',#2804,#2809);
#2804 = PLANE('',#2805);
#2805 = AXIS2_PLACEMENT_3D('',#2806,#2807,#2808);
#2806 = CARTESIAN_POINT('',(2.95,4.15,0.34));
#2807 = DIRECTION('',(0.,0.,1.));
#2808 = DIRECTION('',(1.,0.,0.));
#2809 = DEFINITIONAL_REPRESENTATION('',(#2810),#2814);
#2810 = CIRCLE('',#2811,0.162249807396);
#2811 = AXIS2_PLACEMENT_2D('',#2812,#2813);
#2812 = CARTESIAN_POINT('',(0.25,0.25));
#2813 = DIRECTION('',(1.,0.));
#2814 = ( GEOMETRIC_REPRESENTATION_CONTEXT(2) 
PARAMETRIC_REPRESENTATION_CONTEXT() REPRESENTATION_CONTEXT('2D SPACE',''
  ) );
#2815 = ORIENTED_EDGE('',*,*,#2816,.F.);
#2816 = EDGE_CURVE('',#2817,#2783,#2819,.T.);
#2817 = VERTEX_POINT('',#2818);
#2818 = CARTESIAN_POINT('',(3.362249807396,4.4,-5.551115123126E-17));
#2819 = SEAM_CURVE('',#2820,(#2825,#2832),.PCURVE_S1.);
#2820 = CIRCLE('',#2821,0.235);
#2821 = AXIS2_PLACEMENT_3D('',#2822,#2823,#2824);
#2822 = CARTESIAN_POINT('',(3.2,4.4,0.17));
#2823 = DIRECTION('',(-2.449293598295E-16,-1.,0.));
#2824 = DIRECTION('',(1.,-2.449293598295E-16,0.));
#2825 = PCURVE('',#2792,#2826);
#2826 = DEFINITIONAL_REPRESENTATION('',(#2827),#2831);
#2827 = LINE('',#2828,#2829);
#2828 = CARTESIAN_POINT('',(6.28318530718,-6.28318530718));
#2829 = VECTOR('',#2830,1.);
#2830 = DIRECTION('',(0.,1.));
#2831 = ( GEOMETRIC_REPRESENTATION_CONTEXT(2) 
PARAMETRIC_REPRESENTATION_CONTEXT() REPRESENTATION_CONTEXT('2D SPACE',''
  ) );
#2832 = PCURVE('',#2792,#2833);
#2833 = DEFINITIONAL_REPRESENTATION('',(#2834),#2838);
#2834 = LINE('',#2835,#2836);
#2835 = CARTESIAN_POINT('',(0.,-6.28318530718));
#2836 = VECTOR('',#2837,1.);
#2837 = DIRECTION('',(0.,1.));
#2838 = ( GEOMETRIC_REPRESENTATION_CONTEXT(2) 
PARAMETRIC_REPRESENTATION_CONTEXT() REPRESENTATION_CONTEXT('2D SPACE',''
  ) );
#2839 = ORIENTED_EDGE('',*,*,#2840,.T.);
#2840 = EDGE_CURVE('',#2817,#2817,#2841,.T.);
#2841 = SURFACE_CURVE('',#2842,(#2847,#2854),.PCURVE_S1.);
#2842 = CIRCLE('',#2843,0.162249807396);
#2843 = AXIS2_PLACEMENT_3D('',#2844,#2845,#2846);
#2844 = CARTESIAN_POINT('',(3.2,4.4,0.));
#2845 = DIRECTION('',(0.,0.,1.));
#2846 = DIRECTION('',(1.,0.,-0.));
#2847 = PCURVE('',#2792,#2848);
#2848 = DEFINITIONAL_REPRESENTATION('',(#2849),#2853);
#2849 = LINE('',#2850,#2851);
#2850 = CARTESIAN_POINT('',(0.,-0.80872033608));
#2851 = VECTOR('',#2852,1.);
#2852 = DIRECTION('',(1.,0.));
#2853 = ( GEOMETRIC_REPRESENTATION_CONTEXT(2) 
PARAMETRIC_REPRESENTATION_CONTEXT() REPRESENTATION_CONTEXT('2D SPACE',''
  ) );
#2854 = PCURVE('',#2855,#2860);
#2855 = PLANE('',#2856);
#2856 = AXIS2_PLACEMENT_3D('',#2857,#2858,#2859);
#2857 = CARTESIAN_POINT('',(2.95,4.15,0.));
#2858 = DIRECTION('',(0.,0.,1.));
#2859 = DIRECTION('',(1.,0.,0.));
#2860 = DEFINITIONAL_REPRESENTATION('',(#2861),#2865);
#2861 = CIRCLE('',#2862,0.162249807396);
#2862 = AXIS2_PLACEMENT_2D('',#2863,#2864);
#2863 = CARTESIAN_POINT('',(0.25,0.25));
#2864 = DIRECTION('',(1.,0.));
#2865 = ( GEOMETRIC_REPRESENTATION_CONTEXT(2) 
PARAMETRIC_REPRESENTATION_CONTEXT() REPRESENTATION_CONTEXT('2D SPACE',''
  ) );
#2866 = ORIENTED_EDGE('',*,*,#2816,.T.);
#2867 = ADVANCED_FACE('',(#2868),#2804,.T.);
#2868 = FACE_BOUND('',#2869,.T.);
#2869 = EDGE_LOOP('',(#2870));
#2870 = ORIENTED_EDGE('',*,*,#2782,.T.);
#2871 = ADVANCED_FACE('',(#2872),#2855,.F.);
#2872 = FACE_BOUND('',#2873,.F.);
#2873 = EDGE_LOOP('',(#2874));
#2874 = ORIENTED_EDGE('',*,*,#2840,.T.);
#2875 = ( GEOMETRIC_REPRESENTATION_CONTEXT(3) 
GLOBAL_UNCERTAINTY_ASSIGNED_CONTEXT((#2879)) 
GLOBAL_UNIT_ASSIGNED_CONTEXT((#2876,#2877,#2878)) REPRESENTATION_CONTEXT
('Context #1','3D Context with UNIT and UNCERTAINTY') );
#2876 = ( LENGTH_UNIT() NAMED_UNIT(*) SI_UNIT(.MILLI.,.METRE.) );
#2877 = ( NAMED_UNIT(*) PLANE_ANGLE_UNIT() SI_UNIT($,.RADIAN.) );
#2878 = ( NAMED_UNIT(*) SI_UNIT($,.STERADIAN.) SOLID_ANGLE_UNIT() );
#2879 = UNCERTAINTY_MEASURE_WITH_UNIT(LENGTH_MEASURE(1.E-07),#2876,
  'distance_accuracy_value','confusion accuracy');
#2880 = CONTEXT_DEPENDENT_SHAPE_REPRESENTATION(#2881,#2883);
#2881 = ( REPRESENTATION_RELATIONSHIP('','',#2775,#10) 
REPRESENTATION_RELATIONSHIP_WITH_TRANSFORMATION(#2882) 
SHAPE_REPRESENTATION_RELATIONSHIP() );
#2882 = ITEM_DEFINED_TRANSFORMATION('','',#11,#87);
#2883 = PRODUCT_DEFINITION_SHAPE('Placement','Placement of an item',
  #2884);
#2884 = NEXT_ASSEMBLY_USAGE_OCCURRENCE('63','Ball_C9','',#5,#2770,$);
#2885 = PRODUCT_RELATED_PRODUCT_CATEGORY('part',$,(#2772));
#2886 = SHAPE_DEFINITION_REPRESENTATION(#2887,#2893);
#2887 = PRODUCT_DEFINITION_SHAPE('','',#2888);
#2888 = PRODUCT_DEFINITION('design','',#2889,#2892);
#2889 = PRODUCT_DEFINITION_FORMATION('','',#2890);
#2890 = PRODUCT('Ball_D1','Ball_D1','',(#2891));
#2891 = PRODUCT_CONTEXT('',#2,'mechanical');
#2892 = PRODUCT_DEFINITION_CONTEXT('part definition',#2,'design');
#2893 = ADVANCED_BREP_SHAPE_REPRESENTATION('',(#11,#2894),#2993);
#2894 = MANIFOLD_SOLID_BREP('',#2895);
#2895 = CLOSED_SHELL('',(#2896,#2985,#2989));
#2896 = ADVANCED_FACE('',(#2897),#2910,.T.);
#2897 = FACE_BOUND('',#2898,.T.);
#2898 = EDGE_LOOP('',(#2899,#2933,#2957,#2984));
#2899 = ORIENTED_EDGE('',*,*,#2900,.F.);
#2900 = EDGE_CURVE('',#2901,#2901,#2903,.T.);
#2901 = VERTEX_POINT('',#2902);
#2902 = CARTESIAN_POINT('',(-3.037750192604,3.6,0.34));
#2903 = SURFACE_CURVE('',#2904,(#2909,#2921),.PCURVE_S1.);
#2904 = CIRCLE('',#2905,0.162249807396);
#2905 = AXIS2_PLACEMENT_3D('',#2906,#2907,#2908);
#2906 = CARTESIAN_POINT('',(-3.2,3.6,0.34));
#2907 = DIRECTION('',(0.,0.,1.));
#2908 = DIRECTION('',(1.,0.,-0.));
#2909 = PCURVE('',#2910,#2915);
#2910 = SPHERICAL_SURFACE('',#2911,0.235);
#2911 = AXIS2_PLACEMENT_3D('',#2912,#2913,#2914);
#2912 = CARTESIAN_POINT('',(-3.2,3.6,0.17));
#2913 = DIRECTION('',(0.,0.,1.));
#2914 = DIRECTION('',(1.,0.,0.));
#2915 = DEFINITIONAL_REPRESENTATION('',(#2916),#2920);
#2916 = LINE('',#2917,#2918);
#2917 = CARTESIAN_POINT('',(0.,0.80872033608));
#2918 = VECTOR('',#2919,1.);
#2919 = DIRECTION('',(1.,0.));
#2920 = ( GEOMETRIC_REPRESENTATION_CONTEXT(2) 
PARAMETRIC_REPRESENTATION_CONTEXT() REPRESENTATION_CONTEXT('2D SPACE',''
  ) );
#2921 = PCURVE('',#2922,#2927);
#2922 = PLANE('',#2923);
#2923 = AXIS2_PLACEMENT_3D('',#2924,#2925,#2926);
#2924 = CARTESIAN_POINT('',(-3.45,3.35,0.34));
#2925 = DIRECTION('',(0.,0.,1.));
#2926 = DIRECTION('',(1.,0.,0.));
#2927 = DEFINITIONAL_REPRESENTATION('',(#2928),#2932);
#2928 = CIRCLE('',#2929,0.162249807396);
#2929 = AXIS2_PLACEMENT_2D('',#2930,#2931);
#2930 = CARTESIAN_POINT('',(0.25,0.25));
#2931 = DIRECTION('',(1.,0.));
#2932 = ( GEOMETRIC_REPRESENTATION_CONTEXT(2) 
PARAMETRIC_REPRESENTATION_CONTEXT() REPRESENTATION_CONTEXT('2D SPACE',''
  ) );
#2933 = ORIENTED_EDGE('',*,*,#2934,.F.);
#2934 = EDGE_CURVE('',#2935,#2901,#2937,.T.);
#2935 = VERTEX_POINT('',#2936);
#2936 = CARTESIAN_POINT('',(-3.037750192604,3.6,-5.551115123126E-17));
#2937 = SEAM_CURVE('',#2938,(#2943,#2950),.PCURVE_S1.);
#2938 = CIRCLE('',#2939,0.235);
#2939 = AXIS2_PLACEMENT_3D('',#2940,#2941,#2942);
#2940 = CARTESIAN_POINT('',(-3.2,3.6,0.17));
#2941 = DIRECTION('',(-2.449293598295E-16,-1.,0.));
#2942 = DIRECTION('',(1.,-2.449293598295E-16,0.));
#2943 = PCURVE('',#2910,#2944);
#2944 = DEFINITIONAL_REPRESENTATION('',(#2945),#2949);
#2945 = LINE('',#2946,#2947);
#2946 = CARTESIAN_POINT('',(6.28318530718,-6.28318530718));
#2947 = VECTOR('',#2948,1.);
#2948 = DIRECTION('',(0.,1.));
#2949 = ( GEOMETRIC_REPRESENTATION_CONTEXT(2) 
PARAMETRIC_REPRESENTATION_CONTEXT() REPRESENTATION_CONTEXT('2D SPACE',''
  ) );
#2950 = PCURVE('',#2910,#2951);
#2951 = DEFINITIONAL_REPRESENTATION('',(#2952),#2956);
#2952 = LINE('',#2953,#2954);
#2953 = CARTESIAN_POINT('',(0.,-6.28318530718));
#2954 = VECTOR('',#2955,1.);
#2955 = DIRECTION('',(0.,1.));
#2956 = ( GEOMETRIC_REPRESENTATION_CONTEXT(2) 
PARAMETRIC_REPRESENTATION_CONTEXT() REPRESENTATION_CONTEXT('2D SPACE',''
  ) );
#2957 = ORIENTED_EDGE('',*,*,#2958,.T.);
#2958 = EDGE_CURVE('',#2935,#2935,#2959,.T.);
#2959 = SURFACE_CURVE('',#2960,(#2965,#2972),.PCURVE_S1.);
#2960 = CIRCLE('',#2961,0.162249807396);
#2961 = AXIS2_PLACEMENT_3D('',#2962,#2963,#2964);
#2962 = CARTESIAN_POINT('',(-3.2,3.6,0.));
#2963 = DIRECTION('',(0.,0.,1.));
#2964 = DIRECTION('',(1.,0.,-0.));
#2965 = PCURVE('',#2910,#2966);
#2966 = DEFINITIONAL_REPRESENTATION('',(#2967),#2971);
#2967 = LINE('',#2968,#2969);
#2968 = CARTESIAN_POINT('',(0.,-0.80872033608));
#2969 = VECTOR('',#2970,1.);
#2970 = DIRECTION('',(1.,0.));
#2971 = ( GEOMETRIC_REPRESENTATION_CONTEXT(2) 
PARAMETRIC_REPRESENTATION_CONTEXT() REPRESENTATION_CONTEXT('2D SPACE',''
  ) );
#2972 = PCURVE('',#2973,#2978);
#2973 = PLANE('',#2974);
#2974 = AXIS2_PLACEMENT_3D('',#2975,#2976,#2977);
#2975 = CARTESIAN_POINT('',(-3.45,3.35,0.));
#2976 = DIRECTION('',(0.,0.,1.));
#2977 = DIRECTION('',(1.,0.,0.));
#2978 = DEFINITIONAL_REPRESENTATION('',(#2979),#2983);
#2979 = CIRCLE('',#2980,0.162249807396);
#2980 = AXIS2_PLACEMENT_2D('',#2981,#2982);
#2981 = CARTESIAN_POINT('',(0.25,0.25));
#2982 = DIRECTION('',(1.,0.));
#2983 = ( GEOMETRIC_REPRESENTATION_CONTEXT(2) 
PARAMETRIC_REPRESENTATION_CONTEXT() REPRESENTATION_CONTEXT('2D SPACE',''
  ) );
#2984 = ORIENTED_EDGE('',*,*,#2934,.T.);
#2985 = ADVANCED_FACE('',(#2986),#2922,.T.);
#2986 = FACE_BOUND('',#2987,.T.);
#2987 = EDGE_LOOP('',(#2988));
#2988 = ORIENTED_EDGE('',*,*,#2900,.T.);
#2989 = ADVANCED_FACE('',(#2990),#2973,.F.);
#2990 = FACE_BOUND('',#2991,.F.);
#2991 = EDGE_LOOP('',(#2992));
#2992 = ORIENTED_EDGE('',*,*,#2958,.T.);
#2993 = ( GEOMETRIC_REPRESENTATION_CONTEXT(3) 
GLOBAL_UNCERTAINTY_ASSIGNED_CONTEXT((#2997)) 
GLOBAL_UNIT_ASSIGNED_CONTEXT((#2994,#2995,#2996)) REPRESENTATION_CONTEXT
('Context #1','3D Context with UNIT and UNCERTAINTY') );
#2994 = ( LENGTH_UNIT() NAMED_UNIT(*) SI_UNIT(.MILLI.,.METRE.) );
#2995 = ( NAMED_UNIT(*) PLANE_ANGLE_UNIT() SI_UNIT($,.RADIAN.) );
#2996 = ( NAMED_UNIT(*) SI_UNIT($,.STERADIAN.) SOLID_ANGLE_UNIT() );
#2997 = UNCERTAINTY_MEASURE_WITH_UNIT(LENGTH_MEASURE(1.E-07),#2994,
  'distance_accuracy_value','confusion accuracy');
#2998 = CONTEXT_DEPENDENT_SHAPE_REPRESENTATION(#2999,#3001);
#2999 = ( REPRESENTATION_RELATIONSHIP('','',#2893,#10) 
REPRESENTATION_RELATIONSHIP_WITH_TRANSFORMATION(#3000) 
SHAPE_REPRESENTATION_RELATIONSHIP() );
#3000 = ITEM_DEFINED_TRANSFORMATION('','',#11,#91);
#3001 = PRODUCT_DEFINITION_SHAPE('Placement','Placement of an item',
  #3002);
#3002 = NEXT_ASSEMBLY_USAGE_OCCURRENCE('64','Ball_D1','',#5,#2888,$);
#3003 = PRODUCT_RELATED_PRODUCT_CATEGORY('part',$,(#2890));
#3004 = SHAPE_DEFINITION_REPRESENTATION(#3005,#3011);
#3005 = PRODUCT_DEFINITION_SHAPE('','',#3006);
#3006 = PRODUCT_DEFINITION('design','',#3007,#3010);
#3007 = PRODUCT_DEFINITION_FORMATION('','',#3008);
#3008 = PRODUCT('Ball_D2','Ball_D2','',(#3009));
#3009 = PRODUCT_CONTEXT('',#2,'mechanical');
#3010 = PRODUCT_DEFINITION_CONTEXT('part definition',#2,'design');
#3011 = ADVANCED_BREP_SHAPE_REPRESENTATION('',(#11,#3012),#3111);
#3012 = MANIFOLD_SOLID_BREP('',#3013);
#3013 = CLOSED_SHELL('',(#3014,#3103,#3107));
#3014 = ADVANCED_FACE('',(#3015),#3028,.T.);
#3015 = FACE_BOUND('',#3016,.T.);
#3016 = EDGE_LOOP('',(#3017,#3051,#3075,#3102));
#3017 = ORIENTED_EDGE('',*,*,#3018,.F.);
#3018 = EDGE_CURVE('',#3019,#3019,#3021,.T.);
#3019 = VERTEX_POINT('',#3020);
#3020 = CARTESIAN_POINT('',(-2.237750192604,3.6,0.34));
#3021 = SURFACE_CURVE('',#3022,(#3027,#3039),.PCURVE_S1.);
#3022 = CIRCLE('',#3023,0.162249807396);
#3023 = AXIS2_PLACEMENT_3D('',#3024,#3025,#3026);
#3024 = CARTESIAN_POINT('',(-2.4,3.6,0.34));
#3025 = DIRECTION('',(0.,0.,1.));
#3026 = DIRECTION('',(1.,0.,-0.));
#3027 = PCURVE('',#3028,#3033);
#3028 = SPHERICAL_SURFACE('',#3029,0.235);
#3029 = AXIS2_PLACEMENT_3D('',#3030,#3031,#3032);
#3030 = CARTESIAN_POINT('',(-2.4,3.6,0.17));
#3031 = DIRECTION('',(0.,0.,1.));
#3032 = DIRECTION('',(1.,0.,0.));
#3033 = DEFINITIONAL_REPRESENTATION('',(#3034),#3038);
#3034 = LINE('',#3035,#3036);
#3035 = CARTESIAN_POINT('',(0.,0.80872033608));
#3036 = VECTOR('',#3037,1.);
#3037 = DIRECTION('',(1.,0.));
#3038 = ( GEOMETRIC_REPRESENTATION_CONTEXT(2) 
PARAMETRIC_REPRESENTATION_CONTEXT() REPRESENTATION_CONTEXT('2D SPACE',''
  ) );
#3039 = PCURVE('',#3040,#3045);
#3040 = PLANE('',#3041);
#3041 = AXIS2_PLACEMENT_3D('',#3042,#3043,#3044);
#3042 = CARTESIAN_POINT('',(-2.65,3.35,0.34));
#3043 = DIRECTION('',(0.,0.,1.));
#3044 = DIRECTION('',(1.,0.,0.));
#3045 = DEFINITIONAL_REPRESENTATION('',(#3046),#3050);
#3046 = CIRCLE('',#3047,0.162249807396);
#3047 = AXIS2_PLACEMENT_2D('',#3048,#3049);
#3048 = CARTESIAN_POINT('',(0.25,0.25));
#3049 = DIRECTION('',(1.,0.));
#3050 = ( GEOMETRIC_REPRESENTATION_CONTEXT(2) 
PARAMETRIC_REPRESENTATION_CONTEXT() REPRESENTATION_CONTEXT('2D SPACE',''
  ) );
#3051 = ORIENTED_EDGE('',*,*,#3052,.F.);
#3052 = EDGE_CURVE('',#3053,#3019,#3055,.T.);
#3053 = VERTEX_POINT('',#3054);
#3054 = CARTESIAN_POINT('',(-2.237750192604,3.6,-5.551115123126E-17));
#3055 = SEAM_CURVE('',#3056,(#3061,#3068),.PCURVE_S1.);
#3056 = CIRCLE('',#3057,0.235);
#3057 = AXIS2_PLACEMENT_3D('',#3058,#3059,#3060);
#3058 = CARTESIAN_POINT('',(-2.4,3.6,0.17));
#3059 = DIRECTION('',(-2.449293598295E-16,-1.,0.));
#3060 = DIRECTION('',(1.,-2.449293598295E-16,0.));
#3061 = PCURVE('',#3028,#3062);
#3062 = DEFINITIONAL_REPRESENTATION('',(#3063),#3067);
#3063 = LINE('',#3064,#3065);
#3064 = CARTESIAN_POINT('',(6.28318530718,-6.28318530718));
#3065 = VECTOR('',#3066,1.);
#3066 = DIRECTION('',(0.,1.));
#3067 = ( GEOMETRIC_REPRESENTATION_CONTEXT(2) 
PARAMETRIC_REPRESENTATION_CONTEXT() REPRESENTATION_CONTEXT('2D SPACE',''
  ) );
#3068 = PCURVE('',#3028,#3069);
#3069 = DEFINITIONAL_REPRESENTATION('',(#3070),#3074);
#3070 = LINE('',#3071,#3072);
#3071 = CARTESIAN_POINT('',(0.,-6.28318530718));
#3072 = VECTOR('',#3073,1.);
#3073 = DIRECTION('',(0.,1.));
#3074 = ( GEOMETRIC_REPRESENTATION_CONTEXT(2) 
PARAMETRIC_REPRESENTATION_CONTEXT() REPRESENTATION_CONTEXT('2D SPACE',''
  ) );
#3075 = ORIENTED_EDGE('',*,*,#3076,.T.);
#3076 = EDGE_CURVE('',#3053,#3053,#3077,.T.);
#3077 = SURFACE_CURVE('',#3078,(#3083,#3090),.PCURVE_S1.);
#3078 = CIRCLE('',#3079,0.162249807396);
#3079 = AXIS2_PLACEMENT_3D('',#3080,#3081,#3082);
#3080 = CARTESIAN_POINT('',(-2.4,3.6,0.));
#3081 = DIRECTION('',(0.,0.,1.));
#3082 = DIRECTION('',(1.,0.,-0.));
#3083 = PCURVE('',#3028,#3084);
#3084 = DEFINITIONAL_REPRESENTATION('',(#3085),#3089);
#3085 = LINE('',#3086,#3087);
#3086 = CARTESIAN_POINT('',(0.,-0.80872033608));
#3087 = VECTOR('',#3088,1.);
#3088 = DIRECTION('',(1.,0.));
#3089 = ( GEOMETRIC_REPRESENTATION_CONTEXT(2) 
PARAMETRIC_REPRESENTATION_CONTEXT() REPRESENTATION_CONTEXT('2D SPACE',''
  ) );
#3090 = PCURVE('',#3091,#3096);
#3091 = PLANE('',#3092);
#3092 = AXIS2_PLACEMENT_3D('',#3093,#3094,#3095);
#3093 = CARTESIAN_POINT('',(-2.65,3.35,0.));
#3094 = DIRECTION('',(0.,0.,1.));
#3095 = DIRECTION('',(1.,0.,0.));
#3096 = DEFINITIONAL_REPRESENTATION('',(#3097),#3101);
#3097 = CIRCLE('',#3098,0.162249807396);
#3098 = AXIS2_PLACEMENT_2D('',#3099,#3100);
#3099 = CARTESIAN_POINT('',(0.25,0.25));
#3100 = DIRECTION('',(1.,0.));
#3101 = ( GEOMETRIC_REPRESENTATION_CONTEXT(2) 
PARAMETRIC_REPRESENTATION_CONTEXT() REPRESENTATION_CONTEXT('2D SPACE',''
  ) );
#3102 = ORIENTED_EDGE('',*,*,#3052,.T.);
#3103 = ADVANCED_FACE('',(#3104),#3040,.T.);
#3104 = FACE_BOUND('',#3105,.T.);
#3105 = EDGE_LOOP('',(#3106));
#3106 = ORIENTED_EDGE('',*,*,#3018,.T.);
#3107 = ADVANCED_FACE('',(#3108),#3091,.F.);
#3108 = FACE_BOUND('',#3109,.F.);
#3109 = EDGE_LOOP('',(#3110));
#3110 = ORIENTED_EDGE('',*,*,#3076,.T.);
#3111 = ( GEOMETRIC_REPRESENTATION_CONTEXT(3) 
GLOBAL_UNCERTAINTY_ASSIGNED_CONTEXT((#3115)) 
GLOBAL_UNIT_ASSIGNED_CONTEXT((#3112,#3113,#3114)) REPRESENTATION_CONTEXT
('Context #1','3D Context with UNIT and UNCERTAINTY') );
#3112 = ( LENGTH_UNIT() NAMED_UNIT(*) SI_UNIT(.MILLI.,.METRE.) );
#3113 = ( NAMED_UNIT(*) PLANE_ANGLE_UNIT() SI_UNIT($,.RADIAN.) );
#3114 = ( NAMED_UNIT(*) SI_UNIT($,.STERADIAN.) SOLID_ANGLE_UNIT() );
#3115 = UNCERTAINTY_MEASURE_WITH_UNIT(LENGTH_MEASURE(1.E-07),#3112,
  'distance_accuracy_value','confusion accuracy');
#3116 = CONTEXT_DEPENDENT_SHAPE_REPRESENTATION(#3117,#3119);
#3117 = ( REPRESENTATION_RELATIONSHIP('','',#3011,#10) 
REPRESENTATION_RELATIONSHIP_WITH_TRANSFORMATION(#3118) 
SHAPE_REPRESENTATION_RELATIONSHIP() );
#3118 = ITEM_DEFINED_TRANSFORMATION('','',#11,#95);
#3119 = PRODUCT_DEFINITION_SHAPE('Placement','Placement of an item',
  #3120);
#3120 = NEXT_ASSEMBLY_USAGE_OCCURRENCE('65','Ball_D2','',#5,#3006,$);
#3121 = PRODUCT_RELATED_PRODUCT_CATEGORY('part',$,(#3008));
#3122 = SHAPE_DEFINITION_REPRESENTATION(#3123,#3129);
#3123 = PRODUCT_DEFINITION_SHAPE('','',#3124);
#3124 = PRODUCT_DEFINITION('design','',#3125,#3128);
#3125 = PRODUCT_DEFINITION_FORMATION('','',#3126);
#3126 = PRODUCT('Ball_D3','Ball_D3','',(#3127));
#3127 = PRODUCT_CONTEXT('',#2,'mechanical');
#3128 = PRODUCT_DEFINITION_CONTEXT('part definition',#2,'design');
#3129 = ADVANCED_BREP_SHAPE_REPRESENTATION('',(#11,#3130),#3229);
#3130 = MANIFOLD_SOLID_BREP('',#3131);
#3131 = CLOSED_SHELL('',(#3132,#3221,#3225));
#3132 = ADVANCED_FACE('',(#3133),#3146,.T.);
#3133 = FACE_BOUND('',#3134,.T.);
#3134 = EDGE_LOOP('',(#3135,#3169,#3193,#3220));
#3135 = ORIENTED_EDGE('',*,*,#3136,.F.);
#3136 = EDGE_CURVE('',#3137,#3137,#3139,.T.);
#3137 = VERTEX_POINT('',#3138);
#3138 = CARTESIAN_POINT('',(-1.437750192604,3.6,0.34));
#3139 = SURFACE_CURVE('',#3140,(#3145,#3157),.PCURVE_S1.);
#3140 = CIRCLE('',#3141,0.162249807396);
#3141 = AXIS2_PLACEMENT_3D('',#3142,#3143,#3144);
#3142 = CARTESIAN_POINT('',(-1.6,3.6,0.34));
#3143 = DIRECTION('',(0.,0.,1.));
#3144 = DIRECTION('',(1.,0.,-0.));
#3145 = PCURVE('',#3146,#3151);
#3146 = SPHERICAL_SURFACE('',#3147,0.235);
#3147 = AXIS2_PLACEMENT_3D('',#3148,#3149,#3150);
#3148 = CARTESIAN_POINT('',(-1.6,3.6,0.17));
#3149 = DIRECTION('',(0.,0.,1.));
#3150 = DIRECTION('',(1.,0.,0.));
#3151 = DEFINITIONAL_REPRESENTATION('',(#3152),#3156);
#3152 = LINE('',#3153,#3154);
#3153 = CARTESIAN_POINT('',(0.,0.80872033608));
#3154 = VECTOR('',#3155,1.);
#3155 = DIRECTION('',(1.,0.));
#3156 = ( GEOMETRIC_REPRESENTATION_CONTEXT(2) 
PARAMETRIC_REPRESENTATION_CONTEXT() REPRESENTATION_CONTEXT('2D SPACE',''
  ) );
#3157 = PCURVE('',#3158,#3163);
#3158 = PLANE('',#3159);
#3159 = AXIS2_PLACEMENT_3D('',#3160,#3161,#3162);
#3160 = CARTESIAN_POINT('',(-1.85,3.35,0.34));
#3161 = DIRECTION('',(0.,0.,1.));
#3162 = DIRECTION('',(1.,0.,0.));
#3163 = DEFINITIONAL_REPRESENTATION('',(#3164),#3168);
#3164 = CIRCLE('',#3165,0.162249807396);
#3165 = AXIS2_PLACEMENT_2D('',#3166,#3167);
#3166 = CARTESIAN_POINT('',(0.25,0.25));
#3167 = DIRECTION('',(1.,0.));
#3168 = ( GEOMETRIC_REPRESENTATION_CONTEXT(2) 
PARAMETRIC_REPRESENTATION_CONTEXT() REPRESENTATION_CONTEXT('2D SPACE',''
  ) );
#3169 = ORIENTED_EDGE('',*,*,#3170,.F.);
#3170 = EDGE_CURVE('',#3171,#3137,#3173,.T.);
#3171 = VERTEX_POINT('',#3172);
#3172 = CARTESIAN_POINT('',(-1.437750192604,3.6,-5.551115123126E-17));
#3173 = SEAM_CURVE('',#3174,(#3179,#3186),.PCURVE_S1.);
#3174 = CIRCLE('',#3175,0.235);
#3175 = AXIS2_PLACEMENT_3D('',#3176,#3177,#3178);
#3176 = CARTESIAN_POINT('',(-1.6,3.6,0.17));
#3177 = DIRECTION('',(-2.449293598295E-16,-1.,0.));
#3178 = DIRECTION('',(1.,-2.449293598295E-16,0.));
#3179 = PCURVE('',#3146,#3180);
#3180 = DEFINITIONAL_REPRESENTATION('',(#3181),#3185);
#3181 = LINE('',#3182,#3183);
#3182 = CARTESIAN_POINT('',(6.28318530718,-6.28318530718));
#3183 = VECTOR('',#3184,1.);
#3184 = DIRECTION('',(0.,1.));
#3185 = ( GEOMETRIC_REPRESENTATION_CONTEXT(2) 
PARAMETRIC_REPRESENTATION_CONTEXT() REPRESENTATION_CONTEXT('2D SPACE',''
  ) );
#3186 = PCURVE('',#3146,#3187);
#3187 = DEFINITIONAL_REPRESENTATION('',(#3188),#3192);
#3188 = LINE('',#3189,#3190);
#3189 = CARTESIAN_POINT('',(0.,-6.28318530718));
#3190 = VECTOR('',#3191,1.);
#3191 = DIRECTION('',(0.,1.));
#3192 = ( GEOMETRIC_REPRESENTATION_CONTEXT(2) 
PARAMETRIC_REPRESENTATION_CONTEXT() REPRESENTATION_CONTEXT('2D SPACE',''
  ) );
#3193 = ORIENTED_EDGE('',*,*,#3194,.T.);
#3194 = EDGE_CURVE('',#3171,#3171,#3195,.T.);
#3195 = SURFACE_CURVE('',#3196,(#3201,#3208),.PCURVE_S1.);
#3196 = CIRCLE('',#3197,0.162249807396);
#3197 = AXIS2_PLACEMENT_3D('',#3198,#3199,#3200);
#3198 = CARTESIAN_POINT('',(-1.6,3.6,0.));
#3199 = DIRECTION('',(0.,0.,1.));
#3200 = DIRECTION('',(1.,0.,-0.));
#3201 = PCURVE('',#3146,#3202);
#3202 = DEFINITIONAL_REPRESENTATION('',(#3203),#3207);
#3203 = LINE('',#3204,#3205);
#3204 = CARTESIAN_POINT('',(0.,-0.80872033608));
#3205 = VECTOR('',#3206,1.);
#3206 = DIRECTION('',(1.,0.));
#3207 = ( GEOMETRIC_REPRESENTATION_CONTEXT(2) 
PARAMETRIC_REPRESENTATION_CONTEXT() REPRESENTATION_CONTEXT('2D SPACE',''
  ) );
#3208 = PCURVE('',#3209,#3214);
#3209 = PLANE('',#3210);
#3210 = AXIS2_PLACEMENT_3D('',#3211,#3212,#3213);
#3211 = CARTESIAN_POINT('',(-1.85,3.35,0.));
#3212 = DIRECTION('',(0.,0.,1.));
#3213 = DIRECTION('',(1.,0.,0.));
#3214 = DEFINITIONAL_REPRESENTATION('',(#3215),#3219);
#3215 = CIRCLE('',#3216,0.162249807396);
#3216 = AXIS2_PLACEMENT_2D('',#3217,#3218);
#3217 = CARTESIAN_POINT('',(0.25,0.25));
#3218 = DIRECTION('',(1.,0.));
#3219 = ( GEOMETRIC_REPRESENTATION_CONTEXT(2) 
PARAMETRIC_REPRESENTATION_CONTEXT() REPRESENTATION_CONTEXT('2D SPACE',''
  ) );
#3220 = ORIENTED_EDGE('',*,*,#3170,.T.);
#3221 = ADVANCED_FACE('',(#3222),#3158,.T.);
#3222 = FACE_BOUND('',#3223,.T.);
#3223 = EDGE_LOOP('',(#3224));
#3224 = ORIENTED_EDGE('',*,*,#3136,.T.);
#3225 = ADVANCED_FACE('',(#3226),#3209,.F.);
#3226 = FACE_BOUND('',#3227,.F.);
#3227 = EDGE_LOOP('',(#3228));
#3228 = ORIENTED_EDGE('',*,*,#3194,.T.);
#3229 = ( GEOMETRIC_REPRESENTATION_CONTEXT(3) 
GLOBAL_UNCERTAINTY_ASSIGNED_CONTEXT((#3233)) 
GLOBAL_UNIT_ASSIGNED_CONTEXT((#3230,#3231,#3232)) REPRESENTATION_CONTEXT
('Context #1','3D Context with UNIT and UNCERTAINTY') );
#3230 = ( LENGTH_UNIT() NAMED_UNIT(*) SI_UNIT(.MILLI.,.METRE.) );
#3231 = ( NAMED_UNIT(*) PLANE_ANGLE_UNIT() SI_UNIT($,.RADIAN.) );
#3232 = ( NAMED_UNIT(*) SI_UNIT($,.STERADIAN.) SOLID_ANGLE_UNIT() );
#3233 = UNCERTAINTY_MEASURE_WITH_UNIT(LENGTH_MEASURE(1.E-07),#3230,
  'distance_accuracy_value','confusion accuracy');
#3234 = CONTEXT_DEPENDENT_SHAPE_REPRESENTATION(#3235,#3237);
#3235 = ( REPRESENTATION_RELATIONSHIP('','',#3129,#10) 
REPRESENTATION_RELATIONSHIP_WITH_TRANSFORMATION(#3236) 
SHAPE_REPRESENTATION_RELATIONSHIP() );
#3236 = ITEM_DEFINED_TRANSFORMATION('','',#11,#99);
#3237 = PRODUCT_DEFINITION_SHAPE('Placement','Placement of an item',
  #3238);
#3238 = NEXT_ASSEMBLY_USAGE_OCCURRENCE('66','Ball_D3','',#5,#3124,$);
#3239 = PRODUCT_RELATED_PRODUCT_CATEGORY('part',$,(#3126));
#3240 = SHAPE_DEFINITION_REPRESENTATION(#3241,#3247);
#3241 = PRODUCT_DEFINITION_SHAPE('','',#3242);
#3242 = PRODUCT_DEFINITION('design','',#3243,#3246);
#3243 = PRODUCT_DEFINITION_FORMATION('','',#3244);
#3244 = PRODUCT('Ball_D7','Ball_D7','',(#3245));
#3245 = PRODUCT_CONTEXT('',#2,'mechanical');
#3246 = PRODUCT_DEFINITION_CONTEXT('part definition',#2,'design');
#3247 = ADVANCED_BREP_SHAPE_REPRESENTATION('',(#11,#3248),#3347);
#3248 = MANIFOLD_SOLID_BREP('',#3249);
#3249 = CLOSED_SHELL('',(#3250,#3339,#3343));
#3250 = ADVANCED_FACE('',(#3251),#3264,.T.);
#3251 = FACE_BOUND('',#3252,.T.);
#3252 = EDGE_LOOP('',(#3253,#3287,#3311,#3338));
#3253 = ORIENTED_EDGE('',*,*,#3254,.F.);
#3254 = EDGE_CURVE('',#3255,#3255,#3257,.T.);
#3255 = VERTEX_POINT('',#3256);
#3256 = CARTESIAN_POINT('',(1.762249807396,3.6,0.34));
#3257 = SURFACE_CURVE('',#3258,(#3263,#3275),.PCURVE_S1.);
#3258 = CIRCLE('',#3259,0.162249807396);
#3259 = AXIS2_PLACEMENT_3D('',#3260,#3261,#3262);
#3260 = CARTESIAN_POINT('',(1.6,3.6,0.34));
#3261 = DIRECTION('',(0.,0.,1.));
#3262 = DIRECTION('',(1.,0.,-0.));
#3263 = PCURVE('',#3264,#3269);
#3264 = SPHERICAL_SURFACE('',#3265,0.235);
#3265 = AXIS2_PLACEMENT_3D('',#3266,#3267,#3268);
#3266 = CARTESIAN_POINT('',(1.6,3.6,0.17));
#3267 = DIRECTION('',(0.,0.,1.));
#3268 = DIRECTION('',(1.,0.,0.));
#3269 = DEFINITIONAL_REPRESENTATION('',(#3270),#3274);
#3270 = LINE('',#3271,#3272);
#3271 = CARTESIAN_POINT('',(0.,0.80872033608));
#3272 = VECTOR('',#3273,1.);
#3273 = DIRECTION('',(1.,0.));
#3274 = ( GEOMETRIC_REPRESENTATION_CONTEXT(2) 
PARAMETRIC_REPRESENTATION_CONTEXT() REPRESENTATION_CONTEXT('2D SPACE',''
  ) );
#3275 = PCURVE('',#3276,#3281);
#3276 = PLANE('',#3277);
#3277 = AXIS2_PLACEMENT_3D('',#3278,#3279,#3280);
#3278 = CARTESIAN_POINT('',(1.35,3.35,0.34));
#3279 = DIRECTION('',(0.,0.,1.));
#3280 = DIRECTION('',(1.,0.,0.));
#3281 = DEFINITIONAL_REPRESENTATION('',(#3282),#3286);
#3282 = CIRCLE('',#3283,0.162249807396);
#3283 = AXIS2_PLACEMENT_2D('',#3284,#3285);
#3284 = CARTESIAN_POINT('',(0.25,0.25));
#3285 = DIRECTION('',(1.,0.));
#3286 = ( GEOMETRIC_REPRESENTATION_CONTEXT(2) 
PARAMETRIC_REPRESENTATION_CONTEXT() REPRESENTATION_CONTEXT('2D SPACE',''
  ) );
#3287 = ORIENTED_EDGE('',*,*,#3288,.F.);
#3288 = EDGE_CURVE('',#3289,#3255,#3291,.T.);
#3289 = VERTEX_POINT('',#3290);
#3290 = CARTESIAN_POINT('',(1.762249807396,3.6,-5.551115123126E-17));
#3291 = SEAM_CURVE('',#3292,(#3297,#3304),.PCURVE_S1.);
#3292 = CIRCLE('',#3293,0.235);
#3293 = AXIS2_PLACEMENT_3D('',#3294,#3295,#3296);
#3294 = CARTESIAN_POINT('',(1.6,3.6,0.17));
#3295 = DIRECTION('',(-2.449293598295E-16,-1.,0.));
#3296 = DIRECTION('',(1.,-2.449293598295E-16,0.));
#3297 = PCURVE('',#3264,#3298);
#3298 = DEFINITIONAL_REPRESENTATION('',(#3299),#3303);
#3299 = LINE('',#3300,#3301);
#3300 = CARTESIAN_POINT('',(6.28318530718,-6.28318530718));
#3301 = VECTOR('',#3302,1.);
#3302 = DIRECTION('',(0.,1.));
#3303 = ( GEOMETRIC_REPRESENTATION_CONTEXT(2) 
PARAMETRIC_REPRESENTATION_CONTEXT() REPRESENTATION_CONTEXT('2D SPACE',''
  ) );
#3304 = PCURVE('',#3264,#3305);
#3305 = DEFINITIONAL_REPRESENTATION('',(#3306),#3310);
#3306 = LINE('',#3307,#3308);
#3307 = CARTESIAN_POINT('',(0.,-6.28318530718));
#3308 = VECTOR('',#3309,1.);
#3309 = DIRECTION('',(0.,1.));
#3310 = ( GEOMETRIC_REPRESENTATION_CONTEXT(2) 
PARAMETRIC_REPRESENTATION_CONTEXT() REPRESENTATION_CONTEXT('2D SPACE',''
  ) );
#3311 = ORIENTED_EDGE('',*,*,#3312,.T.);
#3312 = EDGE_CURVE('',#3289,#3289,#3313,.T.);
#3313 = SURFACE_CURVE('',#3314,(#3319,#3326),.PCURVE_S1.);
#3314 = CIRCLE('',#3315,0.162249807396);
#3315 = AXIS2_PLACEMENT_3D('',#3316,#3317,#3318);
#3316 = CARTESIAN_POINT('',(1.6,3.6,0.));
#3317 = DIRECTION('',(0.,0.,1.));
#3318 = DIRECTION('',(1.,0.,-0.));
#3319 = PCURVE('',#3264,#3320);
#3320 = DEFINITIONAL_REPRESENTATION('',(#3321),#3325);
#3321 = LINE('',#3322,#3323);
#3322 = CARTESIAN_POINT('',(0.,-0.80872033608));
#3323 = VECTOR('',#3324,1.);
#3324 = DIRECTION('',(1.,0.));
#3325 = ( GEOMETRIC_REPRESENTATION_CONTEXT(2) 
PARAMETRIC_REPRESENTATION_CONTEXT() REPRESENTATION_CONTEXT('2D SPACE',''
  ) );
#3326 = PCURVE('',#3327,#3332);
#3327 = PLANE('',#3328);
#3328 = AXIS2_PLACEMENT_3D('',#3329,#3330,#3331);
#3329 = CARTESIAN_POINT('',(1.35,3.35,0.));
#3330 = DIRECTION('',(0.,0.,1.));
#3331 = DIRECTION('',(1.,0.,0.));
#3332 = DEFINITIONAL_REPRESENTATION('',(#3333),#3337);
#3333 = CIRCLE('',#3334,0.162249807396);
#3334 = AXIS2_PLACEMENT_2D('',#3335,#3336);
#3335 = CARTESIAN_POINT('',(0.25,0.25));
#3336 = DIRECTION('',(1.,0.));
#3337 = ( GEOMETRIC_REPRESENTATION_CONTEXT(2) 
PARAMETRIC_REPRESENTATION_CONTEXT() REPRESENTATION_CONTEXT('2D SPACE',''
  ) );
#3338 = ORIENTED_EDGE('',*,*,#3288,.T.);
#3339 = ADVANCED_FACE('',(#3340),#3276,.T.);
#3340 = FACE_BOUND('',#3341,.T.);
#3341 = EDGE_LOOP('',(#3342));
#3342 = ORIENTED_EDGE('',*,*,#3254,.T.);
#3343 = ADVANCED_FACE('',(#3344),#3327,.F.);
#3344 = FACE_BOUND('',#3345,.F.);
#3345 = EDGE_LOOP('',(#3346));
#3346 = ORIENTED_EDGE('',*,*,#3312,.T.);
#3347 = ( GEOMETRIC_REPRESENTATION_CONTEXT(3) 
GLOBAL_UNCERTAINTY_ASSIGNED_CONTEXT((#3351)) 
GLOBAL_UNIT_ASSIGNED_CONTEXT((#3348,#3349,#3350)) REPRESENTATION_CONTEXT
('Context #1','3D Context with UNIT and UNCERTAINTY') );
#3348 = ( LENGTH_UNIT() NAMED_UNIT(*) SI_UNIT(.MILLI.,.METRE.) );
#3349 = ( NAMED_UNIT(*) PLANE_ANGLE_UNIT() SI_UNIT($,.RADIAN.) );
#3350 = ( NAMED_UNIT(*) SI_UNIT($,.STERADIAN.) SOLID_ANGLE_UNIT() );
#3351 = UNCERTAINTY_MEASURE_WITH_UNIT(LENGTH_MEASURE(1.E-07),#3348,
  'distance_accuracy_value','confusion accuracy');
#3352 = CONTEXT_DEPENDENT_SHAPE_REPRESENTATION(#3353,#3355);
#3353 = ( REPRESENTATION_RELATIONSHIP('','',#3247,#10) 
REPRESENTATION_RELATIONSHIP_WITH_TRANSFORMATION(#3354) 
SHAPE_REPRESENTATION_RELATIONSHIP() );
#3354 = ITEM_DEFINED_TRANSFORMATION('','',#11,#103);
#3355 = PRODUCT_DEFINITION_SHAPE('Placement','Placement of an item',
  #3356);
#3356 = NEXT_ASSEMBLY_USAGE_OCCURRENCE('67','Ball_D7','',#5,#3242,$);
#3357 = PRODUCT_RELATED_PRODUCT_CATEGORY('part',$,(#3244));
#3358 = SHAPE_DEFINITION_REPRESENTATION(#3359,#3365);
#3359 = PRODUCT_DEFINITION_SHAPE('','',#3360);
#3360 = PRODUCT_DEFINITION('design','',#3361,#3364);
#3361 = PRODUCT_DEFINITION_FORMATION('','',#3362);
#3362 = PRODUCT('Ball_D8','Ball_D8','',(#3363));
#3363 = PRODUCT_CONTEXT('',#2,'mechanical');
#3364 = PRODUCT_DEFINITION_CONTEXT('part definition',#2,'design');
#3365 = ADVANCED_BREP_SHAPE_REPRESENTATION('',(#11,#3366),#3465);
#3366 = MANIFOLD_SOLID_BREP('',#3367);
#3367 = CLOSED_SHELL('',(#3368,#3457,#3461));
#3368 = ADVANCED_FACE('',(#3369),#3382,.T.);
#3369 = FACE_BOUND('',#3370,.T.);
#3370 = EDGE_LOOP('',(#3371,#3405,#3429,#3456));
#3371 = ORIENTED_EDGE('',*,*,#3372,.F.);
#3372 = EDGE_CURVE('',#3373,#3373,#3375,.T.);
#3373 = VERTEX_POINT('',#3374);
#3374 = CARTESIAN_POINT('',(2.562249807396,3.6,0.34));
#3375 = SURFACE_CURVE('',#3376,(#3381,#3393),.PCURVE_S1.);
#3376 = CIRCLE('',#3377,0.162249807396);
#3377 = AXIS2_PLACEMENT_3D('',#3378,#3379,#3380);
#3378 = CARTESIAN_POINT('',(2.4,3.6,0.34));
#3379 = DIRECTION('',(0.,0.,1.));
#3380 = DIRECTION('',(1.,0.,-0.));
#3381 = PCURVE('',#3382,#3387);
#3382 = SPHERICAL_SURFACE('',#3383,0.235);
#3383 = AXIS2_PLACEMENT_3D('',#3384,#3385,#3386);
#3384 = CARTESIAN_POINT('',(2.4,3.6,0.17));
#3385 = DIRECTION('',(0.,0.,1.));
#3386 = DIRECTION('',(1.,0.,0.));
#3387 = DEFINITIONAL_REPRESENTATION('',(#3388),#3392);
#3388 = LINE('',#3389,#3390);
#3389 = CARTESIAN_POINT('',(0.,0.80872033608));
#3390 = VECTOR('',#3391,1.);
#3391 = DIRECTION('',(1.,0.));
#3392 = ( GEOMETRIC_REPRESENTATION_CONTEXT(2) 
PARAMETRIC_REPRESENTATION_CONTEXT() REPRESENTATION_CONTEXT('2D SPACE',''
  ) );
#3393 = PCURVE('',#3394,#3399);
#3394 = PLANE('',#3395);
#3395 = AXIS2_PLACEMENT_3D('',#3396,#3397,#3398);
#3396 = CARTESIAN_POINT('',(2.15,3.35,0.34));
#3397 = DIRECTION('',(0.,0.,1.));
#3398 = DIRECTION('',(1.,0.,0.));
#3399 = DEFINITIONAL_REPRESENTATION('',(#3400),#3404);
#3400 = CIRCLE('',#3401,0.162249807396);
#3401 = AXIS2_PLACEMENT_2D('',#3402,#3403);
#3402 = CARTESIAN_POINT('',(0.25,0.25));
#3403 = DIRECTION('',(1.,0.));
#3404 = ( GEOMETRIC_REPRESENTATION_CONTEXT(2) 
PARAMETRIC_REPRESENTATION_CONTEXT() REPRESENTATION_CONTEXT('2D SPACE',''
  ) );
#3405 = ORIENTED_EDGE('',*,*,#3406,.F.);
#3406 = EDGE_CURVE('',#3407,#3373,#3409,.T.);
#3407 = VERTEX_POINT('',#3408);
#3408 = CARTESIAN_POINT('',(2.562249807396,3.6,-5.551115123126E-17));
#3409 = SEAM_CURVE('',#3410,(#3415,#3422),.PCURVE_S1.);
#3410 = CIRCLE('',#3411,0.235);
#3411 = AXIS2_PLACEMENT_3D('',#3412,#3413,#3414);
#3412 = CARTESIAN_POINT('',(2.4,3.6,0.17));
#3413 = DIRECTION('',(-2.449293598295E-16,-1.,0.));
#3414 = DIRECTION('',(1.,-2.449293598295E-16,0.));
#3415 = PCURVE('',#3382,#3416);
#3416 = DEFINITIONAL_REPRESENTATION('',(#3417),#3421);
#3417 = LINE('',#3418,#3419);
#3418 = CARTESIAN_POINT('',(6.28318530718,-6.28318530718));
#3419 = VECTOR('',#3420,1.);
#3420 = DIRECTION('',(0.,1.));
#3421 = ( GEOMETRIC_REPRESENTATION_CONTEXT(2) 
PARAMETRIC_REPRESENTATION_CONTEXT() REPRESENTATION_CONTEXT('2D SPACE',''
  ) );
#3422 = PCURVE('',#3382,#3423);
#3423 = DEFINITIONAL_REPRESENTATION('',(#3424),#3428);
#3424 = LINE('',#3425,#3426);
#3425 = CARTESIAN_POINT('',(0.,-6.28318530718));
#3426 = VECTOR('',#3427,1.);
#3427 = DIRECTION('',(0.,1.));
#3428 = ( GEOMETRIC_REPRESENTATION_CONTEXT(2) 
PARAMETRIC_REPRESENTATION_CONTEXT() REPRESENTATION_CONTEXT('2D SPACE',''
  ) );
#3429 = ORIENTED_EDGE('',*,*,#3430,.T.);
#3430 = EDGE_CURVE('',#3407,#3407,#3431,.T.);
#3431 = SURFACE_CURVE('',#3432,(#3437,#3444),.PCURVE_S1.);
#3432 = CIRCLE('',#3433,0.162249807396);
#3433 = AXIS2_PLACEMENT_3D('',#3434,#3435,#3436);
#3434 = CARTESIAN_POINT('',(2.4,3.6,0.));
#3435 = DIRECTION('',(0.,0.,1.));
#3436 = DIRECTION('',(1.,0.,-0.));
#3437 = PCURVE('',#3382,#3438);
#3438 = DEFINITIONAL_REPRESENTATION('',(#3439),#3443);
#3439 = LINE('',#3440,#3441);
#3440 = CARTESIAN_POINT('',(0.,-0.80872033608));
#3441 = VECTOR('',#3442,1.);
#3442 = DIRECTION('',(1.,0.));
#3443 = ( GEOMETRIC_REPRESENTATION_CONTEXT(2) 
PARAMETRIC_REPRESENTATION_CONTEXT() REPRESENTATION_CONTEXT('2D SPACE',''
  ) );
#3444 = PCURVE('',#3445,#3450);
#3445 = PLANE('',#3446);
#3446 = AXIS2_PLACEMENT_3D('',#3447,#3448,#3449);
#3447 = CARTESIAN_POINT('',(2.15,3.35,0.));
#3448 = DIRECTION('',(0.,0.,1.));
#3449 = DIRECTION('',(1.,0.,0.));
#3450 = DEFINITIONAL_REPRESENTATION('',(#3451),#3455);
#3451 = CIRCLE('',#3452,0.162249807396);
#3452 = AXIS2_PLACEMENT_2D('',#3453,#3454);
#3453 = CARTESIAN_POINT('',(0.25,0.25));
#3454 = DIRECTION('',(1.,0.));
#3455 = ( GEOMETRIC_REPRESENTATION_CONTEXT(2) 
PARAMETRIC_REPRESENTATION_CONTEXT() REPRESENTATION_CONTEXT('2D SPACE',''
  ) );
#3456 = ORIENTED_EDGE('',*,*,#3406,.T.);
#3457 = ADVANCED_FACE('',(#3458),#3394,.T.);
#3458 = FACE_BOUND('',#3459,.T.);
#3459 = EDGE_LOOP('',(#3460));
#3460 = ORIENTED_EDGE('',*,*,#3372,.T.);
#3461 = ADVANCED_FACE('',(#3462),#3445,.F.);
#3462 = FACE_BOUND('',#3463,.F.);
#3463 = EDGE_LOOP('',(#3464));
#3464 = ORIENTED_EDGE('',*,*,#3430,.T.);
#3465 = ( GEOMETRIC_REPRESENTATION_CONTEXT(3) 
GLOBAL_UNCERTAINTY_ASSIGNED_CONTEXT((#3469)) 
GLOBAL_UNIT_ASSIGNED_CONTEXT((#3466,#3467,#3468)) REPRESENTATION_CONTEXT
('Context #1','3D Context with UNIT and UNCERTAINTY') );
#3466 = ( LENGTH_UNIT() NAMED_UNIT(*) SI_UNIT(.MILLI.,.METRE.) );
#3467 = ( NAMED_UNIT(*) PLANE_ANGLE_UNIT() SI_UNIT($,.RADIAN.) );
#3468 = ( NAMED_UNIT(*) SI_UNIT($,.STERADIAN.) SOLID_ANGLE_UNIT() );
#3469 = UNCERTAINTY_MEASURE_WITH_UNIT(LENGTH_MEASURE(1.E-07),#3466,
  'distance_accuracy_value','confusion accuracy');
#3470 = CONTEXT_DEPENDENT_SHAPE_REPRESENTATION(#3471,#3473);
#3471 = ( REPRESENTATION_RELATIONSHIP('','',#3365,#10) 
REPRESENTATION_RELATIONSHIP_WITH_TRANSFORMATION(#3472) 
SHAPE_REPRESENTATION_RELATIONSHIP() );
#3472 = ITEM_DEFINED_TRANSFORMATION('','',#11,#107);
#3473 = PRODUCT_DEFINITION_SHAPE('Placement','Placement of an item',
  #3474);
#3474 = NEXT_ASSEMBLY_USAGE_OCCURRENCE('68','Ball_D8','',#5,#3360,$);
#3475 = PRODUCT_RELATED_PRODUCT_CATEGORY('part',$,(#3362));
#3476 = SHAPE_DEFINITION_REPRESENTATION(#3477,#3483);
#3477 = PRODUCT_DEFINITION_SHAPE('','',#3478);
#3478 = PRODUCT_DEFINITION('design','',#3479,#3482);
#3479 = PRODUCT_DEFINITION_FORMATION('','',#3480);
#3480 = PRODUCT('Ball_D9','Ball_D9','',(#3481));
#3481 = PRODUCT_CONTEXT('',#2,'mechanical');
#3482 = PRODUCT_DEFINITION_CONTEXT('part definition',#2,'design');
#3483 = ADVANCED_BREP_SHAPE_REPRESENTATION('',(#11,#3484),#3583);
#3484 = MANIFOLD_SOLID_BREP('',#3485);
#3485 = CLOSED_SHELL('',(#3486,#3575,#3579));
#3486 = ADVANCED_FACE('',(#3487),#3500,.T.);
#3487 = FACE_BOUND('',#3488,.T.);
#3488 = EDGE_LOOP('',(#3489,#3523,#3547,#3574));
#3489 = ORIENTED_EDGE('',*,*,#3490,.F.);
#3490 = EDGE_CURVE('',#3491,#3491,#3493,.T.);
#3491 = VERTEX_POINT('',#3492);
#3492 = CARTESIAN_POINT('',(3.362249807396,3.6,0.34));
#3493 = SURFACE_CURVE('',#3494,(#3499,#3511),.PCURVE_S1.);
#3494 = CIRCLE('',#3495,0.162249807396);
#3495 = AXIS2_PLACEMENT_3D('',#3496,#3497,#3498);
#3496 = CARTESIAN_POINT('',(3.2,3.6,0.34));
#3497 = DIRECTION('',(0.,0.,1.));
#3498 = DIRECTION('',(1.,0.,-0.));
#3499 = PCURVE('',#3500,#3505);
#3500 = SPHERICAL_SURFACE('',#3501,0.235);
#3501 = AXIS2_PLACEMENT_3D('',#3502,#3503,#3504);
#3502 = CARTESIAN_POINT('',(3.2,3.6,0.17));
#3503 = DIRECTION('',(0.,0.,1.));
#3504 = DIRECTION('',(1.,0.,0.));
#3505 = DEFINITIONAL_REPRESENTATION('',(#3506),#3510);
#3506 = LINE('',#3507,#3508);
#3507 = CARTESIAN_POINT('',(0.,0.80872033608));
#3508 = VECTOR('',#3509,1.);
#3509 = DIRECTION('',(1.,0.));
#3510 = ( GEOMETRIC_REPRESENTATION_CONTEXT(2) 
PARAMETRIC_REPRESENTATION_CONTEXT() REPRESENTATION_CONTEXT('2D SPACE',''
  ) );
#3511 = PCURVE('',#3512,#3517);
#3512 = PLANE('',#3513);
#3513 = AXIS2_PLACEMENT_3D('',#3514,#3515,#3516);
#3514 = CARTESIAN_POINT('',(2.95,3.35,0.34));
#3515 = DIRECTION('',(0.,0.,1.));
#3516 = DIRECTION('',(1.,0.,0.));
#3517 = DEFINITIONAL_REPRESENTATION('',(#3518),#3522);
#3518 = CIRCLE('',#3519,0.162249807396);
#3519 = AXIS2_PLACEMENT_2D('',#3520,#3521);
#3520 = CARTESIAN_POINT('',(0.25,0.25));
#3521 = DIRECTION('',(1.,0.));
#3522 = ( GEOMETRIC_REPRESENTATION_CONTEXT(2) 
PARAMETRIC_REPRESENTATION_CONTEXT() REPRESENTATION_CONTEXT('2D SPACE',''
  ) );
#3523 = ORIENTED_EDGE('',*,*,#3524,.F.);
#3524 = EDGE_CURVE('',#3525,#3491,#3527,.T.);
#3525 = VERTEX_POINT('',#3526);
#3526 = CARTESIAN_POINT('',(3.362249807396,3.6,-5.551115123126E-17));
#3527 = SEAM_CURVE('',#3528,(#3533,#3540),.PCURVE_S1.);
#3528 = CIRCLE('',#3529,0.235);
#3529 = AXIS2_PLACEMENT_3D('',#3530,#3531,#3532);
#3530 = CARTESIAN_POINT('',(3.2,3.6,0.17));
#3531 = DIRECTION('',(-2.449293598295E-16,-1.,0.));
#3532 = DIRECTION('',(1.,-2.449293598295E-16,0.));
#3533 = PCURVE('',#3500,#3534);
#3534 = DEFINITIONAL_REPRESENTATION('',(#3535),#3539);
#3535 = LINE('',#3536,#3537);
#3536 = CARTESIAN_POINT('',(6.28318530718,-6.28318530718));
#3537 = VECTOR('',#3538,1.);
#3538 = DIRECTION('',(0.,1.));
#3539 = ( GEOMETRIC_REPRESENTATION_CONTEXT(2) 
PARAMETRIC_REPRESENTATION_CONTEXT() REPRESENTATION_CONTEXT('2D SPACE',''
  ) );
#3540 = PCURVE('',#3500,#3541);
#3541 = DEFINITIONAL_REPRESENTATION('',(#3542),#3546);
#3542 = LINE('',#3543,#3544);
#3543 = CARTESIAN_POINT('',(0.,-6.28318530718));
#3544 = VECTOR('',#3545,1.);
#3545 = DIRECTION('',(0.,1.));
#3546 = ( GEOMETRIC_REPRESENTATION_CONTEXT(2) 
PARAMETRIC_REPRESENTATION_CONTEXT() REPRESENTATION_CONTEXT('2D SPACE',''
  ) );
#3547 = ORIENTED_EDGE('',*,*,#3548,.T.);
#3548 = EDGE_CURVE('',#3525,#3525,#3549,.T.);
#3549 = SURFACE_CURVE('',#3550,(#3555,#3562),.PCURVE_S1.);
#3550 = CIRCLE('',#3551,0.162249807396);
#3551 = AXIS2_PLACEMENT_3D('',#3552,#3553,#3554);
#3552 = CARTESIAN_POINT('',(3.2,3.6,0.));
#3553 = DIRECTION('',(0.,0.,1.));
#3554 = DIRECTION('',(1.,0.,-0.));
#3555 = PCURVE('',#3500,#3556);
#3556 = DEFINITIONAL_REPRESENTATION('',(#3557),#3561);
#3557 = LINE('',#3558,#3559);
#3558 = CARTESIAN_POINT('',(0.,-0.80872033608));
#3559 = VECTOR('',#3560,1.);
#3560 = DIRECTION('',(1.,0.));
#3561 = ( GEOMETRIC_REPRESENTATION_CONTEXT(2) 
PARAMETRIC_REPRESENTATION_CONTEXT() REPRESENTATION_CONTEXT('2D SPACE',''
  ) );
#3562 = PCURVE('',#3563,#3568);
#3563 = PLANE('',#3564);
#3564 = AXIS2_PLACEMENT_3D('',#3565,#3566,#3567);
#3565 = CARTESIAN_POINT('',(2.95,3.35,0.));
#3566 = DIRECTION('',(0.,0.,1.));
#3567 = DIRECTION('',(1.,0.,0.));
#3568 = DEFINITIONAL_REPRESENTATION('',(#3569),#3573);
#3569 = CIRCLE('',#3570,0.162249807396);
#3570 = AXIS2_PLACEMENT_2D('',#3571,#3572);
#3571 = CARTESIAN_POINT('',(0.25,0.25));
#3572 = DIRECTION('',(1.,0.));
#3573 = ( GEOMETRIC_REPRESENTATION_CONTEXT(2) 
PARAMETRIC_REPRESENTATION_CONTEXT() REPRESENTATION_CONTEXT('2D SPACE',''
  ) );
#3574 = ORIENTED_EDGE('',*,*,#3524,.T.);
#3575 = ADVANCED_FACE('',(#3576),#3512,.T.);
#3576 = FACE_BOUND('',#3577,.T.);
#3577 = EDGE_LOOP('',(#3578));
#3578 = ORIENTED_EDGE('',*,*,#3490,.T.);
#3579 = ADVANCED_FACE('',(#3580),#3563,.F.);
#3580 = FACE_BOUND('',#3581,.F.);
#3581 = EDGE_LOOP('',(#3582));
#3582 = ORIENTED_EDGE('',*,*,#3548,.T.);
#3583 = ( GEOMETRIC_REPRESENTATION_CONTEXT(3) 
GLOBAL_UNCERTAINTY_ASSIGNED_CONTEXT((#3587)) 
GLOBAL_UNIT_ASSIGNED_CONTEXT((#3584,#3585,#3586)) REPRESENTATION_CONTEXT
('Context #1','3D Context with UNIT and UNCERTAINTY') );
#3584 = ( LENGTH_UNIT() NAMED_UNIT(*) SI_UNIT(.MILLI.,.METRE.) );
#3585 = ( NAMED_UNIT(*) PLANE_ANGLE_UNIT() SI_UNIT($,.RADIAN.) );
#3586 = ( NAMED_UNIT(*) SI_UNIT($,.STERADIAN.) SOLID_ANGLE_UNIT() );
#3587 = UNCERTAINTY_MEASURE_WITH_UNIT(LENGTH_MEASURE(1.E-07),#3584,
  'distance_accuracy_value','confusion accuracy');
#3588 = CONTEXT_DEPENDENT_SHAPE_REPRESENTATION(#3589,#3591);
#3589 = ( REPRESENTATION_RELATIONSHIP('','',#3483,#10) 
REPRESENTATION_RELATIONSHIP_WITH_TRANSFORMATION(#3590) 
SHAPE_REPRESENTATION_RELATIONSHIP() );
#3590 = ITEM_DEFINED_TRANSFORMATION('','',#11,#111);
#3591 = PRODUCT_DEFINITION_SHAPE('Placement','Placement of an item',
  #3592);
#3592 = NEXT_ASSEMBLY_USAGE_OCCURRENCE('69','Ball_D9','',#5,#3478,$);
#3593 = PRODUCT_RELATED_PRODUCT_CATEGORY('part',$,(#3480));
#3594 = SHAPE_DEFINITION_REPRESENTATION(#3595,#3601);
#3595 = PRODUCT_DEFINITION_SHAPE('','',#3596);
#3596 = PRODUCT_DEFINITION('design','',#3597,#3600);
#3597 = PRODUCT_DEFINITION_FORMATION('','',#3598);
#3598 = PRODUCT('Ball_E1','Ball_E1','',(#3599));
#3599 = PRODUCT_CONTEXT('',#2,'mechanical');
#3600 = PRODUCT_DEFINITION_CONTEXT('part definition',#2,'design');
#3601 = ADVANCED_BREP_SHAPE_REPRESENTATION('',(#11,#3602),#3701);
#3602 = MANIFOLD_SOLID_BREP('',#3603);
#3603 = CLOSED_SHELL('',(#3604,#3693,#3697));
#3604 = ADVANCED_FACE('',(#3605),#3618,.T.);
#3605 = FACE_BOUND('',#3606,.T.);
#3606 = EDGE_LOOP('',(#3607,#3641,#3665,#3692));
#3607 = ORIENTED_EDGE('',*,*,#3608,.F.);
#3608 = EDGE_CURVE('',#3609,#3609,#3611,.T.);
#3609 = VERTEX_POINT('',#3610);
#3610 = CARTESIAN_POINT('',(-3.037750192604,2.8,0.34));
#3611 = SURFACE_CURVE('',#3612,(#3617,#3629),.PCURVE_S1.);
#3612 = CIRCLE('',#3613,0.162249807396);
#3613 = AXIS2_PLACEMENT_3D('',#3614,#3615,#3616);
#3614 = CARTESIAN_POINT('',(-3.2,2.8,0.34));
#3615 = DIRECTION('',(0.,0.,1.));
#3616 = DIRECTION('',(1.,0.,-0.));
#3617 = PCURVE('',#3618,#3623);
#3618 = SPHERICAL_SURFACE('',#3619,0.235);
#3619 = AXIS2_PLACEMENT_3D('',#3620,#3621,#3622);
#3620 = CARTESIAN_POINT('',(-3.2,2.8,0.17));
#3621 = DIRECTION('',(0.,0.,1.));
#3622 = DIRECTION('',(1.,0.,0.));
#3623 = DEFINITIONAL_REPRESENTATION('',(#3624),#3628);
#3624 = LINE('',#3625,#3626);
#3625 = CARTESIAN_POINT('',(0.,0.80872033608));
#3626 = VECTOR('',#3627,1.);
#3627 = DIRECTION('',(1.,0.));
#3628 = ( GEOMETRIC_REPRESENTATION_CONTEXT(2) 
PARAMETRIC_REPRESENTATION_CONTEXT() REPRESENTATION_CONTEXT('2D SPACE',''
  ) );
#3629 = PCURVE('',#3630,#3635);
#3630 = PLANE('',#3631);
#3631 = AXIS2_PLACEMENT_3D('',#3632,#3633,#3634);
#3632 = CARTESIAN_POINT('',(-3.45,2.55,0.34));
#3633 = DIRECTION('',(0.,0.,1.));
#3634 = DIRECTION('',(1.,0.,0.));
#3635 = DEFINITIONAL_REPRESENTATION('',(#3636),#3640);
#3636 = CIRCLE('',#3637,0.162249807396);
#3637 = AXIS2_PLACEMENT_2D('',#3638,#3639);
#3638 = CARTESIAN_POINT('',(0.25,0.25));
#3639 = DIRECTION('',(1.,0.));
#3640 = ( GEOMETRIC_REPRESENTATION_CONTEXT(2) 
PARAMETRIC_REPRESENTATION_CONTEXT() REPRESENTATION_CONTEXT('2D SPACE',''
  ) );
#3641 = ORIENTED_EDGE('',*,*,#3642,.F.);
#3642 = EDGE_CURVE('',#3643,#3609,#3645,.T.);
#3643 = VERTEX_POINT('',#3644);
#3644 = CARTESIAN_POINT('',(-3.037750192604,2.8,-5.551115123126E-17));
#3645 = SEAM_CURVE('',#3646,(#3651,#3658),.PCURVE_S1.);
#3646 = CIRCLE('',#3647,0.235);
#3647 = AXIS2_PLACEMENT_3D('',#3648,#3649,#3650);
#3648 = CARTESIAN_POINT('',(-3.2,2.8,0.17));
#3649 = DIRECTION('',(-2.449293598295E-16,-1.,0.));
#3650 = DIRECTION('',(1.,-2.449293598295E-16,0.));
#3651 = PCURVE('',#3618,#3652);
#3652 = DEFINITIONAL_REPRESENTATION('',(#3653),#3657);
#3653 = LINE('',#3654,#3655);
#3654 = CARTESIAN_POINT('',(6.28318530718,-6.28318530718));
#3655 = VECTOR('',#3656,1.);
#3656 = DIRECTION('',(0.,1.));
#3657 = ( GEOMETRIC_REPRESENTATION_CONTEXT(2) 
PARAMETRIC_REPRESENTATION_CONTEXT() REPRESENTATION_CONTEXT('2D SPACE',''
  ) );
#3658 = PCURVE('',#3618,#3659);
#3659 = DEFINITIONAL_REPRESENTATION('',(#3660),#3664);
#3660 = LINE('',#3661,#3662);
#3661 = CARTESIAN_POINT('',(0.,-6.28318530718));
#3662 = VECTOR('',#3663,1.);
#3663 = DIRECTION('',(0.,1.));
#3664 = ( GEOMETRIC_REPRESENTATION_CONTEXT(2) 
PARAMETRIC_REPRESENTATION_CONTEXT() REPRESENTATION_CONTEXT('2D SPACE',''
  ) );
#3665 = ORIENTED_EDGE('',*,*,#3666,.T.);
#3666 = EDGE_CURVE('',#3643,#3643,#3667,.T.);
#3667 = SURFACE_CURVE('',#3668,(#3673,#3680),.PCURVE_S1.);
#3668 = CIRCLE('',#3669,0.162249807396);
#3669 = AXIS2_PLACEMENT_3D('',#3670,#3671,#3672);
#3670 = CARTESIAN_POINT('',(-3.2,2.8,0.));
#3671 = DIRECTION('',(0.,0.,1.));
#3672 = DIRECTION('',(1.,0.,-0.));
#3673 = PCURVE('',#3618,#3674);
#3674 = DEFINITIONAL_REPRESENTATION('',(#3675),#3679);
#3675 = LINE('',#3676,#3677);
#3676 = CARTESIAN_POINT('',(0.,-0.80872033608));
#3677 = VECTOR('',#3678,1.);
#3678 = DIRECTION('',(1.,0.));
#3679 = ( GEOMETRIC_REPRESENTATION_CONTEXT(2) 
PARAMETRIC_REPRESENTATION_CONTEXT() REPRESENTATION_CONTEXT('2D SPACE',''
  ) );
#3680 = PCURVE('',#3681,#3686);
#3681 = PLANE('',#3682);
#3682 = AXIS2_PLACEMENT_3D('',#3683,#3684,#3685);
#3683 = CARTESIAN_POINT('',(-3.45,2.55,0.));
#3684 = DIRECTION('',(0.,0.,1.));
#3685 = DIRECTION('',(1.,0.,0.));
#3686 = DEFINITIONAL_REPRESENTATION('',(#3687),#3691);
#3687 = CIRCLE('',#3688,0.162249807396);
#3688 = AXIS2_PLACEMENT_2D('',#3689,#3690);
#3689 = CARTESIAN_POINT('',(0.25,0.25));
#3690 = DIRECTION('',(1.,0.));
#3691 = ( GEOMETRIC_REPRESENTATION_CONTEXT(2) 
PARAMETRIC_REPRESENTATION_CONTEXT() REPRESENTATION_CONTEXT('2D SPACE',''
  ) );
#3692 = ORIENTED_EDGE('',*,*,#3642,.T.);
#3693 = ADVANCED_FACE('',(#3694),#3630,.T.);
#3694 = FACE_BOUND('',#3695,.T.);
#3695 = EDGE_LOOP('',(#3696));
#3696 = ORIENTED_EDGE('',*,*,#3608,.T.);
#3697 = ADVANCED_FACE('',(#3698),#3681,.F.);
#3698 = FACE_BOUND('',#3699,.F.);
#3699 = EDGE_LOOP('',(#3700));
#3700 = ORIENTED_EDGE('',*,*,#3666,.T.);
#3701 = ( GEOMETRIC_REPRESENTATION_CONTEXT(3) 
GLOBAL_UNCERTAINTY_ASSIGNED_CONTEXT((#3705)) 
GLOBAL_UNIT_ASSIGNED_CONTEXT((#3702,#3703,#3704)) REPRESENTATION_CONTEXT
('Context #1','3D Context with UNIT and UNCERTAINTY') );
#3702 = ( LENGTH_UNIT() NAMED_UNIT(*) SI_UNIT(.MILLI.,.METRE.) );
#3703 = ( NAMED_UNIT(*) PLANE_ANGLE_UNIT() SI_UNIT($,.RADIAN.) );
#3704 = ( NAMED_UNIT(*) SI_UNIT($,.STERADIAN.) SOLID_ANGLE_UNIT() );
#3705 = UNCERTAINTY_MEASURE_WITH_UNIT(LENGTH_MEASURE(1.E-07),#3702,
  'distance_accuracy_value','confusion accuracy');
#3706 = CONTEXT_DEPENDENT_SHAPE_REPRESENTATION(#3707,#3709);
#3707 = ( REPRESENTATION_RELATIONSHIP('','',#3601,#10) 
REPRESENTATION_RELATIONSHIP_WITH_TRANSFORMATION(#3708) 
SHAPE_REPRESENTATION_RELATIONSHIP() );
#3708 = ITEM_DEFINED_TRANSFORMATION('','',#11,#115);
#3709 = PRODUCT_DEFINITION_SHAPE('Placement','Placement of an item',
  #3710);
#3710 = NEXT_ASSEMBLY_USAGE_OCCURRENCE('70','Ball_E1','',#5,#3596,$);
#3711 = PRODUCT_RELATED_PRODUCT_CATEGORY('part',$,(#3598));
#3712 = SHAPE_DEFINITION_REPRESENTATION(#3713,#3719);
#3713 = PRODUCT_DEFINITION_SHAPE('','',#3714);
#3714 = PRODUCT_DEFINITION('design','',#3715,#3718);
#3715 = PRODUCT_DEFINITION_FORMATION('','',#3716);
#3716 = PRODUCT('Ball_E2','Ball_E2','',(#3717));
#3717 = PRODUCT_CONTEXT('',#2,'mechanical');
#3718 = PRODUCT_DEFINITION_CONTEXT('part definition',#2,'design');
#3719 = ADVANCED_BREP_SHAPE_REPRESENTATION('',(#11,#3720),#3819);
#3720 = MANIFOLD_SOLID_BREP('',#3721);
#3721 = CLOSED_SHELL('',(#3722,#3811,#3815));
#3722 = ADVANCED_FACE('',(#3723),#3736,.T.);
#3723 = FACE_BOUND('',#3724,.T.);
#3724 = EDGE_LOOP('',(#3725,#3759,#3783,#3810));
#3725 = ORIENTED_EDGE('',*,*,#3726,.F.);
#3726 = EDGE_CURVE('',#3727,#3727,#3729,.T.);
#3727 = VERTEX_POINT('',#3728);
#3728 = CARTESIAN_POINT('',(-2.237750192604,2.8,0.34));
#3729 = SURFACE_CURVE('',#3730,(#3735,#3747),.PCURVE_S1.);
#3730 = CIRCLE('',#3731,0.162249807396);
#3731 = AXIS2_PLACEMENT_3D('',#3732,#3733,#3734);
#3732 = CARTESIAN_POINT('',(-2.4,2.8,0.34));
#3733 = DIRECTION('',(0.,0.,1.));
#3734 = DIRECTION('',(1.,0.,-0.));
#3735 = PCURVE('',#3736,#3741);
#3736 = SPHERICAL_SURFACE('',#3737,0.235);
#3737 = AXIS2_PLACEMENT_3D('',#3738,#3739,#3740);
#3738 = CARTESIAN_POINT('',(-2.4,2.8,0.17));
#3739 = DIRECTION('',(0.,0.,1.));
#3740 = DIRECTION('',(1.,0.,0.));
#3741 = DEFINITIONAL_REPRESENTATION('',(#3742),#3746);
#3742 = LINE('',#3743,#3744);
#3743 = CARTESIAN_POINT('',(0.,0.80872033608));
#3744 = VECTOR('',#3745,1.);
#3745 = DIRECTION('',(1.,0.));
#3746 = ( GEOMETRIC_REPRESENTATION_CONTEXT(2) 
PARAMETRIC_REPRESENTATION_CONTEXT() REPRESENTATION_CONTEXT('2D SPACE',''
  ) );
#3747 = PCURVE('',#3748,#3753);
#3748 = PLANE('',#3749);
#3749 = AXIS2_PLACEMENT_3D('',#3750,#3751,#3752);
#3750 = CARTESIAN_POINT('',(-2.65,2.55,0.34));
#3751 = DIRECTION('',(0.,0.,1.));
#3752 = DIRECTION('',(1.,0.,0.));
#3753 = DEFINITIONAL_REPRESENTATION('',(#3754),#3758);
#3754 = CIRCLE('',#3755,0.162249807396);
#3755 = AXIS2_PLACEMENT_2D('',#3756,#3757);
#3756 = CARTESIAN_POINT('',(0.25,0.25));
#3757 = DIRECTION('',(1.,0.));
#3758 = ( GEOMETRIC_REPRESENTATION_CONTEXT(2) 
PARAMETRIC_REPRESENTATION_CONTEXT() REPRESENTATION_CONTEXT('2D SPACE',''
  ) );
#3759 = ORIENTED_EDGE('',*,*,#3760,.F.);
#3760 = EDGE_CURVE('',#3761,#3727,#3763,.T.);
#3761 = VERTEX_POINT('',#3762);
#3762 = CARTESIAN_POINT('',(-2.237750192604,2.8,-5.551115123126E-17));
#3763 = SEAM_CURVE('',#3764,(#3769,#3776),.PCURVE_S1.);
#3764 = CIRCLE('',#3765,0.235);
#3765 = AXIS2_PLACEMENT_3D('',#3766,#3767,#3768);
#3766 = CARTESIAN_POINT('',(-2.4,2.8,0.17));
#3767 = DIRECTION('',(-2.449293598295E-16,-1.,0.));
#3768 = DIRECTION('',(1.,-2.449293598295E-16,0.));
#3769 = PCURVE('',#3736,#3770);
#3770 = DEFINITIONAL_REPRESENTATION('',(#3771),#3775);
#3771 = LINE('',#3772,#3773);
#3772 = CARTESIAN_POINT('',(6.28318530718,-6.28318530718));
#3773 = VECTOR('',#3774,1.);
#3774 = DIRECTION('',(0.,1.));
#3775 = ( GEOMETRIC_REPRESENTATION_CONTEXT(2) 
PARAMETRIC_REPRESENTATION_CONTEXT() REPRESENTATION_CONTEXT('2D SPACE',''
  ) );
#3776 = PCURVE('',#3736,#3777);
#3777 = DEFINITIONAL_REPRESENTATION('',(#3778),#3782);
#3778 = LINE('',#3779,#3780);
#3779 = CARTESIAN_POINT('',(0.,-6.28318530718));
#3780 = VECTOR('',#3781,1.);
#3781 = DIRECTION('',(0.,1.));
#3782 = ( GEOMETRIC_REPRESENTATION_CONTEXT(2) 
PARAMETRIC_REPRESENTATION_CONTEXT() REPRESENTATION_CONTEXT('2D SPACE',''
  ) );
#3783 = ORIENTED_EDGE('',*,*,#3784,.T.);
#3784 = EDGE_CURVE('',#3761,#3761,#3785,.T.);
#3785 = SURFACE_CURVE('',#3786,(#3791,#3798),.PCURVE_S1.);
#3786 = CIRCLE('',#3787,0.162249807396);
#3787 = AXIS2_PLACEMENT_3D('',#3788,#3789,#3790);
#3788 = CARTESIAN_POINT('',(-2.4,2.8,0.));
#3789 = DIRECTION('',(0.,0.,1.));
#3790 = DIRECTION('',(1.,0.,-0.));
#3791 = PCURVE('',#3736,#3792);
#3792 = DEFINITIONAL_REPRESENTATION('',(#3793),#3797);
#3793 = LINE('',#3794,#3795);
#3794 = CARTESIAN_POINT('',(0.,-0.80872033608));
#3795 = VECTOR('',#3796,1.);
#3796 = DIRECTION('',(1.,0.));
#3797 = ( GEOMETRIC_REPRESENTATION_CONTEXT(2) 
PARAMETRIC_REPRESENTATION_CONTEXT() REPRESENTATION_CONTEXT('2D SPACE',''
  ) );
#3798 = PCURVE('',#3799,#3804);
#3799 = PLANE('',#3800);
#3800 = AXIS2_PLACEMENT_3D('',#3801,#3802,#3803);
#3801 = CARTESIAN_POINT('',(-2.65,2.55,0.));
#3802 = DIRECTION('',(0.,0.,1.));
#3803 = DIRECTION('',(1.,0.,0.));
#3804 = DEFINITIONAL_REPRESENTATION('',(#3805),#3809);
#3805 = CIRCLE('',#3806,0.162249807396);
#3806 = AXIS2_PLACEMENT_2D('',#3807,#3808);
#3807 = CARTESIAN_POINT('',(0.25,0.25));
#3808 = DIRECTION('',(1.,0.));
#3809 = ( GEOMETRIC_REPRESENTATION_CONTEXT(2) 
PARAMETRIC_REPRESENTATION_CONTEXT() REPRESENTATION_CONTEXT('2D SPACE',''
  ) );
#3810 = ORIENTED_EDGE('',*,*,#3760,.T.);
#3811 = ADVANCED_FACE('',(#3812),#3748,.T.);
#3812 = FACE_BOUND('',#3813,.T.);
#3813 = EDGE_LOOP('',(#3814));
#3814 = ORIENTED_EDGE('',*,*,#3726,.T.);
#3815 = ADVANCED_FACE('',(#3816),#3799,.F.);
#3816 = FACE_BOUND('',#3817,.F.);
#3817 = EDGE_LOOP('',(#3818));
#3818 = ORIENTED_EDGE('',*,*,#3784,.T.);
#3819 = ( GEOMETRIC_REPRESENTATION_CONTEXT(3) 
GLOBAL_UNCERTAINTY_ASSIGNED_CONTEXT((#3823)) 
GLOBAL_UNIT_ASSIGNED_CONTEXT((#3820,#3821,#3822)) REPRESENTATION_CONTEXT
('Context #1','3D Context with UNIT and UNCERTAINTY') );
#3820 = ( LENGTH_UNIT() NAMED_UNIT(*) SI_UNIT(.MILLI.,.METRE.) );
#3821 = ( NAMED_UNIT(*) PLANE_ANGLE_UNIT() SI_UNIT($,.RADIAN.) );
#3822 = ( NAMED_UNIT(*) SI_UNIT($,.STERADIAN.) SOLID_ANGLE_UNIT() );
#3823 = UNCERTAINTY_MEASURE_WITH_UNIT(LENGTH_MEASURE(1.E-07),#3820,
  'distance_accuracy_value','confusion accuracy');
#3824 = CONTEXT_DEPENDENT_SHAPE_REPRESENTATION(#3825,#3827);
#3825 = ( REPRESENTATION_RELATIONSHIP('','',#3719,#10) 
REPRESENTATION_RELATIONSHIP_WITH_TRANSFORMATION(#3826) 
SHAPE_REPRESENTATION_RELATIONSHIP() );
#3826 = ITEM_DEFINED_TRANSFORMATION('','',#11,#119);
#3827 = PRODUCT_DEFINITION_SHAPE('Placement','Placement of an item',
  #3828);
#3828 = NEXT_ASSEMBLY_USAGE_OCCURRENCE('71','Ball_E2','',#5,#3714,$);
#3829 = PRODUCT_RELATED_PRODUCT_CATEGORY('part',$,(#3716));
#3830 = SHAPE_DEFINITION_REPRESENTATION(#3831,#3837);
#3831 = PRODUCT_DEFINITION_SHAPE('','',#3832);
#3832 = PRODUCT_DEFINITION('design','',#3833,#3836);
#3833 = PRODUCT_DEFINITION_FORMATION('','',#3834);
#3834 = PRODUCT('Ball_E3','Ball_E3','',(#3835));
#3835 = PRODUCT_CONTEXT('',#2,'mechanical');
#3836 = PRODUCT_DEFINITION_CONTEXT('part definition',#2,'design');
#3837 = ADVANCED_BREP_SHAPE_REPRESENTATION('',(#11,#3838),#3937);
#3838 = MANIFOLD_SOLID_BREP('',#3839);
#3839 = CLOSED_SHELL('',(#3840,#3929,#3933));
#3840 = ADVANCED_FACE('',(#3841),#3854,.T.);
#3841 = FACE_BOUND('',#3842,.T.);
#3842 = EDGE_LOOP('',(#3843,#3877,#3901,#3928));
#3843 = ORIENTED_EDGE('',*,*,#3844,.F.);
#3844 = EDGE_CURVE('',#3845,#3845,#3847,.T.);
#3845 = VERTEX_POINT('',#3846);
#3846 = CARTESIAN_POINT('',(-1.437750192604,2.8,0.34));
#3847 = SURFACE_CURVE('',#3848,(#3853,#3865),.PCURVE_S1.);
#3848 = CIRCLE('',#3849,0.162249807396);
#3849 = AXIS2_PLACEMENT_3D('',#3850,#3851,#3852);
#3850 = CARTESIAN_POINT('',(-1.6,2.8,0.34));
#3851 = DIRECTION('',(0.,0.,1.));
#3852 = DIRECTION('',(1.,0.,-0.));
#3853 = PCURVE('',#3854,#3859);
#3854 = SPHERICAL_SURFACE('',#3855,0.235);
#3855 = AXIS2_PLACEMENT_3D('',#3856,#3857,#3858);
#3856 = CARTESIAN_POINT('',(-1.6,2.8,0.17));
#3857 = DIRECTION('',(0.,0.,1.));
#3858 = DIRECTION('',(1.,0.,0.));
#3859 = DEFINITIONAL_REPRESENTATION('',(#3860),#3864);
#3860 = LINE('',#3861,#3862);
#3861 = CARTESIAN_POINT('',(0.,0.80872033608));
#3862 = VECTOR('',#3863,1.);
#3863 = DIRECTION('',(1.,0.));
#3864 = ( GEOMETRIC_REPRESENTATION_CONTEXT(2) 
PARAMETRIC_REPRESENTATION_CONTEXT() REPRESENTATION_CONTEXT('2D SPACE',''
  ) );
#3865 = PCURVE('',#3866,#3871);
#3866 = PLANE('',#3867);
#3867 = AXIS2_PLACEMENT_3D('',#3868,#3869,#3870);
#3868 = CARTESIAN_POINT('',(-1.85,2.55,0.34));
#3869 = DIRECTION('',(0.,0.,1.));
#3870 = DIRECTION('',(1.,0.,0.));
#3871 = DEFINITIONAL_REPRESENTATION('',(#3872),#3876);
#3872 = CIRCLE('',#3873,0.162249807396);
#3873 = AXIS2_PLACEMENT_2D('',#3874,#3875);
#3874 = CARTESIAN_POINT('',(0.25,0.25));
#3875 = DIRECTION('',(1.,0.));
#3876 = ( GEOMETRIC_REPRESENTATION_CONTEXT(2) 
PARAMETRIC_REPRESENTATION_CONTEXT() REPRESENTATION_CONTEXT('2D SPACE',''
  ) );
#3877 = ORIENTED_EDGE('',*,*,#3878,.F.);
#3878 = EDGE_CURVE('',#3879,#3845,#3881,.T.);
#3879 = VERTEX_POINT('',#3880);
#3880 = CARTESIAN_POINT('',(-1.437750192604,2.8,-5.551115123126E-17));
#3881 = SEAM_CURVE('',#3882,(#3887,#3894),.PCURVE_S1.);
#3882 = CIRCLE('',#3883,0.235);
#3883 = AXIS2_PLACEMENT_3D('',#3884,#3885,#3886);
#3884 = CARTESIAN_POINT('',(-1.6,2.8,0.17));
#3885 = DIRECTION('',(-2.449293598295E-16,-1.,0.));
#3886 = DIRECTION('',(1.,-2.449293598295E-16,0.));
#3887 = PCURVE('',#3854,#3888);
#3888 = DEFINITIONAL_REPRESENTATION('',(#3889),#3893);
#3889 = LINE('',#3890,#3891);
#3890 = CARTESIAN_POINT('',(6.28318530718,-6.28318530718));
#3891 = VECTOR('',#3892,1.);
#3892 = DIRECTION('',(0.,1.));
#3893 = ( GEOMETRIC_REPRESENTATION_CONTEXT(2) 
PARAMETRIC_REPRESENTATION_CONTEXT() REPRESENTATION_CONTEXT('2D SPACE',''
  ) );
#3894 = PCURVE('',#3854,#3895);
#3895 = DEFINITIONAL_REPRESENTATION('',(#3896),#3900);
#3896 = LINE('',#3897,#3898);
#3897 = CARTESIAN_POINT('',(0.,-6.28318530718));
#3898 = VECTOR('',#3899,1.);
#3899 = DIRECTION('',(0.,1.));
#3900 = ( GEOMETRIC_REPRESENTATION_CONTEXT(2) 
PARAMETRIC_REPRESENTATION_CONTEXT() REPRESENTATION_CONTEXT('2D SPACE',''
  ) );
#3901 = ORIENTED_EDGE('',*,*,#3902,.T.);
#3902 = EDGE_CURVE('',#3879,#3879,#3903,.T.);
#3903 = SURFACE_CURVE('',#3904,(#3909,#3916),.PCURVE_S1.);
#3904 = CIRCLE('',#3905,0.162249807396);
#3905 = AXIS2_PLACEMENT_3D('',#3906,#3907,#3908);
#3906 = CARTESIAN_POINT('',(-1.6,2.8,0.));
#3907 = DIRECTION('',(0.,0.,1.));
#3908 = DIRECTION('',(1.,0.,-0.));
#3909 = PCURVE('',#3854,#3910);
#3910 = DEFINITIONAL_REPRESENTATION('',(#3911),#3915);
#3911 = LINE('',#3912,#3913);
#3912 = CARTESIAN_POINT('',(0.,-0.80872033608));
#3913 = VECTOR('',#3914,1.);
#3914 = DIRECTION('',(1.,0.));
#3915 = ( GEOMETRIC_REPRESENTATION_CONTEXT(2) 
PARAMETRIC_REPRESENTATION_CONTEXT() REPRESENTATION_CONTEXT('2D SPACE',''
  ) );
#3916 = PCURVE('',#3917,#3922);
#3917 = PLANE('',#3918);
#3918 = AXIS2_PLACEMENT_3D('',#3919,#3920,#3921);
#3919 = CARTESIAN_POINT('',(-1.85,2.55,0.));
#3920 = DIRECTION('',(0.,0.,1.));
#3921 = DIRECTION('',(1.,0.,0.));
#3922 = DEFINITIONAL_REPRESENTATION('',(#3923),#3927);
#3923 = CIRCLE('',#3924,0.162249807396);
#3924 = AXIS2_PLACEMENT_2D('',#3925,#3926);
#3925 = CARTESIAN_POINT('',(0.25,0.25));
#3926 = DIRECTION('',(1.,0.));
#3927 = ( GEOMETRIC_REPRESENTATION_CONTEXT(2) 
PARAMETRIC_REPRESENTATION_CONTEXT() REPRESENTATION_CONTEXT('2D SPACE',''
  ) );
#3928 = ORIENTED_EDGE('',*,*,#3878,.T.);
#3929 = ADVANCED_FACE('',(#3930),#3866,.T.);
#3930 = FACE_BOUND('',#3931,.T.);
#3931 = EDGE_LOOP('',(#3932));
#3932 = ORIENTED_EDGE('',*,*,#3844,.T.);
#3933 = ADVANCED_FACE('',(#3934),#3917,.F.);
#3934 = FACE_BOUND('',#3935,.F.);
#3935 = EDGE_LOOP('',(#3936));
#3936 = ORIENTED_EDGE('',*,*,#3902,.T.);
#3937 = ( GEOMETRIC_REPRESENTATION_CONTEXT(3) 
GLOBAL_UNCERTAINTY_ASSIGNED_CONTEXT((#3941)) 
GLOBAL_UNIT_ASSIGNED_CONTEXT((#3938,#3939,#3940)) REPRESENTATION_CONTEXT
('Context #1','3D Context with UNIT and UNCERTAINTY') );
#3938 = ( LENGTH_UNIT() NAMED_UNIT(*) SI_UNIT(.MILLI.,.METRE.) );
#3939 = ( NAMED_UNIT(*) PLANE_ANGLE_UNIT() SI_UNIT($,.RADIAN.) );
#3940 = ( NAMED_UNIT(*) SI_UNIT($,.STERADIAN.) SOLID_ANGLE_UNIT() );
#3941 = UNCERTAINTY_MEASURE_WITH_UNIT(LENGTH_MEASURE(1.E-07),#3938,
  'distance_accuracy_value','confusion accuracy');
#3942 = CONTEXT_DEPENDENT_SHAPE_REPRESENTATION(#3943,#3945);
#3943 = ( REPRESENTATION_RELATIONSHIP('','',#3837,#10) 
REPRESENTATION_RELATIONSHIP_WITH_TRANSFORMATION(#3944) 
SHAPE_REPRESENTATION_RELATIONSHIP() );
#3944 = ITEM_DEFINED_TRANSFORMATION('','',#11,#123);
#3945 = PRODUCT_DEFINITION_SHAPE('Placement','Placement of an item',
  #3946);
#3946 = NEXT_ASSEMBLY_USAGE_OCCURRENCE('72','Ball_E3','',#5,#3832,$);
#3947 = PRODUCT_RELATED_PRODUCT_CATEGORY('part',$,(#3834));
#3948 = SHAPE_DEFINITION_REPRESENTATION(#3949,#3955);
#3949 = PRODUCT_DEFINITION_SHAPE('','',#3950);
#3950 = PRODUCT_DEFINITION('design','',#3951,#3954);
#3951 = PRODUCT_DEFINITION_FORMATION('','',#3952);
#3952 = PRODUCT('Ball_E7','Ball_E7','',(#3953));
#3953 = PRODUCT_CONTEXT('',#2,'mechanical');
#3954 = PRODUCT_DEFINITION_CONTEXT('part definition',#2,'design');
#3955 = ADVANCED_BREP_SHAPE_REPRESENTATION('',(#11,#3956),#4055);
#3956 = MANIFOLD_SOLID_BREP('',#3957);
#3957 = CLOSED_SHELL('',(#3958,#4047,#4051));
#3958 = ADVANCED_FACE('',(#3959),#3972,.T.);
#3959 = FACE_BOUND('',#3960,.T.);
#3960 = EDGE_LOOP('',(#3961,#3995,#4019,#4046));
#3961 = ORIENTED_EDGE('',*,*,#3962,.F.);
#3962 = EDGE_CURVE('',#3963,#3963,#3965,.T.);
#3963 = VERTEX_POINT('',#3964);
#3964 = CARTESIAN_POINT('',(1.762249807396,2.8,0.34));
#3965 = SURFACE_CURVE('',#3966,(#3971,#3983),.PCURVE_S1.);
#3966 = CIRCLE('',#3967,0.162249807396);
#3967 = AXIS2_PLACEMENT_3D('',#3968,#3969,#3970);
#3968 = CARTESIAN_POINT('',(1.6,2.8,0.34));
#3969 = DIRECTION('',(0.,0.,1.));
#3970 = DIRECTION('',(1.,0.,-0.));
#3971 = PCURVE('',#3972,#3977);
#3972 = SPHERICAL_SURFACE('',#3973,0.235);
#3973 = AXIS2_PLACEMENT_3D('',#3974,#3975,#3976);
#3974 = CARTESIAN_POINT('',(1.6,2.8,0.17));
#3975 = DIRECTION('',(0.,0.,1.));
#3976 = DIRECTION('',(1.,0.,0.));
#3977 = DEFINITIONAL_REPRESENTATION('',(#3978),#3982);
#3978 = LINE('',#3979,#3980);
#3979 = CARTESIAN_POINT('',(0.,0.80872033608));
#3980 = VECTOR('',#3981,1.);
#3981 = DIRECTION('',(1.,0.));
#3982 = ( GEOMETRIC_REPRESENTATION_CONTEXT(2) 
PARAMETRIC_REPRESENTATION_CONTEXT() REPRESENTATION_CONTEXT('2D SPACE',''
  ) );
#3983 = PCURVE('',#3984,#3989);
#3984 = PLANE('',#3985);
#3985 = AXIS2_PLACEMENT_3D('',#3986,#3987,#3988);
#3986 = CARTESIAN_POINT('',(1.35,2.55,0.34));
#3987 = DIRECTION('',(0.,0.,1.));
#3988 = DIRECTION('',(1.,0.,0.));
#3989 = DEFINITIONAL_REPRESENTATION('',(#3990),#3994);
#3990 = CIRCLE('',#3991,0.162249807396);
#3991 = AXIS2_PLACEMENT_2D('',#3992,#3993);
#3992 = CARTESIAN_POINT('',(0.25,0.25));
#3993 = DIRECTION('',(1.,0.));
#3994 = ( GEOMETRIC_REPRESENTATION_CONTEXT(2) 
PARAMETRIC_REPRESENTATION_CONTEXT() REPRESENTATION_CONTEXT('2D SPACE',''
  ) );
#3995 = ORIENTED_EDGE('',*,*,#3996,.F.);
#3996 = EDGE_CURVE('',#3997,#3963,#3999,.T.);
#3997 = VERTEX_POINT('',#3998);
#3998 = CARTESIAN_POINT('',(1.762249807396,2.8,-5.551115123126E-17));
#3999 = SEAM_CURVE('',#4000,(#4005,#4012),.PCURVE_S1.);
#4000 = CIRCLE('',#4001,0.235);
#4001 = AXIS2_PLACEMENT_3D('',#4002,#4003,#4004);
#4002 = CARTESIAN_POINT('',(1.6,2.8,0.17));
#4003 = DIRECTION('',(-2.449293598295E-16,-1.,0.));
#4004 = DIRECTION('',(1.,-2.449293598295E-16,0.));
#4005 = PCURVE('',#3972,#4006);
#4006 = DEFINITIONAL_REPRESENTATION('',(#4007),#4011);
#4007 = LINE('',#4008,#4009);
#4008 = CARTESIAN_POINT('',(6.28318530718,-6.28318530718));
#4009 = VECTOR('',#4010,1.);
#4010 = DIRECTION('',(0.,1.));
#4011 = ( GEOMETRIC_REPRESENTATION_CONTEXT(2) 
PARAMETRIC_REPRESENTATION_CONTEXT() REPRESENTATION_CONTEXT('2D SPACE',''
  ) );
#4012 = PCURVE('',#3972,#4013);
#4013 = DEFINITIONAL_REPRESENTATION('',(#4014),#4018);
#4014 = LINE('',#4015,#4016);
#4015 = CARTESIAN_POINT('',(0.,-6.28318530718));
#4016 = VECTOR('',#4017,1.);
#4017 = DIRECTION('',(0.,1.));
#4018 = ( GEOMETRIC_REPRESENTATION_CONTEXT(2) 
PARAMETRIC_REPRESENTATION_CONTEXT() REPRESENTATION_CONTEXT('2D SPACE',''
  ) );
#4019 = ORIENTED_EDGE('',*,*,#4020,.T.);
#4020 = EDGE_CURVE('',#3997,#3997,#4021,.T.);
#4021 = SURFACE_CURVE('',#4022,(#4027,#4034),.PCURVE_S1.);
#4022 = CIRCLE('',#4023,0.162249807396);
#4023 = AXIS2_PLACEMENT_3D('',#4024,#4025,#4026);
#4024 = CARTESIAN_POINT('',(1.6,2.8,0.));
#4025 = DIRECTION('',(0.,0.,1.));
#4026 = DIRECTION('',(1.,0.,-0.));
#4027 = PCURVE('',#3972,#4028);
#4028 = DEFINITIONAL_REPRESENTATION('',(#4029),#4033);
#4029 = LINE('',#4030,#4031);
#4030 = CARTESIAN_POINT('',(0.,-0.80872033608));
#4031 = VECTOR('',#4032,1.);
#4032 = DIRECTION('',(1.,0.));
#4033 = ( GEOMETRIC_REPRESENTATION_CONTEXT(2) 
PARAMETRIC_REPRESENTATION_CONTEXT() REPRESENTATION_CONTEXT('2D SPACE',''
  ) );
#4034 = PCURVE('',#4035,#4040);
#4035 = PLANE('',#4036);
#4036 = AXIS2_PLACEMENT_3D('',#4037,#4038,#4039);
#4037 = CARTESIAN_POINT('',(1.35,2.55,0.));
#4038 = DIRECTION('',(0.,0.,1.));
#4039 = DIRECTION('',(1.,0.,0.));
#4040 = DEFINITIONAL_REPRESENTATION('',(#4041),#4045);
#4041 = CIRCLE('',#4042,0.162249807396);
#4042 = AXIS2_PLACEMENT_2D('',#4043,#4044);
#4043 = CARTESIAN_POINT('',(0.25,0.25));
#4044 = DIRECTION('',(1.,0.));
#4045 = ( GEOMETRIC_REPRESENTATION_CONTEXT(2) 
PARAMETRIC_REPRESENTATION_CONTEXT() REPRESENTATION_CONTEXT('2D SPACE',''
  ) );
#4046 = ORIENTED_EDGE('',*,*,#3996,.T.);
#4047 = ADVANCED_FACE('',(#4048),#3984,.T.);
#4048 = FACE_BOUND('',#4049,.T.);
#4049 = EDGE_LOOP('',(#4050));
#4050 = ORIENTED_EDGE('',*,*,#3962,.T.);
#4051 = ADVANCED_FACE('',(#4052),#4035,.F.);
#4052 = FACE_BOUND('',#4053,.F.);
#4053 = EDGE_LOOP('',(#4054));
#4054 = ORIENTED_EDGE('',*,*,#4020,.T.);
#4055 = ( GEOMETRIC_REPRESENTATION_CONTEXT(3) 
GLOBAL_UNCERTAINTY_ASSIGNED_CONTEXT((#4059)) 
GLOBAL_UNIT_ASSIGNED_CONTEXT((#4056,#4057,#4058)) REPRESENTATION_CONTEXT
('Context #1','3D Context with UNIT and UNCERTAINTY') );
#4056 = ( LENGTH_UNIT() NAMED_UNIT(*) SI_UNIT(.MILLI.,.METRE.) );
#4057 = ( NAMED_UNIT(*) PLANE_ANGLE_UNIT() SI_UNIT($,.RADIAN.) );
#4058 = ( NAMED_UNIT(*) SI_UNIT($,.STERADIAN.) SOLID_ANGLE_UNIT() );
#4059 = UNCERTAINTY_MEASURE_WITH_UNIT(LENGTH_MEASURE(1.E-07),#4056,
  'distance_accuracy_value','confusion accuracy');
#4060 = CONTEXT_DEPENDENT_SHAPE_REPRESENTATION(#4061,#4063);
#4061 = ( REPRESENTATION_RELATIONSHIP('','',#3955,#10) 
REPRESENTATION_RELATIONSHIP_WITH_TRANSFORMATION(#4062) 
SHAPE_REPRESENTATION_RELATIONSHIP() );
#4062 = ITEM_DEFINED_TRANSFORMATION('','',#11,#127);
#4063 = PRODUCT_DEFINITION_SHAPE('Placement','Placement of an item',
  #4064);
#4064 = NEXT_ASSEMBLY_USAGE_OCCURRENCE('73','Ball_E7','',#5,#3950,$);
#4065 = PRODUCT_RELATED_PRODUCT_CATEGORY('part',$,(#3952));
#4066 = SHAPE_DEFINITION_REPRESENTATION(#4067,#4073);
#4067 = PRODUCT_DEFINITION_SHAPE('','',#4068);
#4068 = PRODUCT_DEFINITION('design','',#4069,#4072);
#4069 = PRODUCT_DEFINITION_FORMATION('','',#4070);
#4070 = PRODUCT('Ball_E8','Ball_E8','',(#4071));
#4071 = PRODUCT_CONTEXT('',#2,'mechanical');
#4072 = PRODUCT_DEFINITION_CONTEXT('part definition',#2,'design');
#4073 = ADVANCED_BREP_SHAPE_REPRESENTATION('',(#11,#4074),#4173);
#4074 = MANIFOLD_SOLID_BREP('',#4075);
#4075 = CLOSED_SHELL('',(#4076,#4165,#4169));
#4076 = ADVANCED_FACE('',(#4077),#4090,.T.);
#4077 = FACE_BOUND('',#4078,.T.);
#4078 = EDGE_LOOP('',(#4079,#4113,#4137,#4164));
#4079 = ORIENTED_EDGE('',*,*,#4080,.F.);
#4080 = EDGE_CURVE('',#4081,#4081,#4083,.T.);
#4081 = VERTEX_POINT('',#4082);
#4082 = CARTESIAN_POINT('',(2.562249807396,2.8,0.34));
#4083 = SURFACE_CURVE('',#4084,(#4089,#4101),.PCURVE_S1.);
#4084 = CIRCLE('',#4085,0.162249807396);
#4085 = AXIS2_PLACEMENT_3D('',#4086,#4087,#4088);
#4086 = CARTESIAN_POINT('',(2.4,2.8,0.34));
#4087 = DIRECTION('',(0.,0.,1.));
#4088 = DIRECTION('',(1.,0.,-0.));
#4089 = PCURVE('',#4090,#4095);
#4090 = SPHERICAL_SURFACE('',#4091,0.235);
#4091 = AXIS2_PLACEMENT_3D('',#4092,#4093,#4094);
#4092 = CARTESIAN_POINT('',(2.4,2.8,0.17));
#4093 = DIRECTION('',(0.,0.,1.));
#4094 = DIRECTION('',(1.,0.,0.));
#4095 = DEFINITIONAL_REPRESENTATION('',(#4096),#4100);
#4096 = LINE('',#4097,#4098);
#4097 = CARTESIAN_POINT('',(0.,0.80872033608));
#4098 = VECTOR('',#4099,1.);
#4099 = DIRECTION('',(1.,0.));
#4100 = ( GEOMETRIC_REPRESENTATION_CONTEXT(2) 
PARAMETRIC_REPRESENTATION_CONTEXT() REPRESENTATION_CONTEXT('2D SPACE',''
  ) );
#4101 = PCURVE('',#4102,#4107);
#4102 = PLANE('',#4103);
#4103 = AXIS2_PLACEMENT_3D('',#4104,#4105,#4106);
#4104 = CARTESIAN_POINT('',(2.15,2.55,0.34));
#4105 = DIRECTION('',(0.,0.,1.));
#4106 = DIRECTION('',(1.,0.,0.));
#4107 = DEFINITIONAL_REPRESENTATION('',(#4108),#4112);
#4108 = CIRCLE('',#4109,0.162249807396);
#4109 = AXIS2_PLACEMENT_2D('',#4110,#4111);
#4110 = CARTESIAN_POINT('',(0.25,0.25));
#4111 = DIRECTION('',(1.,0.));
#4112 = ( GEOMETRIC_REPRESENTATION_CONTEXT(2) 
PARAMETRIC_REPRESENTATION_CONTEXT() REPRESENTATION_CONTEXT('2D SPACE',''
  ) );
#4113 = ORIENTED_EDGE('',*,*,#4114,.F.);
#4114 = EDGE_CURVE('',#4115,#4081,#4117,.T.);
#4115 = VERTEX_POINT('',#4116);
#4116 = CARTESIAN_POINT('',(2.562249807396,2.8,-5.551115123126E-17));
#4117 = SEAM_CURVE('',#4118,(#4123,#4130),.PCURVE_S1.);
#4118 = CIRCLE('',#4119,0.235);
#4119 = AXIS2_PLACEMENT_3D('',#4120,#4121,#4122);
#4120 = CARTESIAN_POINT('',(2.4,2.8,0.17));
#4121 = DIRECTION('',(-2.449293598295E-16,-1.,0.));
#4122 = DIRECTION('',(1.,-2.449293598295E-16,0.));
#4123 = PCURVE('',#4090,#4124);
#4124 = DEFINITIONAL_REPRESENTATION('',(#4125),#4129);
#4125 = LINE('',#4126,#4127);
#4126 = CARTESIAN_POINT('',(6.28318530718,-6.28318530718));
#4127 = VECTOR('',#4128,1.);
#4128 = DIRECTION('',(0.,1.));
#4129 = ( GEOMETRIC_REPRESENTATION_CONTEXT(2) 
PARAMETRIC_REPRESENTATION_CONTEXT() REPRESENTATION_CONTEXT('2D SPACE',''
  ) );
#4130 = PCURVE('',#4090,#4131);
#4131 = DEFINITIONAL_REPRESENTATION('',(#4132),#4136);
#4132 = LINE('',#4133,#4134);
#4133 = CARTESIAN_POINT('',(0.,-6.28318530718));
#4134 = VECTOR('',#4135,1.);
#4135 = DIRECTION('',(0.,1.));
#4136 = ( GEOMETRIC_REPRESENTATION_CONTEXT(2) 
PARAMETRIC_REPRESENTATION_CONTEXT() REPRESENTATION_CONTEXT('2D SPACE',''
  ) );
#4137 = ORIENTED_EDGE('',*,*,#4138,.T.);
#4138 = EDGE_CURVE('',#4115,#4115,#4139,.T.);
#4139 = SURFACE_CURVE('',#4140,(#4145,#4152),.PCURVE_S1.);
#4140 = CIRCLE('',#4141,0.162249807396);
#4141 = AXIS2_PLACEMENT_3D('',#4142,#4143,#4144);
#4142 = CARTESIAN_POINT('',(2.4,2.8,0.));
#4143 = DIRECTION('',(0.,0.,1.));
#4144 = DIRECTION('',(1.,0.,-0.));
#4145 = PCURVE('',#4090,#4146);
#4146 = DEFINITIONAL_REPRESENTATION('',(#4147),#4151);
#4147 = LINE('',#4148,#4149);
#4148 = CARTESIAN_POINT('',(0.,-0.80872033608));
#4149 = VECTOR('',#4150,1.);
#4150 = DIRECTION('',(1.,0.));
#4151 = ( GEOMETRIC_REPRESENTATION_CONTEXT(2) 
PARAMETRIC_REPRESENTATION_CONTEXT() REPRESENTATION_CONTEXT('2D SPACE',''
  ) );
#4152 = PCURVE('',#4153,#4158);
#4153 = PLANE('',#4154);
#4154 = AXIS2_PLACEMENT_3D('',#4155,#4156,#4157);
#4155 = CARTESIAN_POINT('',(2.15,2.55,0.));
#4156 = DIRECTION('',(0.,0.,1.));
#4157 = DIRECTION('',(1.,0.,0.));
#4158 = DEFINITIONAL_REPRESENTATION('',(#4159),#4163);
#4159 = CIRCLE('',#4160,0.162249807396);
#4160 = AXIS2_PLACEMENT_2D('',#4161,#4162);
#4161 = CARTESIAN_POINT('',(0.25,0.25));
#4162 = DIRECTION('',(1.,0.));
#4163 = ( GEOMETRIC_REPRESENTATION_CONTEXT(2) 
PARAMETRIC_REPRESENTATION_CONTEXT() REPRESENTATION_CONTEXT('2D SPACE',''
  ) );
#4164 = ORIENTED_EDGE('',*,*,#4114,.T.);
#4165 = ADVANCED_FACE('',(#4166),#4102,.T.);
#4166 = FACE_BOUND('',#4167,.T.);
#4167 = EDGE_LOOP('',(#4168));
#4168 = ORIENTED_EDGE('',*,*,#4080,.T.);
#4169 = ADVANCED_FACE('',(#4170),#4153,.F.);
#4170 = FACE_BOUND('',#4171,.F.);
#4171 = EDGE_LOOP('',(#4172));
#4172 = ORIENTED_EDGE('',*,*,#4138,.T.);
#4173 = ( GEOMETRIC_REPRESENTATION_CONTEXT(3) 
GLOBAL_UNCERTAINTY_ASSIGNED_CONTEXT((#4177)) 
GLOBAL_UNIT_ASSIGNED_CONTEXT((#4174,#4175,#4176)) REPRESENTATION_CONTEXT
('Context #1','3D Context with UNIT and UNCERTAINTY') );
#4174 = ( LENGTH_UNIT() NAMED_UNIT(*) SI_UNIT(.MILLI.,.METRE.) );
#4175 = ( NAMED_UNIT(*) PLANE_ANGLE_UNIT() SI_UNIT($,.RADIAN.) );
#4176 = ( NAMED_UNIT(*) SI_UNIT($,.STERADIAN.) SOLID_ANGLE_UNIT() );
#4177 = UNCERTAINTY_MEASURE_WITH_UNIT(LENGTH_MEASURE(1.E-07),#4174,
  'distance_accuracy_value','confusion accuracy');
#4178 = CONTEXT_DEPENDENT_SHAPE_REPRESENTATION(#4179,#4181);
#4179 = ( REPRESENTATION_RELATIONSHIP('','',#4073,#10) 
REPRESENTATION_RELATIONSHIP_WITH_TRANSFORMATION(#4180) 
SHAPE_REPRESENTATION_RELATIONSHIP() );
#4180 = ITEM_DEFINED_TRANSFORMATION('','',#11,#131);
#4181 = PRODUCT_DEFINITION_SHAPE('Placement','Placement of an item',
  #4182);
#4182 = NEXT_ASSEMBLY_USAGE_OCCURRENCE('74','Ball_E8','',#5,#4068,$);
#4183 = PRODUCT_RELATED_PRODUCT_CATEGORY('part',$,(#4070));
#4184 = SHAPE_DEFINITION_REPRESENTATION(#4185,#4191);
#4185 = PRODUCT_DEFINITION_SHAPE('','',#4186);
#4186 = PRODUCT_DEFINITION('design','',#4187,#4190);
#4187 = PRODUCT_DEFINITION_FORMATION('','',#4188);
#4188 = PRODUCT('Ball_E9','Ball_E9','',(#4189));
#4189 = PRODUCT_CONTEXT('',#2,'mechanical');
#4190 = PRODUCT_DEFINITION_CONTEXT('part definition',#2,'design');
#4191 = ADVANCED_BREP_SHAPE_REPRESENTATION('',(#11,#4192),#4291);
#4192 = MANIFOLD_SOLID_BREP('',#4193);
#4193 = CLOSED_SHELL('',(#4194,#4283,#4287));
#4194 = ADVANCED_FACE('',(#4195),#4208,.T.);
#4195 = FACE_BOUND('',#4196,.T.);
#4196 = EDGE_LOOP('',(#4197,#4231,#4255,#4282));
#4197 = ORIENTED_EDGE('',*,*,#4198,.F.);
#4198 = EDGE_CURVE('',#4199,#4199,#4201,.T.);
#4199 = VERTEX_POINT('',#4200);
#4200 = CARTESIAN_POINT('',(3.362249807396,2.8,0.34));
#4201 = SURFACE_CURVE('',#4202,(#4207,#4219),.PCURVE_S1.);
#4202 = CIRCLE('',#4203,0.162249807396);
#4203 = AXIS2_PLACEMENT_3D('',#4204,#4205,#4206);
#4204 = CARTESIAN_POINT('',(3.2,2.8,0.34));
#4205 = DIRECTION('',(0.,0.,1.));
#4206 = DIRECTION('',(1.,0.,-0.));
#4207 = PCURVE('',#4208,#4213);
#4208 = SPHERICAL_SURFACE('',#4209,0.235);
#4209 = AXIS2_PLACEMENT_3D('',#4210,#4211,#4212);
#4210 = CARTESIAN_POINT('',(3.2,2.8,0.17));
#4211 = DIRECTION('',(0.,0.,1.));
#4212 = DIRECTION('',(1.,0.,0.));
#4213 = DEFINITIONAL_REPRESENTATION('',(#4214),#4218);
#4214 = LINE('',#4215,#4216);
#4215 = CARTESIAN_POINT('',(0.,0.80872033608));
#4216 = VECTOR('',#4217,1.);
#4217 = DIRECTION('',(1.,0.));
#4218 = ( GEOMETRIC_REPRESENTATION_CONTEXT(2) 
PARAMETRIC_REPRESENTATION_CONTEXT() REPRESENTATION_CONTEXT('2D SPACE',''
  ) );
#4219 = PCURVE('',#4220,#4225);
#4220 = PLANE('',#4221);
#4221 = AXIS2_PLACEMENT_3D('',#4222,#4223,#4224);
#4222 = CARTESIAN_POINT('',(2.95,2.55,0.34));
#4223 = DIRECTION('',(0.,0.,1.));
#4224 = DIRECTION('',(1.,0.,0.));
#4225 = DEFINITIONAL_REPRESENTATION('',(#4226),#4230);
#4226 = CIRCLE('',#4227,0.162249807396);
#4227 = AXIS2_PLACEMENT_2D('',#4228,#4229);
#4228 = CARTESIAN_POINT('',(0.25,0.25));
#4229 = DIRECTION('',(1.,0.));
#4230 = ( GEOMETRIC_REPRESENTATION_CONTEXT(2) 
PARAMETRIC_REPRESENTATION_CONTEXT() REPRESENTATION_CONTEXT('2D SPACE',''
  ) );
#4231 = ORIENTED_EDGE('',*,*,#4232,.F.);
#4232 = EDGE_CURVE('',#4233,#4199,#4235,.T.);
#4233 = VERTEX_POINT('',#4234);
#4234 = CARTESIAN_POINT('',(3.362249807396,2.8,-5.551115123126E-17));
#4235 = SEAM_CURVE('',#4236,(#4241,#4248),.PCURVE_S1.);
#4236 = CIRCLE('',#4237,0.235);
#4237 = AXIS2_PLACEMENT_3D('',#4238,#4239,#4240);
#4238 = CARTESIAN_POINT('',(3.2,2.8,0.17));
#4239 = DIRECTION('',(-2.449293598295E-16,-1.,0.));
#4240 = DIRECTION('',(1.,-2.449293598295E-16,0.));
#4241 = PCURVE('',#4208,#4242);
#4242 = DEFINITIONAL_REPRESENTATION('',(#4243),#4247);
#4243 = LINE('',#4244,#4245);
#4244 = CARTESIAN_POINT('',(6.28318530718,-6.28318530718));
#4245 = VECTOR('',#4246,1.);
#4246 = DIRECTION('',(0.,1.));
#4247 = ( GEOMETRIC_REPRESENTATION_CONTEXT(2) 
PARAMETRIC_REPRESENTATION_CONTEXT() REPRESENTATION_CONTEXT('2D SPACE',''
  ) );
#4248 = PCURVE('',#4208,#4249);
#4249 = DEFINITIONAL_REPRESENTATION('',(#4250),#4254);
#4250 = LINE('',#4251,#4252);
#4251 = CARTESIAN_POINT('',(0.,-6.28318530718));
#4252 = VECTOR('',#4253,1.);
#4253 = DIRECTION('',(0.,1.));
#4254 = ( GEOMETRIC_REPRESENTATION_CONTEXT(2) 
PARAMETRIC_REPRESENTATION_CONTEXT() REPRESENTATION_CONTEXT('2D SPACE',''
  ) );
#4255 = ORIENTED_EDGE('',*,*,#4256,.T.);
#4256 = EDGE_CURVE('',#4233,#4233,#4257,.T.);
#4257 = SURFACE_CURVE('',#4258,(#4263,#4270),.PCURVE_S1.);
#4258 = CIRCLE('',#4259,0.162249807396);
#4259 = AXIS2_PLACEMENT_3D('',#4260,#4261,#4262);
#4260 = CARTESIAN_POINT('',(3.2,2.8,0.));
#4261 = DIRECTION('',(0.,0.,1.));
#4262 = DIRECTION('',(1.,0.,-0.));
#4263 = PCURVE('',#4208,#4264);
#4264 = DEFINITIONAL_REPRESENTATION('',(#4265),#4269);
#4265 = LINE('',#4266,#4267);
#4266 = CARTESIAN_POINT('',(0.,-0.80872033608));
#4267 = VECTOR('',#4268,1.);
#4268 = DIRECTION('',(1.,0.));
#4269 = ( GEOMETRIC_REPRESENTATION_CONTEXT(2) 
PARAMETRIC_REPRESENTATION_CONTEXT() REPRESENTATION_CONTEXT('2D SPACE',''
  ) );
#4270 = PCURVE('',#4271,#4276);
#4271 = PLANE('',#4272);
#4272 = AXIS2_PLACEMENT_3D('',#4273,#4274,#4275);
#4273 = CARTESIAN_POINT('',(2.95,2.55,0.));
#4274 = DIRECTION('',(0.,0.,1.));
#4275 = DIRECTION('',(1.,0.,0.));
#4276 = DEFINITIONAL_REPRESENTATION('',(#4277),#4281);
#4277 = CIRCLE('',#4278,0.162249807396);
#4278 = AXIS2_PLACEMENT_2D('',#4279,#4280);
#4279 = CARTESIAN_POINT('',(0.25,0.25));
#4280 = DIRECTION('',(1.,0.));
#4281 = ( GEOMETRIC_REPRESENTATION_CONTEXT(2) 
PARAMETRIC_REPRESENTATION_CONTEXT() REPRESENTATION_CONTEXT('2D SPACE',''
  ) );
#4282 = ORIENTED_EDGE('',*,*,#4232,.T.);
#4283 = ADVANCED_FACE('',(#4284),#4220,.T.);
#4284 = FACE_BOUND('',#4285,.T.);
#4285 = EDGE_LOOP('',(#4286));
#4286 = ORIENTED_EDGE('',*,*,#4198,.T.);
#4287 = ADVANCED_FACE('',(#4288),#4271,.F.);
#4288 = FACE_BOUND('',#4289,.F.);
#4289 = EDGE_LOOP('',(#4290));
#4290 = ORIENTED_EDGE('',*,*,#4256,.T.);
#4291 = ( GEOMETRIC_REPRESENTATION_CONTEXT(3) 
GLOBAL_UNCERTAINTY_ASSIGNED_CONTEXT((#4295)) 
GLOBAL_UNIT_ASSIGNED_CONTEXT((#4292,#4293,#4294)) REPRESENTATION_CONTEXT
('Context #1','3D Context with UNIT and UNCERTAINTY') );
#4292 = ( LENGTH_UNIT() NAMED_UNIT(*) SI_UNIT(.MILLI.,.METRE.) );
#4293 = ( NAMED_UNIT(*) PLANE_ANGLE_UNIT() SI_UNIT($,.RADIAN.) );
#4294 = ( NAMED_UNIT(*) SI_UNIT($,.STERADIAN.) SOLID_ANGLE_UNIT() );
#4295 = UNCERTAINTY_MEASURE_WITH_UNIT(LENGTH_MEASURE(1.E-07),#4292,
  'distance_accuracy_value','confusion accuracy');
#4296 = CONTEXT_DEPENDENT_SHAPE_REPRESENTATION(#4297,#4299);
#4297 = ( REPRESENTATION_RELATIONSHIP('','',#4191,#10) 
REPRESENTATION_RELATIONSHIP_WITH_TRANSFORMATION(#4298) 
SHAPE_REPRESENTATION_RELATIONSHIP() );
#4298 = ITEM_DEFINED_TRANSFORMATION('','',#11,#135);
#4299 = PRODUCT_DEFINITION_SHAPE('Placement','Placement of an item',
  #4300);
#4300 = NEXT_ASSEMBLY_USAGE_OCCURRENCE('75','Ball_E9','',#5,#4186,$);
#4301 = PRODUCT_RELATED_PRODUCT_CATEGORY('part',$,(#4188));
#4302 = SHAPE_DEFINITION_REPRESENTATION(#4303,#4309);
#4303 = PRODUCT_DEFINITION_SHAPE('','',#4304);
#4304 = PRODUCT_DEFINITION('design','',#4305,#4308);
#4305 = PRODUCT_DEFINITION_FORMATION('','',#4306);
#4306 = PRODUCT('Ball_F1','Ball_F1','',(#4307));
#4307 = PRODUCT_CONTEXT('',#2,'mechanical');
#4308 = PRODUCT_DEFINITION_CONTEXT('part definition',#2,'design');
#4309 = ADVANCED_BREP_SHAPE_REPRESENTATION('',(#11,#4310),#4409);
#4310 = MANIFOLD_SOLID_BREP('',#4311);
#4311 = CLOSED_SHELL('',(#4312,#4401,#4405));
#4312 = ADVANCED_FACE('',(#4313),#4326,.T.);
#4313 = FACE_BOUND('',#4314,.T.);
#4314 = EDGE_LOOP('',(#4315,#4349,#4373,#4400));
#4315 = ORIENTED_EDGE('',*,*,#4316,.F.);
#4316 = EDGE_CURVE('',#4317,#4317,#4319,.T.);
#4317 = VERTEX_POINT('',#4318);
#4318 = CARTESIAN_POINT('',(-3.037750192604,2.,0.34));
#4319 = SURFACE_CURVE('',#4320,(#4325,#4337),.PCURVE_S1.);
#4320 = CIRCLE('',#4321,0.162249807396);
#4321 = AXIS2_PLACEMENT_3D('',#4322,#4323,#4324);
#4322 = CARTESIAN_POINT('',(-3.2,2.,0.34));
#4323 = DIRECTION('',(0.,0.,1.));
#4324 = DIRECTION('',(1.,0.,-0.));
#4325 = PCURVE('',#4326,#4331);
#4326 = SPHERICAL_SURFACE('',#4327,0.235);
#4327 = AXIS2_PLACEMENT_3D('',#4328,#4329,#4330);
#4328 = CARTESIAN_POINT('',(-3.2,2.,0.17));
#4329 = DIRECTION('',(0.,0.,1.));
#4330 = DIRECTION('',(1.,0.,0.));
#4331 = DEFINITIONAL_REPRESENTATION('',(#4332),#4336);
#4332 = LINE('',#4333,#4334);
#4333 = CARTESIAN_POINT('',(0.,0.80872033608));
#4334 = VECTOR('',#4335,1.);
#4335 = DIRECTION('',(1.,0.));
#4336 = ( GEOMETRIC_REPRESENTATION_CONTEXT(2) 
PARAMETRIC_REPRESENTATION_CONTEXT() REPRESENTATION_CONTEXT('2D SPACE',''
  ) );
#4337 = PCURVE('',#4338,#4343);
#4338 = PLANE('',#4339);
#4339 = AXIS2_PLACEMENT_3D('',#4340,#4341,#4342);
#4340 = CARTESIAN_POINT('',(-3.45,1.75,0.34));
#4341 = DIRECTION('',(0.,0.,1.));
#4342 = DIRECTION('',(1.,0.,0.));
#4343 = DEFINITIONAL_REPRESENTATION('',(#4344),#4348);
#4344 = CIRCLE('',#4345,0.162249807396);
#4345 = AXIS2_PLACEMENT_2D('',#4346,#4347);
#4346 = CARTESIAN_POINT('',(0.25,0.25));
#4347 = DIRECTION('',(1.,0.));
#4348 = ( GEOMETRIC_REPRESENTATION_CONTEXT(2) 
PARAMETRIC_REPRESENTATION_CONTEXT() REPRESENTATION_CONTEXT('2D SPACE',''
  ) );
#4349 = ORIENTED_EDGE('',*,*,#4350,.F.);
#4350 = EDGE_CURVE('',#4351,#4317,#4353,.T.);
#4351 = VERTEX_POINT('',#4352);
#4352 = CARTESIAN_POINT('',(-3.037750192604,2.,-5.551115123126E-17));
#4353 = SEAM_CURVE('',#4354,(#4359,#4366),.PCURVE_S1.);
#4354 = CIRCLE('',#4355,0.235);
#4355 = AXIS2_PLACEMENT_3D('',#4356,#4357,#4358);
#4356 = CARTESIAN_POINT('',(-3.2,2.,0.17));
#4357 = DIRECTION('',(-2.449293598295E-16,-1.,0.));
#4358 = DIRECTION('',(1.,-2.449293598295E-16,0.));
#4359 = PCURVE('',#4326,#4360);
#4360 = DEFINITIONAL_REPRESENTATION('',(#4361),#4365);
#4361 = LINE('',#4362,#4363);
#4362 = CARTESIAN_POINT('',(6.28318530718,-6.28318530718));
#4363 = VECTOR('',#4364,1.);
#4364 = DIRECTION('',(0.,1.));
#4365 = ( GEOMETRIC_REPRESENTATION_CONTEXT(2) 
PARAMETRIC_REPRESENTATION_CONTEXT() REPRESENTATION_CONTEXT('2D SPACE',''
  ) );
#4366 = PCURVE('',#4326,#4367);
#4367 = DEFINITIONAL_REPRESENTATION('',(#4368),#4372);
#4368 = LINE('',#4369,#4370);
#4369 = CARTESIAN_POINT('',(0.,-6.28318530718));
#4370 = VECTOR('',#4371,1.);
#4371 = DIRECTION('',(0.,1.));
#4372 = ( GEOMETRIC_REPRESENTATION_CONTEXT(2) 
PARAMETRIC_REPRESENTATION_CONTEXT() REPRESENTATION_CONTEXT('2D SPACE',''
  ) );
#4373 = ORIENTED_EDGE('',*,*,#4374,.T.);
#4374 = EDGE_CURVE('',#4351,#4351,#4375,.T.);
#4375 = SURFACE_CURVE('',#4376,(#4381,#4388),.PCURVE_S1.);
#4376 = CIRCLE('',#4377,0.162249807396);
#4377 = AXIS2_PLACEMENT_3D('',#4378,#4379,#4380);
#4378 = CARTESIAN_POINT('',(-3.2,2.,0.));
#4379 = DIRECTION('',(0.,0.,1.));
#4380 = DIRECTION('',(1.,0.,-0.));
#4381 = PCURVE('',#4326,#4382);
#4382 = DEFINITIONAL_REPRESENTATION('',(#4383),#4387);
#4383 = LINE('',#4384,#4385);
#4384 = CARTESIAN_POINT('',(0.,-0.80872033608));
#4385 = VECTOR('',#4386,1.);
#4386 = DIRECTION('',(1.,0.));
#4387 = ( GEOMETRIC_REPRESENTATION_CONTEXT(2) 
PARAMETRIC_REPRESENTATION_CONTEXT() REPRESENTATION_CONTEXT('2D SPACE',''
  ) );
#4388 = PCURVE('',#4389,#4394);
#4389 = PLANE('',#4390);
#4390 = AXIS2_PLACEMENT_3D('',#4391,#4392,#4393);
#4391 = CARTESIAN_POINT('',(-3.45,1.75,0.));
#4392 = DIRECTION('',(0.,0.,1.));
#4393 = DIRECTION('',(1.,0.,0.));
#4394 = DEFINITIONAL_REPRESENTATION('',(#4395),#4399);
#4395 = CIRCLE('',#4396,0.162249807396);
#4396 = AXIS2_PLACEMENT_2D('',#4397,#4398);
#4397 = CARTESIAN_POINT('',(0.25,0.25));
#4398 = DIRECTION('',(1.,0.));
#4399 = ( GEOMETRIC_REPRESENTATION_CONTEXT(2) 
PARAMETRIC_REPRESENTATION_CONTEXT() REPRESENTATION_CONTEXT('2D SPACE',''
  ) );
#4400 = ORIENTED_EDGE('',*,*,#4350,.T.);
#4401 = ADVANCED_FACE('',(#4402),#4338,.T.);
#4402 = FACE_BOUND('',#4403,.T.);
#4403 = EDGE_LOOP('',(#4404));
#4404 = ORIENTED_EDGE('',*,*,#4316,.T.);
#4405 = ADVANCED_FACE('',(#4406),#4389,.F.);
#4406 = FACE_BOUND('',#4407,.F.);
#4407 = EDGE_LOOP('',(#4408));
#4408 = ORIENTED_EDGE('',*,*,#4374,.T.);
#4409 = ( GEOMETRIC_REPRESENTATION_CONTEXT(3) 
GLOBAL_UNCERTAINTY_ASSIGNED_CONTEXT((#4413)) 
GLOBAL_UNIT_ASSIGNED_CONTEXT((#4410,#4411,#4412)) REPRESENTATION_CONTEXT
('Context #1','3D Context with UNIT and UNCERTAINTY') );
#4410 = ( LENGTH_UNIT() NAMED_UNIT(*) SI_UNIT(.MILLI.,.METRE.) );
#4411 = ( NAMED_UNIT(*) PLANE_ANGLE_UNIT() SI_UNIT($,.RADIAN.) );
#4412 = ( NAMED_UNIT(*) SI_UNIT($,.STERADIAN.) SOLID_ANGLE_UNIT() );
#4413 = UNCERTAINTY_MEASURE_WITH_UNIT(LENGTH_MEASURE(1.E-07),#4410,
  'distance_accuracy_value','confusion accuracy');
#4414 = CONTEXT_DEPENDENT_SHAPE_REPRESENTATION(#4415,#4417);
#4415 = ( REPRESENTATION_RELATIONSHIP('','',#4309,#10) 
REPRESENTATION_RELATIONSHIP_WITH_TRANSFORMATION(#4416) 
SHAPE_REPRESENTATION_RELATIONSHIP() );
#4416 = ITEM_DEFINED_TRANSFORMATION('','',#11,#139);
#4417 = PRODUCT_DEFINITION_SHAPE('Placement','Placement of an item',
  #4418);
#4418 = NEXT_ASSEMBLY_USAGE_OCCURRENCE('76','Ball_F1','',#5,#4304,$);
#4419 = PRODUCT_RELATED_PRODUCT_CATEGORY('part',$,(#4306));
#4420 = SHAPE_DEFINITION_REPRESENTATION(#4421,#4427);
#4421 = PRODUCT_DEFINITION_SHAPE('','',#4422);
#4422 = PRODUCT_DEFINITION('design','',#4423,#4426);
#4423 = PRODUCT_DEFINITION_FORMATION('','',#4424);
#4424 = PRODUCT('Ball_F2','Ball_F2','',(#4425));
#4425 = PRODUCT_CONTEXT('',#2,'mechanical');
#4426 = PRODUCT_DEFINITION_CONTEXT('part definition',#2,'design');
#4427 = ADVANCED_BREP_SHAPE_REPRESENTATION('',(#11,#4428),#4527);
#4428 = MANIFOLD_SOLID_BREP('',#4429);
#4429 = CLOSED_SHELL('',(#4430,#4519,#4523));
#4430 = ADVANCED_FACE('',(#4431),#4444,.T.);
#4431 = FACE_BOUND('',#4432,.T.);
#4432 = EDGE_LOOP('',(#4433,#4467,#4491,#4518));
#4433 = ORIENTED_EDGE('',*,*,#4434,.F.);
#4434 = EDGE_CURVE('',#4435,#4435,#4437,.T.);
#4435 = VERTEX_POINT('',#4436);
#4436 = CARTESIAN_POINT('',(-2.237750192604,2.,0.34));
#4437 = SURFACE_CURVE('',#4438,(#4443,#4455),.PCURVE_S1.);
#4438 = CIRCLE('',#4439,0.162249807396);
#4439 = AXIS2_PLACEMENT_3D('',#4440,#4441,#4442);
#4440 = CARTESIAN_POINT('',(-2.4,2.,0.34));
#4441 = DIRECTION('',(0.,0.,1.));
#4442 = DIRECTION('',(1.,0.,-0.));
#4443 = PCURVE('',#4444,#4449);
#4444 = SPHERICAL_SURFACE('',#4445,0.235);
#4445 = AXIS2_PLACEMENT_3D('',#4446,#4447,#4448);
#4446 = CARTESIAN_POINT('',(-2.4,2.,0.17));
#4447 = DIRECTION('',(0.,0.,1.));
#4448 = DIRECTION('',(1.,0.,0.));
#4449 = DEFINITIONAL_REPRESENTATION('',(#4450),#4454);
#4450 = LINE('',#4451,#4452);
#4451 = CARTESIAN_POINT('',(0.,0.80872033608));
#4452 = VECTOR('',#4453,1.);
#4453 = DIRECTION('',(1.,0.));
#4454 = ( GEOMETRIC_REPRESENTATION_CONTEXT(2) 
PARAMETRIC_REPRESENTATION_CONTEXT() REPRESENTATION_CONTEXT('2D SPACE',''
  ) );
#4455 = PCURVE('',#4456,#4461);
#4456 = PLANE('',#4457);
#4457 = AXIS2_PLACEMENT_3D('',#4458,#4459,#4460);
#4458 = CARTESIAN_POINT('',(-2.65,1.75,0.34));
#4459 = DIRECTION('',(0.,0.,1.));
#4460 = DIRECTION('',(1.,0.,0.));
#4461 = DEFINITIONAL_REPRESENTATION('',(#4462),#4466);
#4462 = CIRCLE('',#4463,0.162249807396);
#4463 = AXIS2_PLACEMENT_2D('',#4464,#4465);
#4464 = CARTESIAN_POINT('',(0.25,0.25));
#4465 = DIRECTION('',(1.,0.));
#4466 = ( GEOMETRIC_REPRESENTATION_CONTEXT(2) 
PARAMETRIC_REPRESENTATION_CONTEXT() REPRESENTATION_CONTEXT('2D SPACE',''
  ) );
#4467 = ORIENTED_EDGE('',*,*,#4468,.F.);
#4468 = EDGE_CURVE('',#4469,#4435,#4471,.T.);
#4469 = VERTEX_POINT('',#4470);
#4470 = CARTESIAN_POINT('',(-2.237750192604,2.,-5.551115123126E-17));
#4471 = SEAM_CURVE('',#4472,(#4477,#4484),.PCURVE_S1.);
#4472 = CIRCLE('',#4473,0.235);
#4473 = AXIS2_PLACEMENT_3D('',#4474,#4475,#4476);
#4474 = CARTESIAN_POINT('',(-2.4,2.,0.17));
#4475 = DIRECTION('',(-2.449293598295E-16,-1.,0.));
#4476 = DIRECTION('',(1.,-2.449293598295E-16,0.));
#4477 = PCURVE('',#4444,#4478);
#4478 = DEFINITIONAL_REPRESENTATION('',(#4479),#4483);
#4479 = LINE('',#4480,#4481);
#4480 = CARTESIAN_POINT('',(6.28318530718,-6.28318530718));
#4481 = VECTOR('',#4482,1.);
#4482 = DIRECTION('',(0.,1.));
#4483 = ( GEOMETRIC_REPRESENTATION_CONTEXT(2) 
PARAMETRIC_REPRESENTATION_CONTEXT() REPRESENTATION_CONTEXT('2D SPACE',''
  ) );
#4484 = PCURVE('',#4444,#4485);
#4485 = DEFINITIONAL_REPRESENTATION('',(#4486),#4490);
#4486 = LINE('',#4487,#4488);
#4487 = CARTESIAN_POINT('',(0.,-6.28318530718));
#4488 = VECTOR('',#4489,1.);
#4489 = DIRECTION('',(0.,1.));
#4490 = ( GEOMETRIC_REPRESENTATION_CONTEXT(2) 
PARAMETRIC_REPRESENTATION_CONTEXT() REPRESENTATION_CONTEXT('2D SPACE',''
  ) );
#4491 = ORIENTED_EDGE('',*,*,#4492,.T.);
#4492 = EDGE_CURVE('',#4469,#4469,#4493,.T.);
#4493 = SURFACE_CURVE('',#4494,(#4499,#4506),.PCURVE_S1.);
#4494 = CIRCLE('',#4495,0.162249807396);
#4495 = AXIS2_PLACEMENT_3D('',#4496,#4497,#4498);
#4496 = CARTESIAN_POINT('',(-2.4,2.,0.));
#4497 = DIRECTION('',(0.,0.,1.));
#4498 = DIRECTION('',(1.,0.,-0.));
#4499 = PCURVE('',#4444,#4500);
#4500 = DEFINITIONAL_REPRESENTATION('',(#4501),#4505);
#4501 = LINE('',#4502,#4503);
#4502 = CARTESIAN_POINT('',(0.,-0.80872033608));
#4503 = VECTOR('',#4504,1.);
#4504 = DIRECTION('',(1.,0.));
#4505 = ( GEOMETRIC_REPRESENTATION_CONTEXT(2) 
PARAMETRIC_REPRESENTATION_CONTEXT() REPRESENTATION_CONTEXT('2D SPACE',''
  ) );
#4506 = PCURVE('',#4507,#4512);
#4507 = PLANE('',#4508);
#4508 = AXIS2_PLACEMENT_3D('',#4509,#4510,#4511);
#4509 = CARTESIAN_POINT('',(-2.65,1.75,0.));
#4510 = DIRECTION('',(0.,0.,1.));
#4511 = DIRECTION('',(1.,0.,0.));
#4512 = DEFINITIONAL_REPRESENTATION('',(#4513),#4517);
#4513 = CIRCLE('',#4514,0.162249807396);
#4514 = AXIS2_PLACEMENT_2D('',#4515,#4516);
#4515 = CARTESIAN_POINT('',(0.25,0.25));
#4516 = DIRECTION('',(1.,0.));
#4517 = ( GEOMETRIC_REPRESENTATION_CONTEXT(2) 
PARAMETRIC_REPRESENTATION_CONTEXT() REPRESENTATION_CONTEXT('2D SPACE',''
  ) );
#4518 = ORIENTED_EDGE('',*,*,#4468,.T.);
#4519 = ADVANCED_FACE('',(#4520),#4456,.T.);
#4520 = FACE_BOUND('',#4521,.T.);
#4521 = EDGE_LOOP('',(#4522));
#4522 = ORIENTED_EDGE('',*,*,#4434,.T.);
#4523 = ADVANCED_FACE('',(#4524),#4507,.F.);
#4524 = FACE_BOUND('',#4525,.F.);
#4525 = EDGE_LOOP('',(#4526));
#4526 = ORIENTED_EDGE('',*,*,#4492,.T.);
#4527 = ( GEOMETRIC_REPRESENTATION_CONTEXT(3) 
GLOBAL_UNCERTAINTY_ASSIGNED_CONTEXT((#4531)) 
GLOBAL_UNIT_ASSIGNED_CONTEXT((#4528,#4529,#4530)) REPRESENTATION_CONTEXT
('Context #1','3D Context with UNIT and UNCERTAINTY') );
#4528 = ( LENGTH_UNIT() NAMED_UNIT(*) SI_UNIT(.MILLI.,.METRE.) );
#4529 = ( NAMED_UNIT(*) PLANE_ANGLE_UNIT() SI_UNIT($,.RADIAN.) );
#4530 = ( NAMED_UNIT(*) SI_UNIT($,.STERADIAN.) SOLID_ANGLE_UNIT() );
#4531 = UNCERTAINTY_MEASURE_WITH_UNIT(LENGTH_MEASURE(1.E-07),#4528,
  'distance_accuracy_value','confusion accuracy');
#4532 = CONTEXT_DEPENDENT_SHAPE_REPRESENTATION(#4533,#4535);
#4533 = ( REPRESENTATION_RELATIONSHIP('','',#4427,#10) 
REPRESENTATION_RELATIONSHIP_WITH_TRANSFORMATION(#4534) 
SHAPE_REPRESENTATION_RELATIONSHIP() );
#4534 = ITEM_DEFINED_TRANSFORMATION('','',#11,#143);
#4535 = PRODUCT_DEFINITION_SHAPE('Placement','Placement of an item',
  #4536);
#4536 = NEXT_ASSEMBLY_USAGE_OCCURRENCE('77','Ball_F2','',#5,#4422,$);
#4537 = PRODUCT_RELATED_PRODUCT_CATEGORY('part',$,(#4424));
#4538 = SHAPE_DEFINITION_REPRESENTATION(#4539,#4545);
#4539 = PRODUCT_DEFINITION_SHAPE('','',#4540);
#4540 = PRODUCT_DEFINITION('design','',#4541,#4544);
#4541 = PRODUCT_DEFINITION_FORMATION('','',#4542);
#4542 = PRODUCT('Ball_F3','Ball_F3','',(#4543));
#4543 = PRODUCT_CONTEXT('',#2,'mechanical');
#4544 = PRODUCT_DEFINITION_CONTEXT('part definition',#2,'design');
#4545 = ADVANCED_BREP_SHAPE_REPRESENTATION('',(#11,#4546),#4645);
#4546 = MANIFOLD_SOLID_BREP('',#4547);
#4547 = CLOSED_SHELL('',(#4548,#4637,#4641));
#4548 = ADVANCED_FACE('',(#4549),#4562,.T.);
#4549 = FACE_BOUND('',#4550,.T.);
#4550 = EDGE_LOOP('',(#4551,#4585,#4609,#4636));
#4551 = ORIENTED_EDGE('',*,*,#4552,.F.);
#4552 = EDGE_CURVE('',#4553,#4553,#4555,.T.);
#4553 = VERTEX_POINT('',#4554);
#4554 = CARTESIAN_POINT('',(-1.437750192604,2.,0.34));
#4555 = SURFACE_CURVE('',#4556,(#4561,#4573),.PCURVE_S1.);
#4556 = CIRCLE('',#4557,0.162249807396);
#4557 = AXIS2_PLACEMENT_3D('',#4558,#4559,#4560);
#4558 = CARTESIAN_POINT('',(-1.6,2.,0.34));
#4559 = DIRECTION('',(0.,0.,1.));
#4560 = DIRECTION('',(1.,0.,-0.));
#4561 = PCURVE('',#4562,#4567);
#4562 = SPHERICAL_SURFACE('',#4563,0.235);
#4563 = AXIS2_PLACEMENT_3D('',#4564,#4565,#4566);
#4564 = CARTESIAN_POINT('',(-1.6,2.,0.17));
#4565 = DIRECTION('',(0.,0.,1.));
#4566 = DIRECTION('',(1.,0.,0.));
#4567 = DEFINITIONAL_REPRESENTATION('',(#4568),#4572);
#4568 = LINE('',#4569,#4570);
#4569 = CARTESIAN_POINT('',(0.,0.80872033608));
#4570 = VECTOR('',#4571,1.);
#4571 = DIRECTION('',(1.,0.));
#4572 = ( GEOMETRIC_REPRESENTATION_CONTEXT(2) 
PARAMETRIC_REPRESENTATION_CONTEXT() REPRESENTATION_CONTEXT('2D SPACE',''
  ) );
#4573 = PCURVE('',#4574,#4579);
#4574 = PLANE('',#4575);
#4575 = AXIS2_PLACEMENT_3D('',#4576,#4577,#4578);
#4576 = CARTESIAN_POINT('',(-1.85,1.75,0.34));
#4577 = DIRECTION('',(0.,0.,1.));
#4578 = DIRECTION('',(1.,0.,0.));
#4579 = DEFINITIONAL_REPRESENTATION('',(#4580),#4584);
#4580 = CIRCLE('',#4581,0.162249807396);
#4581 = AXIS2_PLACEMENT_2D('',#4582,#4583);
#4582 = CARTESIAN_POINT('',(0.25,0.25));
#4583 = DIRECTION('',(1.,0.));
#4584 = ( GEOMETRIC_REPRESENTATION_CONTEXT(2) 
PARAMETRIC_REPRESENTATION_CONTEXT() REPRESENTATION_CONTEXT('2D SPACE',''
  ) );
#4585 = ORIENTED_EDGE('',*,*,#4586,.F.);
#4586 = EDGE_CURVE('',#4587,#4553,#4589,.T.);
#4587 = VERTEX_POINT('',#4588);
#4588 = CARTESIAN_POINT('',(-1.437750192604,2.,-5.551115123126E-17));
#4589 = SEAM_CURVE('',#4590,(#4595,#4602),.PCURVE_S1.);
#4590 = CIRCLE('',#4591,0.235);
#4591 = AXIS2_PLACEMENT_3D('',#4592,#4593,#4594);
#4592 = CARTESIAN_POINT('',(-1.6,2.,0.17));
#4593 = DIRECTION('',(-2.449293598295E-16,-1.,0.));
#4594 = DIRECTION('',(1.,-2.449293598295E-16,0.));
#4595 = PCURVE('',#4562,#4596);
#4596 = DEFINITIONAL_REPRESENTATION('',(#4597),#4601);
#4597 = LINE('',#4598,#4599);
#4598 = CARTESIAN_POINT('',(6.28318530718,-6.28318530718));
#4599 = VECTOR('',#4600,1.);
#4600 = DIRECTION('',(0.,1.));
#4601 = ( GEOMETRIC_REPRESENTATION_CONTEXT(2) 
PARAMETRIC_REPRESENTATION_CONTEXT() REPRESENTATION_CONTEXT('2D SPACE',''
  ) );
#4602 = PCURVE('',#4562,#4603);
#4603 = DEFINITIONAL_REPRESENTATION('',(#4604),#4608);
#4604 = LINE('',#4605,#4606);
#4605 = CARTESIAN_POINT('',(0.,-6.28318530718));
#4606 = VECTOR('',#4607,1.);
#4607 = DIRECTION('',(0.,1.));
#4608 = ( GEOMETRIC_REPRESENTATION_CONTEXT(2) 
PARAMETRIC_REPRESENTATION_CONTEXT() REPRESENTATION_CONTEXT('2D SPACE',''
  ) );
#4609 = ORIENTED_EDGE('',*,*,#4610,.T.);
#4610 = EDGE_CURVE('',#4587,#4587,#4611,.T.);
#4611 = SURFACE_CURVE('',#4612,(#4617,#4624),.PCURVE_S1.);
#4612 = CIRCLE('',#4613,0.162249807396);
#4613 = AXIS2_PLACEMENT_3D('',#4614,#4615,#4616);
#4614 = CARTESIAN_POINT('',(-1.6,2.,0.));
#4615 = DIRECTION('',(0.,0.,1.));
#4616 = DIRECTION('',(1.,0.,-0.));
#4617 = PCURVE('',#4562,#4618);
#4618 = DEFINITIONAL_REPRESENTATION('',(#4619),#4623);
#4619 = LINE('',#4620,#4621);
#4620 = CARTESIAN_POINT('',(0.,-0.80872033608));
#4621 = VECTOR('',#4622,1.);
#4622 = DIRECTION('',(1.,0.));
#4623 = ( GEOMETRIC_REPRESENTATION_CONTEXT(2) 
PARAMETRIC_REPRESENTATION_CONTEXT() REPRESENTATION_CONTEXT('2D SPACE',''
  ) );
#4624 = PCURVE('',#4625,#4630);
#4625 = PLANE('',#4626);
#4626 = AXIS2_PLACEMENT_3D('',#4627,#4628,#4629);
#4627 = CARTESIAN_POINT('',(-1.85,1.75,0.));
#4628 = DIRECTION('',(0.,0.,1.));
#4629 = DIRECTION('',(1.,0.,0.));
#4630 = DEFINITIONAL_REPRESENTATION('',(#4631),#4635);
#4631 = CIRCLE('',#4632,0.162249807396);
#4632 = AXIS2_PLACEMENT_2D('',#4633,#4634);
#4633 = CARTESIAN_POINT('',(0.25,0.25));
#4634 = DIRECTION('',(1.,0.));
#4635 = ( GEOMETRIC_REPRESENTATION_CONTEXT(2) 
PARAMETRIC_REPRESENTATION_CONTEXT() REPRESENTATION_CONTEXT('2D SPACE',''
  ) );
#4636 = ORIENTED_EDGE('',*,*,#4586,.T.);
#4637 = ADVANCED_FACE('',(#4638),#4574,.T.);
#4638 = FACE_BOUND('',#4639,.T.);
#4639 = EDGE_LOOP('',(#4640));
#4640 = ORIENTED_EDGE('',*,*,#4552,.T.);
#4641 = ADVANCED_FACE('',(#4642),#4625,.F.);
#4642 = FACE_BOUND('',#4643,.F.);
#4643 = EDGE_LOOP('',(#4644));
#4644 = ORIENTED_EDGE('',*,*,#4610,.T.);
#4645 = ( GEOMETRIC_REPRESENTATION_CONTEXT(3) 
GLOBAL_UNCERTAINTY_ASSIGNED_CONTEXT((#4649)) 
GLOBAL_UNIT_ASSIGNED_CONTEXT((#4646,#4647,#4648)) REPRESENTATION_CONTEXT
('Context #1','3D Context with UNIT and UNCERTAINTY') );
#4646 = ( LENGTH_UNIT() NAMED_UNIT(*) SI_UNIT(.MILLI.,.METRE.) );
#4647 = ( NAMED_UNIT(*) PLANE_ANGLE_UNIT() SI_UNIT($,.RADIAN.) );
#4648 = ( NAMED_UNIT(*) SI_UNIT($,.STERADIAN.) SOLID_ANGLE_UNIT() );
#4649 = UNCERTAINTY_MEASURE_WITH_UNIT(LENGTH_MEASURE(1.E-07),#4646,
  'distance_accuracy_value','confusion accuracy');
#4650 = CONTEXT_DEPENDENT_SHAPE_REPRESENTATION(#4651,#4653);
#4651 = ( REPRESENTATION_RELATIONSHIP('','',#4545,#10) 
REPRESENTATION_RELATIONSHIP_WITH_TRANSFORMATION(#4652) 
SHAPE_REPRESENTATION_RELATIONSHIP() );
#4652 = ITEM_DEFINED_TRANSFORMATION('','',#11,#147);
#4653 = PRODUCT_DEFINITION_SHAPE('Placement','Placement of an item',
  #4654);
#4654 = NEXT_ASSEMBLY_USAGE_OCCURRENCE('78','Ball_F3','',#5,#4540,$);
#4655 = PRODUCT_RELATED_PRODUCT_CATEGORY('part',$,(#4542));
#4656 = SHAPE_DEFINITION_REPRESENTATION(#4657,#4663);
#4657 = PRODUCT_DEFINITION_SHAPE('','',#4658);
#4658 = PRODUCT_DEFINITION('design','',#4659,#4662);
#4659 = PRODUCT_DEFINITION_FORMATION('','',#4660);
#4660 = PRODUCT('Ball_F7','Ball_F7','',(#4661));
#4661 = PRODUCT_CONTEXT('',#2,'mechanical');
#4662 = PRODUCT_DEFINITION_CONTEXT('part definition',#2,'design');
#4663 = ADVANCED_BREP_SHAPE_REPRESENTATION('',(#11,#4664),#4763);
#4664 = MANIFOLD_SOLID_BREP('',#4665);
#4665 = CLOSED_SHELL('',(#4666,#4755,#4759));
#4666 = ADVANCED_FACE('',(#4667),#4680,.T.);
#4667 = FACE_BOUND('',#4668,.T.);
#4668 = EDGE_LOOP('',(#4669,#4703,#4727,#4754));
#4669 = ORIENTED_EDGE('',*,*,#4670,.F.);
#4670 = EDGE_CURVE('',#4671,#4671,#4673,.T.);
#4671 = VERTEX_POINT('',#4672);
#4672 = CARTESIAN_POINT('',(1.762249807396,2.,0.34));
#4673 = SURFACE_CURVE('',#4674,(#4679,#4691),.PCURVE_S1.);
#4674 = CIRCLE('',#4675,0.162249807396);
#4675 = AXIS2_PLACEMENT_3D('',#4676,#4677,#4678);
#4676 = CARTESIAN_POINT('',(1.6,2.,0.34));
#4677 = DIRECTION('',(0.,0.,1.));
#4678 = DIRECTION('',(1.,0.,-0.));
#4679 = PCURVE('',#4680,#4685);
#4680 = SPHERICAL_SURFACE('',#4681,0.235);
#4681 = AXIS2_PLACEMENT_3D('',#4682,#4683,#4684);
#4682 = CARTESIAN_POINT('',(1.6,2.,0.17));
#4683 = DIRECTION('',(0.,0.,1.));
#4684 = DIRECTION('',(1.,0.,0.));
#4685 = DEFINITIONAL_REPRESENTATION('',(#4686),#4690);
#4686 = LINE('',#4687,#4688);
#4687 = CARTESIAN_POINT('',(0.,0.80872033608));
#4688 = VECTOR('',#4689,1.);
#4689 = DIRECTION('',(1.,0.));
#4690 = ( GEOMETRIC_REPRESENTATION_CONTEXT(2) 
PARAMETRIC_REPRESENTATION_CONTEXT() REPRESENTATION_CONTEXT('2D SPACE',''
  ) );
#4691 = PCURVE('',#4692,#4697);
#4692 = PLANE('',#4693);
#4693 = AXIS2_PLACEMENT_3D('',#4694,#4695,#4696);
#4694 = CARTESIAN_POINT('',(1.35,1.75,0.34));
#4695 = DIRECTION('',(0.,0.,1.));
#4696 = DIRECTION('',(1.,0.,0.));
#4697 = DEFINITIONAL_REPRESENTATION('',(#4698),#4702);
#4698 = CIRCLE('',#4699,0.162249807396);
#4699 = AXIS2_PLACEMENT_2D('',#4700,#4701);
#4700 = CARTESIAN_POINT('',(0.25,0.25));
#4701 = DIRECTION('',(1.,0.));
#4702 = ( GEOMETRIC_REPRESENTATION_CONTEXT(2) 
PARAMETRIC_REPRESENTATION_CONTEXT() REPRESENTATION_CONTEXT('2D SPACE',''
  ) );
#4703 = ORIENTED_EDGE('',*,*,#4704,.F.);
#4704 = EDGE_CURVE('',#4705,#4671,#4707,.T.);
#4705 = VERTEX_POINT('',#4706);
#4706 = CARTESIAN_POINT('',(1.762249807396,2.,-5.551115123126E-17));
#4707 = SEAM_CURVE('',#4708,(#4713,#4720),.PCURVE_S1.);
#4708 = CIRCLE('',#4709,0.235);
#4709 = AXIS2_PLACEMENT_3D('',#4710,#4711,#4712);
#4710 = CARTESIAN_POINT('',(1.6,2.,0.17));
#4711 = DIRECTION('',(-2.449293598295E-16,-1.,0.));
#4712 = DIRECTION('',(1.,-2.449293598295E-16,0.));
#4713 = PCURVE('',#4680,#4714);
#4714 = DEFINITIONAL_REPRESENTATION('',(#4715),#4719);
#4715 = LINE('',#4716,#4717);
#4716 = CARTESIAN_POINT('',(6.28318530718,-6.28318530718));
#4717 = VECTOR('',#4718,1.);
#4718 = DIRECTION('',(0.,1.));
#4719 = ( GEOMETRIC_REPRESENTATION_CONTEXT(2) 
PARAMETRIC_REPRESENTATION_CONTEXT() REPRESENTATION_CONTEXT('2D SPACE',''
  ) );
#4720 = PCURVE('',#4680,#4721);
#4721 = DEFINITIONAL_REPRESENTATION('',(#4722),#4726);
#4722 = LINE('',#4723,#4724);
#4723 = CARTESIAN_POINT('',(0.,-6.28318530718));
#4724 = VECTOR('',#4725,1.);
#4725 = DIRECTION('',(0.,1.));
#4726 = ( GEOMETRIC_REPRESENTATION_CONTEXT(2) 
PARAMETRIC_REPRESENTATION_CONTEXT() REPRESENTATION_CONTEXT('2D SPACE',''
  ) );
#4727 = ORIENTED_EDGE('',*,*,#4728,.T.);
#4728 = EDGE_CURVE('',#4705,#4705,#4729,.T.);
#4729 = SURFACE_CURVE('',#4730,(#4735,#4742),.PCURVE_S1.);
#4730 = CIRCLE('',#4731,0.162249807396);
#4731 = AXIS2_PLACEMENT_3D('',#4732,#4733,#4734);
#4732 = CARTESIAN_POINT('',(1.6,2.,0.));
#4733 = DIRECTION('',(0.,0.,1.));
#4734 = DIRECTION('',(1.,0.,-0.));
#4735 = PCURVE('',#4680,#4736);
#4736 = DEFINITIONAL_REPRESENTATION('',(#4737),#4741);
#4737 = LINE('',#4738,#4739);
#4738 = CARTESIAN_POINT('',(0.,-0.80872033608));
#4739 = VECTOR('',#4740,1.);
#4740 = DIRECTION('',(1.,0.));
#4741 = ( GEOMETRIC_REPRESENTATION_CONTEXT(2) 
PARAMETRIC_REPRESENTATION_CONTEXT() REPRESENTATION_CONTEXT('2D SPACE',''
  ) );
#4742 = PCURVE('',#4743,#4748);
#4743 = PLANE('',#4744);
#4744 = AXIS2_PLACEMENT_3D('',#4745,#4746,#4747);
#4745 = CARTESIAN_POINT('',(1.35,1.75,0.));
#4746 = DIRECTION('',(0.,0.,1.));
#4747 = DIRECTION('',(1.,0.,0.));
#4748 = DEFINITIONAL_REPRESENTATION('',(#4749),#4753);
#4749 = CIRCLE('',#4750,0.162249807396);
#4750 = AXIS2_PLACEMENT_2D('',#4751,#4752);
#4751 = CARTESIAN_POINT('',(0.25,0.25));
#4752 = DIRECTION('',(1.,0.));
#4753 = ( GEOMETRIC_REPRESENTATION_CONTEXT(2) 
PARAMETRIC_REPRESENTATION_CONTEXT() REPRESENTATION_CONTEXT('2D SPACE',''
  ) );
#4754 = ORIENTED_EDGE('',*,*,#4704,.T.);
#4755 = ADVANCED_FACE('',(#4756),#4692,.T.);
#4756 = FACE_BOUND('',#4757,.T.);
#4757 = EDGE_LOOP('',(#4758));
#4758 = ORIENTED_EDGE('',*,*,#4670,.T.);
#4759 = ADVANCED_FACE('',(#4760),#4743,.F.);
#4760 = FACE_BOUND('',#4761,.F.);
#4761 = EDGE_LOOP('',(#4762));
#4762 = ORIENTED_EDGE('',*,*,#4728,.T.);
#4763 = ( GEOMETRIC_REPRESENTATION_CONTEXT(3) 
GLOBAL_UNCERTAINTY_ASSIGNED_CONTEXT((#4767)) 
GLOBAL_UNIT_ASSIGNED_CONTEXT((#4764,#4765,#4766)) REPRESENTATION_CONTEXT
('Context #1','3D Context with UNIT and UNCERTAINTY') );
#4764 = ( LENGTH_UNIT() NAMED_UNIT(*) SI_UNIT(.MILLI.,.METRE.) );
#4765 = ( NAMED_UNIT(*) PLANE_ANGLE_UNIT() SI_UNIT($,.RADIAN.) );
#4766 = ( NAMED_UNIT(*) SI_UNIT($,.STERADIAN.) SOLID_ANGLE_UNIT() );
#4767 = UNCERTAINTY_MEASURE_WITH_UNIT(LENGTH_MEASURE(1.E-07),#4764,
  'distance_accuracy_value','confusion accuracy');
#4768 = CONTEXT_DEPENDENT_SHAPE_REPRESENTATION(#4769,#4771);
#4769 = ( REPRESENTATION_RELATIONSHIP('','',#4663,#10) 
REPRESENTATION_RELATIONSHIP_WITH_TRANSFORMATION(#4770) 
SHAPE_REPRESENTATION_RELATIONSHIP() );
#4770 = ITEM_DEFINED_TRANSFORMATION('','',#11,#151);
#4771 = PRODUCT_DEFINITION_SHAPE('Placement','Placement of an item',
  #4772);
#4772 = NEXT_ASSEMBLY_USAGE_OCCURRENCE('79','Ball_F7','',#5,#4658,$);
#4773 = PRODUCT_RELATED_PRODUCT_CATEGORY('part',$,(#4660));
#4774 = SHAPE_DEFINITION_REPRESENTATION(#4775,#4781);
#4775 = PRODUCT_DEFINITION_SHAPE('','',#4776);
#4776 = PRODUCT_DEFINITION('design','',#4777,#4780);
#4777 = PRODUCT_DEFINITION_FORMATION('','',#4778);
#4778 = PRODUCT('Ball_F8','Ball_F8','',(#4779));
#4779 = PRODUCT_CONTEXT('',#2,'mechanical');
#4780 = PRODUCT_DEFINITION_CONTEXT('part definition',#2,'design');
#4781 = ADVANCED_BREP_SHAPE_REPRESENTATION('',(#11,#4782),#4881);
#4782 = MANIFOLD_SOLID_BREP('',#4783);
#4783 = CLOSED_SHELL('',(#4784,#4873,#4877));
#4784 = ADVANCED_FACE('',(#4785),#4798,.T.);
#4785 = FACE_BOUND('',#4786,.T.);
#4786 = EDGE_LOOP('',(#4787,#4821,#4845,#4872));
#4787 = ORIENTED_EDGE('',*,*,#4788,.F.);
#4788 = EDGE_CURVE('',#4789,#4789,#4791,.T.);
#4789 = VERTEX_POINT('',#4790);
#4790 = CARTESIAN_POINT('',(2.562249807396,2.,0.34));
#4791 = SURFACE_CURVE('',#4792,(#4797,#4809),.PCURVE_S1.);
#4792 = CIRCLE('',#4793,0.162249807396);
#4793 = AXIS2_PLACEMENT_3D('',#4794,#4795,#4796);
#4794 = CARTESIAN_POINT('',(2.4,2.,0.34));
#4795 = DIRECTION('',(0.,0.,1.));
#4796 = DIRECTION('',(1.,0.,-0.));
#4797 = PCURVE('',#4798,#4803);
#4798 = SPHERICAL_SURFACE('',#4799,0.235);
#4799 = AXIS2_PLACEMENT_3D('',#4800,#4801,#4802);
#4800 = CARTESIAN_POINT('',(2.4,2.,0.17));
#4801 = DIRECTION('',(0.,0.,1.));
#4802 = DIRECTION('',(1.,0.,0.));
#4803 = DEFINITIONAL_REPRESENTATION('',(#4804),#4808);
#4804 = LINE('',#4805,#4806);
#4805 = CARTESIAN_POINT('',(0.,0.80872033608));
#4806 = VECTOR('',#4807,1.);
#4807 = DIRECTION('',(1.,0.));
#4808 = ( GEOMETRIC_REPRESENTATION_CONTEXT(2) 
PARAMETRIC_REPRESENTATION_CONTEXT() REPRESENTATION_CONTEXT('2D SPACE',''
  ) );
#4809 = PCURVE('',#4810,#4815);
#4810 = PLANE('',#4811);
#4811 = AXIS2_PLACEMENT_3D('',#4812,#4813,#4814);
#4812 = CARTESIAN_POINT('',(2.15,1.75,0.34));
#4813 = DIRECTION('',(0.,0.,1.));
#4814 = DIRECTION('',(1.,0.,0.));
#4815 = DEFINITIONAL_REPRESENTATION('',(#4816),#4820);
#4816 = CIRCLE('',#4817,0.162249807396);
#4817 = AXIS2_PLACEMENT_2D('',#4818,#4819);
#4818 = CARTESIAN_POINT('',(0.25,0.25));
#4819 = DIRECTION('',(1.,0.));
#4820 = ( GEOMETRIC_REPRESENTATION_CONTEXT(2) 
PARAMETRIC_REPRESENTATION_CONTEXT() REPRESENTATION_CONTEXT('2D SPACE',''
  ) );
#4821 = ORIENTED_EDGE('',*,*,#4822,.F.);
#4822 = EDGE_CURVE('',#4823,#4789,#4825,.T.);
#4823 = VERTEX_POINT('',#4824);
#4824 = CARTESIAN_POINT('',(2.562249807396,2.,-5.551115123126E-17));
#4825 = SEAM_CURVE('',#4826,(#4831,#4838),.PCURVE_S1.);
#4826 = CIRCLE('',#4827,0.235);
#4827 = AXIS2_PLACEMENT_3D('',#4828,#4829,#4830);
#4828 = CARTESIAN_POINT('',(2.4,2.,0.17));
#4829 = DIRECTION('',(-2.449293598295E-16,-1.,0.));
#4830 = DIRECTION('',(1.,-2.449293598295E-16,0.));
#4831 = PCURVE('',#4798,#4832);
#4832 = DEFINITIONAL_REPRESENTATION('',(#4833),#4837);
#4833 = LINE('',#4834,#4835);
#4834 = CARTESIAN_POINT('',(6.28318530718,-6.28318530718));
#4835 = VECTOR('',#4836,1.);
#4836 = DIRECTION('',(0.,1.));
#4837 = ( GEOMETRIC_REPRESENTATION_CONTEXT(2) 
PARAMETRIC_REPRESENTATION_CONTEXT() REPRESENTATION_CONTEXT('2D SPACE',''
  ) );
#4838 = PCURVE('',#4798,#4839);
#4839 = DEFINITIONAL_REPRESENTATION('',(#4840),#4844);
#4840 = LINE('',#4841,#4842);
#4841 = CARTESIAN_POINT('',(0.,-6.28318530718));
#4842 = VECTOR('',#4843,1.);
#4843 = DIRECTION('',(0.,1.));
#4844 = ( GEOMETRIC_REPRESENTATION_CONTEXT(2) 
PARAMETRIC_REPRESENTATION_CONTEXT() REPRESENTATION_CONTEXT('2D SPACE',''
  ) );
#4845 = ORIENTED_EDGE('',*,*,#4846,.T.);
#4846 = EDGE_CURVE('',#4823,#4823,#4847,.T.);
#4847 = SURFACE_CURVE('',#4848,(#4853,#4860),.PCURVE_S1.);
#4848 = CIRCLE('',#4849,0.162249807396);
#4849 = AXIS2_PLACEMENT_3D('',#4850,#4851,#4852);
#4850 = CARTESIAN_POINT('',(2.4,2.,0.));
#4851 = DIRECTION('',(0.,0.,1.));
#4852 = DIRECTION('',(1.,0.,-0.));
#4853 = PCURVE('',#4798,#4854);
#4854 = DEFINITIONAL_REPRESENTATION('',(#4855),#4859);
#4855 = LINE('',#4856,#4857);
#4856 = CARTESIAN_POINT('',(0.,-0.80872033608));
#4857 = VECTOR('',#4858,1.);
#4858 = DIRECTION('',(1.,0.));
#4859 = ( GEOMETRIC_REPRESENTATION_CONTEXT(2) 
PARAMETRIC_REPRESENTATION_CONTEXT() REPRESENTATION_CONTEXT('2D SPACE',''
  ) );
#4860 = PCURVE('',#4861,#4866);
#4861 = PLANE('',#4862);
#4862 = AXIS2_PLACEMENT_3D('',#4863,#4864,#4865);
#4863 = CARTESIAN_POINT('',(2.15,1.75,0.));
#4864 = DIRECTION('',(0.,0.,1.));
#4865 = DIRECTION('',(1.,0.,0.));
#4866 = DEFINITIONAL_REPRESENTATION('',(#4867),#4871);
#4867 = CIRCLE('',#4868,0.162249807396);
#4868 = AXIS2_PLACEMENT_2D('',#4869,#4870);
#4869 = CARTESIAN_POINT('',(0.25,0.25));
#4870 = DIRECTION('',(1.,0.));
#4871 = ( GEOMETRIC_REPRESENTATION_CONTEXT(2) 
PARAMETRIC_REPRESENTATION_CONTEXT() REPRESENTATION_CONTEXT('2D SPACE',''
  ) );
#4872 = ORIENTED_EDGE('',*,*,#4822,.T.);
#4873 = ADVANCED_FACE('',(#4874),#4810,.T.);
#4874 = FACE_BOUND('',#4875,.T.);
#4875 = EDGE_LOOP('',(#4876));
#4876 = ORIENTED_EDGE('',*,*,#4788,.T.);
#4877 = ADVANCED_FACE('',(#4878),#4861,.F.);
#4878 = FACE_BOUND('',#4879,.F.);
#4879 = EDGE_LOOP('',(#4880));
#4880 = ORIENTED_EDGE('',*,*,#4846,.T.);
#4881 = ( GEOMETRIC_REPRESENTATION_CONTEXT(3) 
GLOBAL_UNCERTAINTY_ASSIGNED_CONTEXT((#4885)) 
GLOBAL_UNIT_ASSIGNED_CONTEXT((#4882,#4883,#4884)) REPRESENTATION_CONTEXT
('Context #1','3D Context with UNIT and UNCERTAINTY') );
#4882 = ( LENGTH_UNIT() NAMED_UNIT(*) SI_UNIT(.MILLI.,.METRE.) );
#4883 = ( NAMED_UNIT(*) PLANE_ANGLE_UNIT() SI_UNIT($,.RADIAN.) );
#4884 = ( NAMED_UNIT(*) SI_UNIT($,.STERADIAN.) SOLID_ANGLE_UNIT() );
#4885 = UNCERTAINTY_MEASURE_WITH_UNIT(LENGTH_MEASURE(1.E-07),#4882,
  'distance_accuracy_value','confusion accuracy');
#4886 = CONTEXT_DEPENDENT_SHAPE_REPRESENTATION(#4887,#4889);
#4887 = ( REPRESENTATION_RELATIONSHIP('','',#4781,#10) 
REPRESENTATION_RELATIONSHIP_WITH_TRANSFORMATION(#4888) 
SHAPE_REPRESENTATION_RELATIONSHIP() );
#4888 = ITEM_DEFINED_TRANSFORMATION('','',#11,#155);
#4889 = PRODUCT_DEFINITION_SHAPE('Placement','Placement of an item',
  #4890);
#4890 = NEXT_ASSEMBLY_USAGE_OCCURRENCE('80','Ball_F8','',#5,#4776,$);
#4891 = PRODUCT_RELATED_PRODUCT_CATEGORY('part',$,(#4778));
#4892 = SHAPE_DEFINITION_REPRESENTATION(#4893,#4899);
#4893 = PRODUCT_DEFINITION_SHAPE('','',#4894);
#4894 = PRODUCT_DEFINITION('design','',#4895,#4898);
#4895 = PRODUCT_DEFINITION_FORMATION('','',#4896);
#4896 = PRODUCT('Ball_F9','Ball_F9','',(#4897));
#4897 = PRODUCT_CONTEXT('',#2,'mechanical');
#4898 = PRODUCT_DEFINITION_CONTEXT('part definition',#2,'design');
#4899 = ADVANCED_BREP_SHAPE_REPRESENTATION('',(#11,#4900),#4999);
#4900 = MANIFOLD_SOLID_BREP('',#4901);
#4901 = CLOSED_SHELL('',(#4902,#4991,#4995));
#4902 = ADVANCED_FACE('',(#4903),#4916,.T.);
#4903 = FACE_BOUND('',#4904,.T.);
#4904 = EDGE_LOOP('',(#4905,#4939,#4963,#4990));
#4905 = ORIENTED_EDGE('',*,*,#4906,.F.);
#4906 = EDGE_CURVE('',#4907,#4907,#4909,.T.);
#4907 = VERTEX_POINT('',#4908);
#4908 = CARTESIAN_POINT('',(3.362249807396,2.,0.34));
#4909 = SURFACE_CURVE('',#4910,(#4915,#4927),.PCURVE_S1.);
#4910 = CIRCLE('',#4911,0.162249807396);
#4911 = AXIS2_PLACEMENT_3D('',#4912,#4913,#4914);
#4912 = CARTESIAN_POINT('',(3.2,2.,0.34));
#4913 = DIRECTION('',(0.,0.,1.));
#4914 = DIRECTION('',(1.,0.,-0.));
#4915 = PCURVE('',#4916,#4921);
#4916 = SPHERICAL_SURFACE('',#4917,0.235);
#4917 = AXIS2_PLACEMENT_3D('',#4918,#4919,#4920);
#4918 = CARTESIAN_POINT('',(3.2,2.,0.17));
#4919 = DIRECTION('',(0.,0.,1.));
#4920 = DIRECTION('',(1.,0.,0.));
#4921 = DEFINITIONAL_REPRESENTATION('',(#4922),#4926);
#4922 = LINE('',#4923,#4924);
#4923 = CARTESIAN_POINT('',(0.,0.80872033608));
#4924 = VECTOR('',#4925,1.);
#4925 = DIRECTION('',(1.,0.));
#4926 = ( GEOMETRIC_REPRESENTATION_CONTEXT(2) 
PARAMETRIC_REPRESENTATION_CONTEXT() REPRESENTATION_CONTEXT('2D SPACE',''
  ) );
#4927 = PCURVE('',#4928,#4933);
#4928 = PLANE('',#4929);
#4929 = AXIS2_PLACEMENT_3D('',#4930,#4931,#4932);
#4930 = CARTESIAN_POINT('',(2.95,1.75,0.34));
#4931 = DIRECTION('',(0.,0.,1.));
#4932 = DIRECTION('',(1.,0.,0.));
#4933 = DEFINITIONAL_REPRESENTATION('',(#4934),#4938);
#4934 = CIRCLE('',#4935,0.162249807396);
#4935 = AXIS2_PLACEMENT_2D('',#4936,#4937);
#4936 = CARTESIAN_POINT('',(0.25,0.25));
#4937 = DIRECTION('',(1.,0.));
#4938 = ( GEOMETRIC_REPRESENTATION_CONTEXT(2) 
PARAMETRIC_REPRESENTATION_CONTEXT() REPRESENTATION_CONTEXT('2D SPACE',''
  ) );
#4939 = ORIENTED_EDGE('',*,*,#4940,.F.);
#4940 = EDGE_CURVE('',#4941,#4907,#4943,.T.);
#4941 = VERTEX_POINT('',#4942);
#4942 = CARTESIAN_POINT('',(3.362249807396,2.,-5.551115123126E-17));
#4943 = SEAM_CURVE('',#4944,(#4949,#4956),.PCURVE_S1.);
#4944 = CIRCLE('',#4945,0.235);
#4945 = AXIS2_PLACEMENT_3D('',#4946,#4947,#4948);
#4946 = CARTESIAN_POINT('',(3.2,2.,0.17));
#4947 = DIRECTION('',(-2.449293598295E-16,-1.,0.));
#4948 = DIRECTION('',(1.,-2.449293598295E-16,0.));
#4949 = PCURVE('',#4916,#4950);
#4950 = DEFINITIONAL_REPRESENTATION('',(#4951),#4955);
#4951 = LINE('',#4952,#4953);
#4952 = CARTESIAN_POINT('',(6.28318530718,-6.28318530718));
#4953 = VECTOR('',#4954,1.);
#4954 = DIRECTION('',(0.,1.));
#4955 = ( GEOMETRIC_REPRESENTATION_CONTEXT(2) 
PARAMETRIC_REPRESENTATION_CONTEXT() REPRESENTATION_CONTEXT('2D SPACE',''
  ) );
#4956 = PCURVE('',#4916,#4957);
#4957 = DEFINITIONAL_REPRESENTATION('',(#4958),#4962);
#4958 = LINE('',#4959,#4960);
#4959 = CARTESIAN_POINT('',(0.,-6.28318530718));
#4960 = VECTOR('',#4961,1.);
#4961 = DIRECTION('',(0.,1.));
#4962 = ( GEOMETRIC_REPRESENTATION_CONTEXT(2) 
PARAMETRIC_REPRESENTATION_CONTEXT() REPRESENTATION_CONTEXT('2D SPACE',''
  ) );
#4963 = ORIENTED_EDGE('',*,*,#4964,.T.);
#4964 = EDGE_CURVE('',#4941,#4941,#4965,.T.);
#4965 = SURFACE_CURVE('',#4966,(#4971,#4978),.PCURVE_S1.);
#4966 = CIRCLE('',#4967,0.162249807396);
#4967 = AXIS2_PLACEMENT_3D('',#4968,#4969,#4970);
#4968 = CARTESIAN_POINT('',(3.2,2.,0.));
#4969 = DIRECTION('',(0.,0.,1.));
#4970 = DIRECTION('',(1.,0.,-0.));
#4971 = PCURVE('',#4916,#4972);
#4972 = DEFINITIONAL_REPRESENTATION('',(#4973),#4977);
#4973 = LINE('',#4974,#4975);
#4974 = CARTESIAN_POINT('',(0.,-0.80872033608));
#4975 = VECTOR('',#4976,1.);
#4976 = DIRECTION('',(1.,0.));
#4977 = ( GEOMETRIC_REPRESENTATION_CONTEXT(2) 
PARAMETRIC_REPRESENTATION_CONTEXT() REPRESENTATION_CONTEXT('2D SPACE',''
  ) );
#4978 = PCURVE('',#4979,#4984);
#4979 = PLANE('',#4980);
#4980 = AXIS2_PLACEMENT_3D('',#4981,#4982,#4983);
#4981 = CARTESIAN_POINT('',(2.95,1.75,0.));
#4982 = DIRECTION('',(0.,0.,1.));
#4983 = DIRECTION('',(1.,0.,0.));
#4984 = DEFINITIONAL_REPRESENTATION('',(#4985),#4989);
#4985 = CIRCLE('',#4986,0.162249807396);
#4986 = AXIS2_PLACEMENT_2D('',#4987,#4988);
#4987 = CARTESIAN_POINT('',(0.25,0.25));
#4988 = DIRECTION('',(1.,0.));
#4989 = ( GEOMETRIC_REPRESENTATION_CONTEXT(2) 
PARAMETRIC_REPRESENTATION_CONTEXT() REPRESENTATION_CONTEXT('2D SPACE',''
  ) );
#4990 = ORIENTED_EDGE('',*,*,#4940,.T.);
#4991 = ADVANCED_FACE('',(#4992),#4928,.T.);
#4992 = FACE_BOUND('',#4993,.T.);
#4993 = EDGE_LOOP('',(#4994));
#4994 = ORIENTED_EDGE('',*,*,#4906,.T.);
#4995 = ADVANCED_FACE('',(#4996),#4979,.F.);
#4996 = FACE_BOUND('',#4997,.F.);
#4997 = EDGE_LOOP('',(#4998));
#4998 = ORIENTED_EDGE('',*,*,#4964,.T.);
#4999 = ( GEOMETRIC_REPRESENTATION_CONTEXT(3) 
GLOBAL_UNCERTAINTY_ASSIGNED_CONTEXT((#5003)) 
GLOBAL_UNIT_ASSIGNED_CONTEXT((#5000,#5001,#5002)) REPRESENTATION_CONTEXT
('Context #1','3D Context with UNIT and UNCERTAINTY') );
#5000 = ( LENGTH_UNIT() NAMED_UNIT(*) SI_UNIT(.MILLI.,.METRE.) );
#5001 = ( NAMED_UNIT(*) PLANE_ANGLE_UNIT() SI_UNIT($,.RADIAN.) );
#5002 = ( NAMED_UNIT(*) SI_UNIT($,.STERADIAN.) SOLID_ANGLE_UNIT() );
#5003 = UNCERTAINTY_MEASURE_WITH_UNIT(LENGTH_MEASURE(1.E-07),#5000,
  'distance_accuracy_value','confusion accuracy');
#5004 = CONTEXT_DEPENDENT_SHAPE_REPRESENTATION(#5005,#5007);
#5005 = ( REPRESENTATION_RELATIONSHIP('','',#4899,#10) 
REPRESENTATION_RELATIONSHIP_WITH_TRANSFORMATION(#5006) 
SHAPE_REPRESENTATION_RELATIONSHIP() );
#5006 = ITEM_DEFINED_TRANSFORMATION('','',#11,#159);
#5007 = PRODUCT_DEFINITION_SHAPE('Placement','Placement of an item',
  #5008);
#5008 = NEXT_ASSEMBLY_USAGE_OCCURRENCE('81','Ball_F9','',#5,#4894,$);
#5009 = PRODUCT_RELATED_PRODUCT_CATEGORY('part',$,(#4896));
#5010 = SHAPE_DEFINITION_REPRESENTATION(#5011,#5017);
#5011 = PRODUCT_DEFINITION_SHAPE('','',#5012);
#5012 = PRODUCT_DEFINITION('design','',#5013,#5016);
#5013 = PRODUCT_DEFINITION_FORMATION('','',#5014);
#5014 = PRODUCT('Ball_G1','Ball_G1','',(#5015));
#5015 = PRODUCT_CONTEXT('',#2,'mechanical');
#5016 = PRODUCT_DEFINITION_CONTEXT('part definition',#2,'design');
#5017 = ADVANCED_BREP_SHAPE_REPRESENTATION('',(#11,#5018),#5117);
#5018 = MANIFOLD_SOLID_BREP('',#5019);
#5019 = CLOSED_SHELL('',(#5020,#5109,#5113));
#5020 = ADVANCED_FACE('',(#5021),#5034,.T.);
#5021 = FACE_BOUND('',#5022,.T.);
#5022 = EDGE_LOOP('',(#5023,#5057,#5081,#5108));
#5023 = ORIENTED_EDGE('',*,*,#5024,.F.);
#5024 = EDGE_CURVE('',#5025,#5025,#5027,.T.);
#5025 = VERTEX_POINT('',#5026);
#5026 = CARTESIAN_POINT('',(-3.037750192604,1.2,0.34));
#5027 = SURFACE_CURVE('',#5028,(#5033,#5045),.PCURVE_S1.);
#5028 = CIRCLE('',#5029,0.162249807396);
#5029 = AXIS2_PLACEMENT_3D('',#5030,#5031,#5032);
#5030 = CARTESIAN_POINT('',(-3.2,1.2,0.34));
#5031 = DIRECTION('',(0.,0.,1.));
#5032 = DIRECTION('',(1.,0.,-0.));
#5033 = PCURVE('',#5034,#5039);
#5034 = SPHERICAL_SURFACE('',#5035,0.235);
#5035 = AXIS2_PLACEMENT_3D('',#5036,#5037,#5038);
#5036 = CARTESIAN_POINT('',(-3.2,1.2,0.17));
#5037 = DIRECTION('',(0.,0.,1.));
#5038 = DIRECTION('',(1.,0.,0.));
#5039 = DEFINITIONAL_REPRESENTATION('',(#5040),#5044);
#5040 = LINE('',#5041,#5042);
#5041 = CARTESIAN_POINT('',(0.,0.80872033608));
#5042 = VECTOR('',#5043,1.);
#5043 = DIRECTION('',(1.,0.));
#5044 = ( GEOMETRIC_REPRESENTATION_CONTEXT(2) 
PARAMETRIC_REPRESENTATION_CONTEXT() REPRESENTATION_CONTEXT('2D SPACE',''
  ) );
#5045 = PCURVE('',#5046,#5051);
#5046 = PLANE('',#5047);
#5047 = AXIS2_PLACEMENT_3D('',#5048,#5049,#5050);
#5048 = CARTESIAN_POINT('',(-3.45,0.95,0.34));
#5049 = DIRECTION('',(0.,0.,1.));
#5050 = DIRECTION('',(1.,0.,0.));
#5051 = DEFINITIONAL_REPRESENTATION('',(#5052),#5056);
#5052 = CIRCLE('',#5053,0.162249807396);
#5053 = AXIS2_PLACEMENT_2D('',#5054,#5055);
#5054 = CARTESIAN_POINT('',(0.25,0.25));
#5055 = DIRECTION('',(1.,0.));
#5056 = ( GEOMETRIC_REPRESENTATION_CONTEXT(2) 
PARAMETRIC_REPRESENTATION_CONTEXT() REPRESENTATION_CONTEXT('2D SPACE',''
  ) );
#5057 = ORIENTED_EDGE('',*,*,#5058,.F.);
#5058 = EDGE_CURVE('',#5059,#5025,#5061,.T.);
#5059 = VERTEX_POINT('',#5060);
#5060 = CARTESIAN_POINT('',(-3.037750192604,1.2,-5.551115123126E-17));
#5061 = SEAM_CURVE('',#5062,(#5067,#5074),.PCURVE_S1.);
#5062 = CIRCLE('',#5063,0.235);
#5063 = AXIS2_PLACEMENT_3D('',#5064,#5065,#5066);
#5064 = CARTESIAN_POINT('',(-3.2,1.2,0.17));
#5065 = DIRECTION('',(-2.449293598295E-16,-1.,0.));
#5066 = DIRECTION('',(1.,-2.449293598295E-16,0.));
#5067 = PCURVE('',#5034,#5068);
#5068 = DEFINITIONAL_REPRESENTATION('',(#5069),#5073);
#5069 = LINE('',#5070,#5071);
#5070 = CARTESIAN_POINT('',(6.28318530718,-6.28318530718));
#5071 = VECTOR('',#5072,1.);
#5072 = DIRECTION('',(0.,1.));
#5073 = ( GEOMETRIC_REPRESENTATION_CONTEXT(2) 
PARAMETRIC_REPRESENTATION_CONTEXT() REPRESENTATION_CONTEXT('2D SPACE',''
  ) );
#5074 = PCURVE('',#5034,#5075);
#5075 = DEFINITIONAL_REPRESENTATION('',(#5076),#5080);
#5076 = LINE('',#5077,#5078);
#5077 = CARTESIAN_POINT('',(0.,-6.28318530718));
#5078 = VECTOR('',#5079,1.);
#5079 = DIRECTION('',(0.,1.));
#5080 = ( GEOMETRIC_REPRESENTATION_CONTEXT(2) 
PARAMETRIC_REPRESENTATION_CONTEXT() REPRESENTATION_CONTEXT('2D SPACE',''
  ) );
#5081 = ORIENTED_EDGE('',*,*,#5082,.T.);
#5082 = EDGE_CURVE('',#5059,#5059,#5083,.T.);
#5083 = SURFACE_CURVE('',#5084,(#5089,#5096),.PCURVE_S1.);
#5084 = CIRCLE('',#5085,0.162249807396);
#5085 = AXIS2_PLACEMENT_3D('',#5086,#5087,#5088);
#5086 = CARTESIAN_POINT('',(-3.2,1.2,0.));
#5087 = DIRECTION('',(0.,0.,1.));
#5088 = DIRECTION('',(1.,0.,-0.));
#5089 = PCURVE('',#5034,#5090);
#5090 = DEFINITIONAL_REPRESENTATION('',(#5091),#5095);
#5091 = LINE('',#5092,#5093);
#5092 = CARTESIAN_POINT('',(0.,-0.80872033608));
#5093 = VECTOR('',#5094,1.);
#5094 = DIRECTION('',(1.,0.));
#5095 = ( GEOMETRIC_REPRESENTATION_CONTEXT(2) 
PARAMETRIC_REPRESENTATION_CONTEXT() REPRESENTATION_CONTEXT('2D SPACE',''
  ) );
#5096 = PCURVE('',#5097,#5102);
#5097 = PLANE('',#5098);
#5098 = AXIS2_PLACEMENT_3D('',#5099,#5100,#5101);
#5099 = CARTESIAN_POINT('',(-3.45,0.95,0.));
#5100 = DIRECTION('',(0.,0.,1.));
#5101 = DIRECTION('',(1.,0.,0.));
#5102 = DEFINITIONAL_REPRESENTATION('',(#5103),#5107);
#5103 = CIRCLE('',#5104,0.162249807396);
#5104 = AXIS2_PLACEMENT_2D('',#5105,#5106);
#5105 = CARTESIAN_POINT('',(0.25,0.25));
#5106 = DIRECTION('',(1.,0.));
#5107 = ( GEOMETRIC_REPRESENTATION_CONTEXT(2) 
PARAMETRIC_REPRESENTATION_CONTEXT() REPRESENTATION_CONTEXT('2D SPACE',''
  ) );
#5108 = ORIENTED_EDGE('',*,*,#5058,.T.);
#5109 = ADVANCED_FACE('',(#5110),#5046,.T.);
#5110 = FACE_BOUND('',#5111,.T.);
#5111 = EDGE_LOOP('',(#5112));
#5112 = ORIENTED_EDGE('',*,*,#5024,.T.);
#5113 = ADVANCED_FACE('',(#5114),#5097,.F.);
#5114 = FACE_BOUND('',#5115,.F.);
#5115 = EDGE_LOOP('',(#5116));
#5116 = ORIENTED_EDGE('',*,*,#5082,.T.);
#5117 = ( GEOMETRIC_REPRESENTATION_CONTEXT(3) 
GLOBAL_UNCERTAINTY_ASSIGNED_CONTEXT((#5121)) 
GLOBAL_UNIT_ASSIGNED_CONTEXT((#5118,#5119,#5120)) REPRESENTATION_CONTEXT
('Context #1','3D Context with UNIT and UNCERTAINTY') );
#5118 = ( LENGTH_UNIT() NAMED_UNIT(*) SI_UNIT(.MILLI.,.METRE.) );
#5119 = ( NAMED_UNIT(*) PLANE_ANGLE_UNIT() SI_UNIT($,.RADIAN.) );
#5120 = ( NAMED_UNIT(*) SI_UNIT($,.STERADIAN.) SOLID_ANGLE_UNIT() );
#5121 = UNCERTAINTY_MEASURE_WITH_UNIT(LENGTH_MEASURE(1.E-07),#5118,
  'distance_accuracy_value','confusion accuracy');
#5122 = CONTEXT_DEPENDENT_SHAPE_REPRESENTATION(#5123,#5125);
#5123 = ( REPRESENTATION_RELATIONSHIP('','',#5017,#10) 
REPRESENTATION_RELATIONSHIP_WITH_TRANSFORMATION(#5124) 
SHAPE_REPRESENTATION_RELATIONSHIP() );
#5124 = ITEM_DEFINED_TRANSFORMATION('','',#11,#163);
#5125 = PRODUCT_DEFINITION_SHAPE('Placement','Placement of an item',
  #5126);
#5126 = NEXT_ASSEMBLY_USAGE_OCCURRENCE('82','Ball_G1','',#5,#5012,$);
#5127 = PRODUCT_RELATED_PRODUCT_CATEGORY('part',$,(#5014));
#5128 = SHAPE_DEFINITION_REPRESENTATION(#5129,#5135);
#5129 = PRODUCT_DEFINITION_SHAPE('','',#5130);
#5130 = PRODUCT_DEFINITION('design','',#5131,#5134);
#5131 = PRODUCT_DEFINITION_FORMATION('','',#5132);
#5132 = PRODUCT('Ball_G2','Ball_G2','',(#5133));
#5133 = PRODUCT_CONTEXT('',#2,'mechanical');
#5134 = PRODUCT_DEFINITION_CONTEXT('part definition',#2,'design');
#5135 = ADVANCED_BREP_SHAPE_REPRESENTATION('',(#11,#5136),#5235);
#5136 = MANIFOLD_SOLID_BREP('',#5137);
#5137 = CLOSED_SHELL('',(#5138,#5227,#5231));
#5138 = ADVANCED_FACE('',(#5139),#5152,.T.);
#5139 = FACE_BOUND('',#5140,.T.);
#5140 = EDGE_LOOP('',(#5141,#5175,#5199,#5226));
#5141 = ORIENTED_EDGE('',*,*,#5142,.F.);
#5142 = EDGE_CURVE('',#5143,#5143,#5145,.T.);
#5143 = VERTEX_POINT('',#5144);
#5144 = CARTESIAN_POINT('',(-2.237750192604,1.2,0.34));
#5145 = SURFACE_CURVE('',#5146,(#5151,#5163),.PCURVE_S1.);
#5146 = CIRCLE('',#5147,0.162249807396);
#5147 = AXIS2_PLACEMENT_3D('',#5148,#5149,#5150);
#5148 = CARTESIAN_POINT('',(-2.4,1.2,0.34));
#5149 = DIRECTION('',(0.,0.,1.));
#5150 = DIRECTION('',(1.,0.,-0.));
#5151 = PCURVE('',#5152,#5157);
#5152 = SPHERICAL_SURFACE('',#5153,0.235);
#5153 = AXIS2_PLACEMENT_3D('',#5154,#5155,#5156);
#5154 = CARTESIAN_POINT('',(-2.4,1.2,0.17));
#5155 = DIRECTION('',(0.,0.,1.));
#5156 = DIRECTION('',(1.,0.,0.));
#5157 = DEFINITIONAL_REPRESENTATION('',(#5158),#5162);
#5158 = LINE('',#5159,#5160);
#5159 = CARTESIAN_POINT('',(0.,0.80872033608));
#5160 = VECTOR('',#5161,1.);
#5161 = DIRECTION('',(1.,0.));
#5162 = ( GEOMETRIC_REPRESENTATION_CONTEXT(2) 
PARAMETRIC_REPRESENTATION_CONTEXT() REPRESENTATION_CONTEXT('2D SPACE',''
  ) );
#5163 = PCURVE('',#5164,#5169);
#5164 = PLANE('',#5165);
#5165 = AXIS2_PLACEMENT_3D('',#5166,#5167,#5168);
#5166 = CARTESIAN_POINT('',(-2.65,0.95,0.34));
#5167 = DIRECTION('',(0.,0.,1.));
#5168 = DIRECTION('',(1.,0.,0.));
#5169 = DEFINITIONAL_REPRESENTATION('',(#5170),#5174);
#5170 = CIRCLE('',#5171,0.162249807396);
#5171 = AXIS2_PLACEMENT_2D('',#5172,#5173);
#5172 = CARTESIAN_POINT('',(0.25,0.25));
#5173 = DIRECTION('',(1.,0.));
#5174 = ( GEOMETRIC_REPRESENTATION_CONTEXT(2) 
PARAMETRIC_REPRESENTATION_CONTEXT() REPRESENTATION_CONTEXT('2D SPACE',''
  ) );
#5175 = ORIENTED_EDGE('',*,*,#5176,.F.);
#5176 = EDGE_CURVE('',#5177,#5143,#5179,.T.);
#5177 = VERTEX_POINT('',#5178);
#5178 = CARTESIAN_POINT('',(-2.237750192604,1.2,-5.551115123126E-17));
#5179 = SEAM_CURVE('',#5180,(#5185,#5192),.PCURVE_S1.);
#5180 = CIRCLE('',#5181,0.235);
#5181 = AXIS2_PLACEMENT_3D('',#5182,#5183,#5184);
#5182 = CARTESIAN_POINT('',(-2.4,1.2,0.17));
#5183 = DIRECTION('',(-2.449293598295E-16,-1.,0.));
#5184 = DIRECTION('',(1.,-2.449293598295E-16,0.));
#5185 = PCURVE('',#5152,#5186);
#5186 = DEFINITIONAL_REPRESENTATION('',(#5187),#5191);
#5187 = LINE('',#5188,#5189);
#5188 = CARTESIAN_POINT('',(6.28318530718,-6.28318530718));
#5189 = VECTOR('',#5190,1.);
#5190 = DIRECTION('',(0.,1.));
#5191 = ( GEOMETRIC_REPRESENTATION_CONTEXT(2) 
PARAMETRIC_REPRESENTATION_CONTEXT() REPRESENTATION_CONTEXT('2D SPACE',''
  ) );
#5192 = PCURVE('',#5152,#5193);
#5193 = DEFINITIONAL_REPRESENTATION('',(#5194),#5198);
#5194 = LINE('',#5195,#5196);
#5195 = CARTESIAN_POINT('',(0.,-6.28318530718));
#5196 = VECTOR('',#5197,1.);
#5197 = DIRECTION('',(0.,1.));
#5198 = ( GEOMETRIC_REPRESENTATION_CONTEXT(2) 
PARAMETRIC_REPRESENTATION_CONTEXT() REPRESENTATION_CONTEXT('2D SPACE',''
  ) );
#5199 = ORIENTED_EDGE('',*,*,#5200,.T.);
#5200 = EDGE_CURVE('',#5177,#5177,#5201,.T.);
#5201 = SURFACE_CURVE('',#5202,(#5207,#5214),.PCURVE_S1.);
#5202 = CIRCLE('',#5203,0.162249807396);
#5203 = AXIS2_PLACEMENT_3D('',#5204,#5205,#5206);
#5204 = CARTESIAN_POINT('',(-2.4,1.2,0.));
#5205 = DIRECTION('',(0.,0.,1.));
#5206 = DIRECTION('',(1.,0.,-0.));
#5207 = PCURVE('',#5152,#5208);
#5208 = DEFINITIONAL_REPRESENTATION('',(#5209),#5213);
#5209 = LINE('',#5210,#5211);
#5210 = CARTESIAN_POINT('',(0.,-0.80872033608));
#5211 = VECTOR('',#5212,1.);
#5212 = DIRECTION('',(1.,0.));
#5213 = ( GEOMETRIC_REPRESENTATION_CONTEXT(2) 
PARAMETRIC_REPRESENTATION_CONTEXT() REPRESENTATION_CONTEXT('2D SPACE',''
  ) );
#5214 = PCURVE('',#5215,#5220);
#5215 = PLANE('',#5216);
#5216 = AXIS2_PLACEMENT_3D('',#5217,#5218,#5219);
#5217 = CARTESIAN_POINT('',(-2.65,0.95,0.));
#5218 = DIRECTION('',(0.,0.,1.));
#5219 = DIRECTION('',(1.,0.,0.));
#5220 = DEFINITIONAL_REPRESENTATION('',(#5221),#5225);
#5221 = CIRCLE('',#5222,0.162249807396);
#5222 = AXIS2_PLACEMENT_2D('',#5223,#5224);
#5223 = CARTESIAN_POINT('',(0.25,0.25));
#5224 = DIRECTION('',(1.,0.));
#5225 = ( GEOMETRIC_REPRESENTATION_CONTEXT(2) 
PARAMETRIC_REPRESENTATION_CONTEXT() REPRESENTATION_CONTEXT('2D SPACE',''
  ) );
#5226 = ORIENTED_EDGE('',*,*,#5176,.T.);
#5227 = ADVANCED_FACE('',(#5228),#5164,.T.);
#5228 = FACE_BOUND('',#5229,.T.);
#5229 = EDGE_LOOP('',(#5230));
#5230 = ORIENTED_EDGE('',*,*,#5142,.T.);
#5231 = ADVANCED_FACE('',(#5232),#5215,.F.);
#5232 = FACE_BOUND('',#5233,.F.);
#5233 = EDGE_LOOP('',(#5234));
#5234 = ORIENTED_EDGE('',*,*,#5200,.T.);
#5235 = ( GEOMETRIC_REPRESENTATION_CONTEXT(3) 
GLOBAL_UNCERTAINTY_ASSIGNED_CONTEXT((#5239)) 
GLOBAL_UNIT_ASSIGNED_CONTEXT((#5236,#5237,#5238)) REPRESENTATION_CONTEXT
('Context #1','3D Context with UNIT and UNCERTAINTY') );
#5236 = ( LENGTH_UNIT() NAMED_UNIT(*) SI_UNIT(.MILLI.,.METRE.) );
#5237 = ( NAMED_UNIT(*) PLANE_ANGLE_UNIT() SI_UNIT($,.RADIAN.) );
#5238 = ( NAMED_UNIT(*) SI_UNIT($,.STERADIAN.) SOLID_ANGLE_UNIT() );
#5239 = UNCERTAINTY_MEASURE_WITH_UNIT(LENGTH_MEASURE(1.E-07),#5236,
  'distance_accuracy_value','confusion accuracy');
#5240 = CONTEXT_DEPENDENT_SHAPE_REPRESENTATION(#5241,#5243);
#5241 = ( REPRESENTATION_RELATIONSHIP('','',#5135,#10) 
REPRESENTATION_RELATIONSHIP_WITH_TRANSFORMATION(#5242) 
SHAPE_REPRESENTATION_RELATIONSHIP() );
#5242 = ITEM_DEFINED_TRANSFORMATION('','',#11,#167);
#5243 = PRODUCT_DEFINITION_SHAPE('Placement','Placement of an item',
  #5244);
#5244 = NEXT_ASSEMBLY_USAGE_OCCURRENCE('83','Ball_G2','',#5,#5130,$);
#5245 = PRODUCT_RELATED_PRODUCT_CATEGORY('part',$,(#5132));
#5246 = SHAPE_DEFINITION_REPRESENTATION(#5247,#5253);
#5247 = PRODUCT_DEFINITION_SHAPE('','',#5248);
#5248 = PRODUCT_DEFINITION('design','',#5249,#5252);
#5249 = PRODUCT_DEFINITION_FORMATION('','',#5250);
#5250 = PRODUCT('Ball_G3','Ball_G3','',(#5251));
#5251 = PRODUCT_CONTEXT('',#2,'mechanical');
#5252 = PRODUCT_DEFINITION_CONTEXT('part definition',#2,'design');
#5253 = ADVANCED_BREP_SHAPE_REPRESENTATION('',(#11,#5254),#5353);
#5254 = MANIFOLD_SOLID_BREP('',#5255);
#5255 = CLOSED_SHELL('',(#5256,#5345,#5349));
#5256 = ADVANCED_FACE('',(#5257),#5270,.T.);
#5257 = FACE_BOUND('',#5258,.T.);
#5258 = EDGE_LOOP('',(#5259,#5293,#5317,#5344));
#5259 = ORIENTED_EDGE('',*,*,#5260,.F.);
#5260 = EDGE_CURVE('',#5261,#5261,#5263,.T.);
#5261 = VERTEX_POINT('',#5262);
#5262 = CARTESIAN_POINT('',(-1.437750192604,1.2,0.34));
#5263 = SURFACE_CURVE('',#5264,(#5269,#5281),.PCURVE_S1.);
#5264 = CIRCLE('',#5265,0.162249807396);
#5265 = AXIS2_PLACEMENT_3D('',#5266,#5267,#5268);
#5266 = CARTESIAN_POINT('',(-1.6,1.2,0.34));
#5267 = DIRECTION('',(0.,0.,1.));
#5268 = DIRECTION('',(1.,0.,-0.));
#5269 = PCURVE('',#5270,#5275);
#5270 = SPHERICAL_SURFACE('',#5271,0.235);
#5271 = AXIS2_PLACEMENT_3D('',#5272,#5273,#5274);
#5272 = CARTESIAN_POINT('',(-1.6,1.2,0.17));
#5273 = DIRECTION('',(0.,0.,1.));
#5274 = DIRECTION('',(1.,0.,0.));
#5275 = DEFINITIONAL_REPRESENTATION('',(#5276),#5280);
#5276 = LINE('',#5277,#5278);
#5277 = CARTESIAN_POINT('',(0.,0.80872033608));
#5278 = VECTOR('',#5279,1.);
#5279 = DIRECTION('',(1.,0.));
#5280 = ( GEOMETRIC_REPRESENTATION_CONTEXT(2) 
PARAMETRIC_REPRESENTATION_CONTEXT() REPRESENTATION_CONTEXT('2D SPACE',''
  ) );
#5281 = PCURVE('',#5282,#5287);
#5282 = PLANE('',#5283);
#5283 = AXIS2_PLACEMENT_3D('',#5284,#5285,#5286);
#5284 = CARTESIAN_POINT('',(-1.85,0.95,0.34));
#5285 = DIRECTION('',(0.,0.,1.));
#5286 = DIRECTION('',(1.,0.,0.));
#5287 = DEFINITIONAL_REPRESENTATION('',(#5288),#5292);
#5288 = CIRCLE('',#5289,0.162249807396);
#5289 = AXIS2_PLACEMENT_2D('',#5290,#5291);
#5290 = CARTESIAN_POINT('',(0.25,0.25));
#5291 = DIRECTION('',(1.,0.));
#5292 = ( GEOMETRIC_REPRESENTATION_CONTEXT(2) 
PARAMETRIC_REPRESENTATION_CONTEXT() REPRESENTATION_CONTEXT('2D SPACE',''
  ) );
#5293 = ORIENTED_EDGE('',*,*,#5294,.F.);
#5294 = EDGE_CURVE('',#5295,#5261,#5297,.T.);
#5295 = VERTEX_POINT('',#5296);
#5296 = CARTESIAN_POINT('',(-1.437750192604,1.2,-5.551115123126E-17));
#5297 = SEAM_CURVE('',#5298,(#5303,#5310),.PCURVE_S1.);
#5298 = CIRCLE('',#5299,0.235);
#5299 = AXIS2_PLACEMENT_3D('',#5300,#5301,#5302);
#5300 = CARTESIAN_POINT('',(-1.6,1.2,0.17));
#5301 = DIRECTION('',(-2.449293598295E-16,-1.,0.));
#5302 = DIRECTION('',(1.,-2.449293598295E-16,0.));
#5303 = PCURVE('',#5270,#5304);
#5304 = DEFINITIONAL_REPRESENTATION('',(#5305),#5309);
#5305 = LINE('',#5306,#5307);
#5306 = CARTESIAN_POINT('',(6.28318530718,-6.28318530718));
#5307 = VECTOR('',#5308,1.);
#5308 = DIRECTION('',(0.,1.));
#5309 = ( GEOMETRIC_REPRESENTATION_CONTEXT(2) 
PARAMETRIC_REPRESENTATION_CONTEXT() REPRESENTATION_CONTEXT('2D SPACE',''
  ) );
#5310 = PCURVE('',#5270,#5311);
#5311 = DEFINITIONAL_REPRESENTATION('',(#5312),#5316);
#5312 = LINE('',#5313,#5314);
#5313 = CARTESIAN_POINT('',(0.,-6.28318530718));
#5314 = VECTOR('',#5315,1.);
#5315 = DIRECTION('',(0.,1.));
#5316 = ( GEOMETRIC_REPRESENTATION_CONTEXT(2) 
PARAMETRIC_REPRESENTATION_CONTEXT() REPRESENTATION_CONTEXT('2D SPACE',''
  ) );
#5317 = ORIENTED_EDGE('',*,*,#5318,.T.);
#5318 = EDGE_CURVE('',#5295,#5295,#5319,.T.);
#5319 = SURFACE_CURVE('',#5320,(#5325,#5332),.PCURVE_S1.);
#5320 = CIRCLE('',#5321,0.162249807396);
#5321 = AXIS2_PLACEMENT_3D('',#5322,#5323,#5324);
#5322 = CARTESIAN_POINT('',(-1.6,1.2,0.));
#5323 = DIRECTION('',(0.,0.,1.));
#5324 = DIRECTION('',(1.,0.,-0.));
#5325 = PCURVE('',#5270,#5326);
#5326 = DEFINITIONAL_REPRESENTATION('',(#5327),#5331);
#5327 = LINE('',#5328,#5329);
#5328 = CARTESIAN_POINT('',(0.,-0.80872033608));
#5329 = VECTOR('',#5330,1.);
#5330 = DIRECTION('',(1.,0.));
#5331 = ( GEOMETRIC_REPRESENTATION_CONTEXT(2) 
PARAMETRIC_REPRESENTATION_CONTEXT() REPRESENTATION_CONTEXT('2D SPACE',''
  ) );
#5332 = PCURVE('',#5333,#5338);
#5333 = PLANE('',#5334);
#5334 = AXIS2_PLACEMENT_3D('',#5335,#5336,#5337);
#5335 = CARTESIAN_POINT('',(-1.85,0.95,0.));
#5336 = DIRECTION('',(0.,0.,1.));
#5337 = DIRECTION('',(1.,0.,0.));
#5338 = DEFINITIONAL_REPRESENTATION('',(#5339),#5343);
#5339 = CIRCLE('',#5340,0.162249807396);
#5340 = AXIS2_PLACEMENT_2D('',#5341,#5342);
#5341 = CARTESIAN_POINT('',(0.25,0.25));
#5342 = DIRECTION('',(1.,0.));
#5343 = ( GEOMETRIC_REPRESENTATION_CONTEXT(2) 
PARAMETRIC_REPRESENTATION_CONTEXT() REPRESENTATION_CONTEXT('2D SPACE',''
  ) );
#5344 = ORIENTED_EDGE('',*,*,#5294,.T.);
#5345 = ADVANCED_FACE('',(#5346),#5282,.T.);
#5346 = FACE_BOUND('',#5347,.T.);
#5347 = EDGE_LOOP('',(#5348));
#5348 = ORIENTED_EDGE('',*,*,#5260,.T.);
#5349 = ADVANCED_FACE('',(#5350),#5333,.F.);
#5350 = FACE_BOUND('',#5351,.F.);
#5351 = EDGE_LOOP('',(#5352));
#5352 = ORIENTED_EDGE('',*,*,#5318,.T.);
#5353 = ( GEOMETRIC_REPRESENTATION_CONTEXT(3) 
GLOBAL_UNCERTAINTY_ASSIGNED_CONTEXT((#5357)) 
GLOBAL_UNIT_ASSIGNED_CONTEXT((#5354,#5355,#5356)) REPRESENTATION_CONTEXT
('Context #1','3D Context with UNIT and UNCERTAINTY') );
#5354 = ( LENGTH_UNIT() NAMED_UNIT(*) SI_UNIT(.MILLI.,.METRE.) );
#5355 = ( NAMED_UNIT(*) PLANE_ANGLE_UNIT() SI_UNIT($,.RADIAN.) );
#5356 = ( NAMED_UNIT(*) SI_UNIT($,.STERADIAN.) SOLID_ANGLE_UNIT() );
#5357 = UNCERTAINTY_MEASURE_WITH_UNIT(LENGTH_MEASURE(1.E-07),#5354,
  'distance_accuracy_value','confusion accuracy');
#5358 = CONTEXT_DEPENDENT_SHAPE_REPRESENTATION(#5359,#5361);
#5359 = ( REPRESENTATION_RELATIONSHIP('','',#5253,#10) 
REPRESENTATION_RELATIONSHIP_WITH_TRANSFORMATION(#5360) 
SHAPE_REPRESENTATION_RELATIONSHIP() );
#5360 = ITEM_DEFINED_TRANSFORMATION('','',#11,#171);
#5361 = PRODUCT_DEFINITION_SHAPE('Placement','Placement of an item',
  #5362);
#5362 = NEXT_ASSEMBLY_USAGE_OCCURRENCE('84','Ball_G3','',#5,#5248,$);
#5363 = PRODUCT_RELATED_PRODUCT_CATEGORY('part',$,(#5250));
#5364 = SHAPE_DEFINITION_REPRESENTATION(#5365,#5371);
#5365 = PRODUCT_DEFINITION_SHAPE('','',#5366);
#5366 = PRODUCT_DEFINITION('design','',#5367,#5370);
#5367 = PRODUCT_DEFINITION_FORMATION('','',#5368);
#5368 = PRODUCT('Ball_G7','Ball_G7','',(#5369));
#5369 = PRODUCT_CONTEXT('',#2,'mechanical');
#5370 = PRODUCT_DEFINITION_CONTEXT('part definition',#2,'design');
#5371 = ADVANCED_BREP_SHAPE_REPRESENTATION('',(#11,#5372),#5471);
#5372 = MANIFOLD_SOLID_BREP('',#5373);
#5373 = CLOSED_SHELL('',(#5374,#5463,#5467));
#5374 = ADVANCED_FACE('',(#5375),#5388,.T.);
#5375 = FACE_BOUND('',#5376,.T.);
#5376 = EDGE_LOOP('',(#5377,#5411,#5435,#5462));
#5377 = ORIENTED_EDGE('',*,*,#5378,.F.);
#5378 = EDGE_CURVE('',#5379,#5379,#5381,.T.);
#5379 = VERTEX_POINT('',#5380);
#5380 = CARTESIAN_POINT('',(1.762249807396,1.2,0.34));
#5381 = SURFACE_CURVE('',#5382,(#5387,#5399),.PCURVE_S1.);
#5382 = CIRCLE('',#5383,0.162249807396);
#5383 = AXIS2_PLACEMENT_3D('',#5384,#5385,#5386);
#5384 = CARTESIAN_POINT('',(1.6,1.2,0.34));
#5385 = DIRECTION('',(0.,0.,1.));
#5386 = DIRECTION('',(1.,0.,-0.));
#5387 = PCURVE('',#5388,#5393);
#5388 = SPHERICAL_SURFACE('',#5389,0.235);
#5389 = AXIS2_PLACEMENT_3D('',#5390,#5391,#5392);
#5390 = CARTESIAN_POINT('',(1.6,1.2,0.17));
#5391 = DIRECTION('',(0.,0.,1.));
#5392 = DIRECTION('',(1.,0.,0.));
#5393 = DEFINITIONAL_REPRESENTATION('',(#5394),#5398);
#5394 = LINE('',#5395,#5396);
#5395 = CARTESIAN_POINT('',(0.,0.80872033608));
#5396 = VECTOR('',#5397,1.);
#5397 = DIRECTION('',(1.,0.));
#5398 = ( GEOMETRIC_REPRESENTATION_CONTEXT(2) 
PARAMETRIC_REPRESENTATION_CONTEXT() REPRESENTATION_CONTEXT('2D SPACE',''
  ) );
#5399 = PCURVE('',#5400,#5405);
#5400 = PLANE('',#5401);
#5401 = AXIS2_PLACEMENT_3D('',#5402,#5403,#5404);
#5402 = CARTESIAN_POINT('',(1.35,0.95,0.34));
#5403 = DIRECTION('',(0.,0.,1.));
#5404 = DIRECTION('',(1.,0.,0.));
#5405 = DEFINITIONAL_REPRESENTATION('',(#5406),#5410);
#5406 = CIRCLE('',#5407,0.162249807396);
#5407 = AXIS2_PLACEMENT_2D('',#5408,#5409);
#5408 = CARTESIAN_POINT('',(0.25,0.25));
#5409 = DIRECTION('',(1.,0.));
#5410 = ( GEOMETRIC_REPRESENTATION_CONTEXT(2) 
PARAMETRIC_REPRESENTATION_CONTEXT() REPRESENTATION_CONTEXT('2D SPACE',''
  ) );
#5411 = ORIENTED_EDGE('',*,*,#5412,.F.);
#5412 = EDGE_CURVE('',#5413,#5379,#5415,.T.);
#5413 = VERTEX_POINT('',#5414);
#5414 = CARTESIAN_POINT('',(1.762249807396,1.2,-5.551115123126E-17));
#5415 = SEAM_CURVE('',#5416,(#5421,#5428),.PCURVE_S1.);
#5416 = CIRCLE('',#5417,0.235);
#5417 = AXIS2_PLACEMENT_3D('',#5418,#5419,#5420);
#5418 = CARTESIAN_POINT('',(1.6,1.2,0.17));
#5419 = DIRECTION('',(-2.449293598295E-16,-1.,0.));
#5420 = DIRECTION('',(1.,-2.449293598295E-16,0.));
#5421 = PCURVE('',#5388,#5422);
#5422 = DEFINITIONAL_REPRESENTATION('',(#5423),#5427);
#5423 = LINE('',#5424,#5425);
#5424 = CARTESIAN_POINT('',(6.28318530718,-6.28318530718));
#5425 = VECTOR('',#5426,1.);
#5426 = DIRECTION('',(0.,1.));
#5427 = ( GEOMETRIC_REPRESENTATION_CONTEXT(2) 
PARAMETRIC_REPRESENTATION_CONTEXT() REPRESENTATION_CONTEXT('2D SPACE',''
  ) );
#5428 = PCURVE('',#5388,#5429);
#5429 = DEFINITIONAL_REPRESENTATION('',(#5430),#5434);
#5430 = LINE('',#5431,#5432);
#5431 = CARTESIAN_POINT('',(0.,-6.28318530718));
#5432 = VECTOR('',#5433,1.);
#5433 = DIRECTION('',(0.,1.));
#5434 = ( GEOMETRIC_REPRESENTATION_CONTEXT(2) 
PARAMETRIC_REPRESENTATION_CONTEXT() REPRESENTATION_CONTEXT('2D SPACE',''
  ) );
#5435 = ORIENTED_EDGE('',*,*,#5436,.T.);
#5436 = EDGE_CURVE('',#5413,#5413,#5437,.T.);
#5437 = SURFACE_CURVE('',#5438,(#5443,#5450),.PCURVE_S1.);
#5438 = CIRCLE('',#5439,0.162249807396);
#5439 = AXIS2_PLACEMENT_3D('',#5440,#5441,#5442);
#5440 = CARTESIAN_POINT('',(1.6,1.2,0.));
#5441 = DIRECTION('',(0.,0.,1.));
#5442 = DIRECTION('',(1.,0.,-0.));
#5443 = PCURVE('',#5388,#5444);
#5444 = DEFINITIONAL_REPRESENTATION('',(#5445),#5449);
#5445 = LINE('',#5446,#5447);
#5446 = CARTESIAN_POINT('',(0.,-0.80872033608));
#5447 = VECTOR('',#5448,1.);
#5448 = DIRECTION('',(1.,0.));
#5449 = ( GEOMETRIC_REPRESENTATION_CONTEXT(2) 
PARAMETRIC_REPRESENTATION_CONTEXT() REPRESENTATION_CONTEXT('2D SPACE',''
  ) );
#5450 = PCURVE('',#5451,#5456);
#5451 = PLANE('',#5452);
#5452 = AXIS2_PLACEMENT_3D('',#5453,#5454,#5455);
#5453 = CARTESIAN_POINT('',(1.35,0.95,0.));
#5454 = DIRECTION('',(0.,0.,1.));
#5455 = DIRECTION('',(1.,0.,0.));
#5456 = DEFINITIONAL_REPRESENTATION('',(#5457),#5461);
#5457 = CIRCLE('',#5458,0.162249807396);
#5458 = AXIS2_PLACEMENT_2D('',#5459,#5460);
#5459 = CARTESIAN_POINT('',(0.25,0.25));
#5460 = DIRECTION('',(1.,0.));
#5461 = ( GEOMETRIC_REPRESENTATION_CONTEXT(2) 
PARAMETRIC_REPRESENTATION_CONTEXT() REPRESENTATION_CONTEXT('2D SPACE',''
  ) );
#5462 = ORIENTED_EDGE('',*,*,#5412,.T.);
#5463 = ADVANCED_FACE('',(#5464),#5400,.T.);
#5464 = FACE_BOUND('',#5465,.T.);
#5465 = EDGE_LOOP('',(#5466));
#5466 = ORIENTED_EDGE('',*,*,#5378,.T.);
#5467 = ADVANCED_FACE('',(#5468),#5451,.F.);
#5468 = FACE_BOUND('',#5469,.F.);
#5469 = EDGE_LOOP('',(#5470));
#5470 = ORIENTED_EDGE('',*,*,#5436,.T.);
#5471 = ( GEOMETRIC_REPRESENTATION_CONTEXT(3) 
GLOBAL_UNCERTAINTY_ASSIGNED_CONTEXT((#5475)) 
GLOBAL_UNIT_ASSIGNED_CONTEXT((#5472,#5473,#5474)) REPRESENTATION_CONTEXT
('Context #1','3D Context with UNIT and UNCERTAINTY') );
#5472 = ( LENGTH_UNIT() NAMED_UNIT(*) SI_UNIT(.MILLI.,.METRE.) );
#5473 = ( NAMED_UNIT(*) PLANE_ANGLE_UNIT() SI_UNIT($,.RADIAN.) );
#5474 = ( NAMED_UNIT(*) SI_UNIT($,.STERADIAN.) SOLID_ANGLE_UNIT() );
#5475 = UNCERTAINTY_MEASURE_WITH_UNIT(LENGTH_MEASURE(1.E-07),#5472,
  'distance_accuracy_value','confusion accuracy');
#5476 = CONTEXT_DEPENDENT_SHAPE_REPRESENTATION(#5477,#5479);
#5477 = ( REPRESENTATION_RELATIONSHIP('','',#5371,#10) 
REPRESENTATION_RELATIONSHIP_WITH_TRANSFORMATION(#5478) 
SHAPE_REPRESENTATION_RELATIONSHIP() );
#5478 = ITEM_DEFINED_TRANSFORMATION('','',#11,#175);
#5479 = PRODUCT_DEFINITION_SHAPE('Placement','Placement of an item',
  #5480);
#5480 = NEXT_ASSEMBLY_USAGE_OCCURRENCE('85','Ball_G7','',#5,#5366,$);
#5481 = PRODUCT_RELATED_PRODUCT_CATEGORY('part',$,(#5368));
#5482 = SHAPE_DEFINITION_REPRESENTATION(#5483,#5489);
#5483 = PRODUCT_DEFINITION_SHAPE('','',#5484);
#5484 = PRODUCT_DEFINITION('design','',#5485,#5488);
#5485 = PRODUCT_DEFINITION_FORMATION('','',#5486);
#5486 = PRODUCT('Ball_G8','Ball_G8','',(#5487));
#5487 = PRODUCT_CONTEXT('',#2,'mechanical');
#5488 = PRODUCT_DEFINITION_CONTEXT('part definition',#2,'design');
#5489 = ADVANCED_BREP_SHAPE_REPRESENTATION('',(#11,#5490),#5589);
#5490 = MANIFOLD_SOLID_BREP('',#5491);
#5491 = CLOSED_SHELL('',(#5492,#5581,#5585));
#5492 = ADVANCED_FACE('',(#5493),#5506,.T.);
#5493 = FACE_BOUND('',#5494,.T.);
#5494 = EDGE_LOOP('',(#5495,#5529,#5553,#5580));
#5495 = ORIENTED_EDGE('',*,*,#5496,.F.);
#5496 = EDGE_CURVE('',#5497,#5497,#5499,.T.);
#5497 = VERTEX_POINT('',#5498);
#5498 = CARTESIAN_POINT('',(2.562249807396,1.2,0.34));
#5499 = SURFACE_CURVE('',#5500,(#5505,#5517),.PCURVE_S1.);
#5500 = CIRCLE('',#5501,0.162249807396);
#5501 = AXIS2_PLACEMENT_3D('',#5502,#5503,#5504);
#5502 = CARTESIAN_POINT('',(2.4,1.2,0.34));
#5503 = DIRECTION('',(0.,0.,1.));
#5504 = DIRECTION('',(1.,0.,-0.));
#5505 = PCURVE('',#5506,#5511);
#5506 = SPHERICAL_SURFACE('',#5507,0.235);
#5507 = AXIS2_PLACEMENT_3D('',#5508,#5509,#5510);
#5508 = CARTESIAN_POINT('',(2.4,1.2,0.17));
#5509 = DIRECTION('',(0.,0.,1.));
#5510 = DIRECTION('',(1.,0.,0.));
#5511 = DEFINITIONAL_REPRESENTATION('',(#5512),#5516);
#5512 = LINE('',#5513,#5514);
#5513 = CARTESIAN_POINT('',(0.,0.80872033608));
#5514 = VECTOR('',#5515,1.);
#5515 = DIRECTION('',(1.,0.));
#5516 = ( GEOMETRIC_REPRESENTATION_CONTEXT(2) 
PARAMETRIC_REPRESENTATION_CONTEXT() REPRESENTATION_CONTEXT('2D SPACE',''
  ) );
#5517 = PCURVE('',#5518,#5523);
#5518 = PLANE('',#5519);
#5519 = AXIS2_PLACEMENT_3D('',#5520,#5521,#5522);
#5520 = CARTESIAN_POINT('',(2.15,0.95,0.34));
#5521 = DIRECTION('',(0.,0.,1.));
#5522 = DIRECTION('',(1.,0.,0.));
#5523 = DEFINITIONAL_REPRESENTATION('',(#5524),#5528);
#5524 = CIRCLE('',#5525,0.162249807396);
#5525 = AXIS2_PLACEMENT_2D('',#5526,#5527);
#5526 = CARTESIAN_POINT('',(0.25,0.25));
#5527 = DIRECTION('',(1.,0.));
#5528 = ( GEOMETRIC_REPRESENTATION_CONTEXT(2) 
PARAMETRIC_REPRESENTATION_CONTEXT() REPRESENTATION_CONTEXT('2D SPACE',''
  ) );
#5529 = ORIENTED_EDGE('',*,*,#5530,.F.);
#5530 = EDGE_CURVE('',#5531,#5497,#5533,.T.);
#5531 = VERTEX_POINT('',#5532);
#5532 = CARTESIAN_POINT('',(2.562249807396,1.2,-5.551115123126E-17));
#5533 = SEAM_CURVE('',#5534,(#5539,#5546),.PCURVE_S1.);
#5534 = CIRCLE('',#5535,0.235);
#5535 = AXIS2_PLACEMENT_3D('',#5536,#5537,#5538);
#5536 = CARTESIAN_POINT('',(2.4,1.2,0.17));
#5537 = DIRECTION('',(-2.449293598295E-16,-1.,0.));
#5538 = DIRECTION('',(1.,-2.449293598295E-16,0.));
#5539 = PCURVE('',#5506,#5540);
#5540 = DEFINITIONAL_REPRESENTATION('',(#5541),#5545);
#5541 = LINE('',#5542,#5543);
#5542 = CARTESIAN_POINT('',(6.28318530718,-6.28318530718));
#5543 = VECTOR('',#5544,1.);
#5544 = DIRECTION('',(0.,1.));
#5545 = ( GEOMETRIC_REPRESENTATION_CONTEXT(2) 
PARAMETRIC_REPRESENTATION_CONTEXT() REPRESENTATION_CONTEXT('2D SPACE',''
  ) );
#5546 = PCURVE('',#5506,#5547);
#5547 = DEFINITIONAL_REPRESENTATION('',(#5548),#5552);
#5548 = LINE('',#5549,#5550);
#5549 = CARTESIAN_POINT('',(0.,-6.28318530718));
#5550 = VECTOR('',#5551,1.);
#5551 = DIRECTION('',(0.,1.));
#5552 = ( GEOMETRIC_REPRESENTATION_CONTEXT(2) 
PARAMETRIC_REPRESENTATION_CONTEXT() REPRESENTATION_CONTEXT('2D SPACE',''
  ) );
#5553 = ORIENTED_EDGE('',*,*,#5554,.T.);
#5554 = EDGE_CURVE('',#5531,#5531,#5555,.T.);
#5555 = SURFACE_CURVE('',#5556,(#5561,#5568),.PCURVE_S1.);
#5556 = CIRCLE('',#5557,0.162249807396);
#5557 = AXIS2_PLACEMENT_3D('',#5558,#5559,#5560);
#5558 = CARTESIAN_POINT('',(2.4,1.2,0.));
#5559 = DIRECTION('',(0.,0.,1.));
#5560 = DIRECTION('',(1.,0.,-0.));
#5561 = PCURVE('',#5506,#5562);
#5562 = DEFINITIONAL_REPRESENTATION('',(#5563),#5567);
#5563 = LINE('',#5564,#5565);
#5564 = CARTESIAN_POINT('',(0.,-0.80872033608));
#5565 = VECTOR('',#5566,1.);
#5566 = DIRECTION('',(1.,0.));
#5567 = ( GEOMETRIC_REPRESENTATION_CONTEXT(2) 
PARAMETRIC_REPRESENTATION_CONTEXT() REPRESENTATION_CONTEXT('2D SPACE',''
  ) );
#5568 = PCURVE('',#5569,#5574);
#5569 = PLANE('',#5570);
#5570 = AXIS2_PLACEMENT_3D('',#5571,#5572,#5573);
#5571 = CARTESIAN_POINT('',(2.15,0.95,0.));
#5572 = DIRECTION('',(0.,0.,1.));
#5573 = DIRECTION('',(1.,0.,0.));
#5574 = DEFINITIONAL_REPRESENTATION('',(#5575),#5579);
#5575 = CIRCLE('',#5576,0.162249807396);
#5576 = AXIS2_PLACEMENT_2D('',#5577,#5578);
#5577 = CARTESIAN_POINT('',(0.25,0.25));
#5578 = DIRECTION('',(1.,0.));
#5579 = ( GEOMETRIC_REPRESENTATION_CONTEXT(2) 
PARAMETRIC_REPRESENTATION_CONTEXT() REPRESENTATION_CONTEXT('2D SPACE',''
  ) );
#5580 = ORIENTED_EDGE('',*,*,#5530,.T.);
#5581 = ADVANCED_FACE('',(#5582),#5518,.T.);
#5582 = FACE_BOUND('',#5583,.T.);
#5583 = EDGE_LOOP('',(#5584));
#5584 = ORIENTED_EDGE('',*,*,#5496,.T.);
#5585 = ADVANCED_FACE('',(#5586),#5569,.F.);
#5586 = FACE_BOUND('',#5587,.F.);
#5587 = EDGE_LOOP('',(#5588));
#5588 = ORIENTED_EDGE('',*,*,#5554,.T.);
#5589 = ( GEOMETRIC_REPRESENTATION_CONTEXT(3) 
GLOBAL_UNCERTAINTY_ASSIGNED_CONTEXT((#5593)) 
GLOBAL_UNIT_ASSIGNED_CONTEXT((#5590,#5591,#5592)) REPRESENTATION_CONTEXT
('Context #1','3D Context with UNIT and UNCERTAINTY') );
#5590 = ( LENGTH_UNIT() NAMED_UNIT(*) SI_UNIT(.MILLI.,.METRE.) );
#5591 = ( NAMED_UNIT(*) PLANE_ANGLE_UNIT() SI_UNIT($,.RADIAN.) );
#5592 = ( NAMED_UNIT(*) SI_UNIT($,.STERADIAN.) SOLID_ANGLE_UNIT() );
#5593 = UNCERTAINTY_MEASURE_WITH_UNIT(LENGTH_MEASURE(1.E-07),#5590,
  'distance_accuracy_value','confusion accuracy');
#5594 = CONTEXT_DEPENDENT_SHAPE_REPRESENTATION(#5595,#5597);
#5595 = ( REPRESENTATION_RELATIONSHIP('','',#5489,#10) 
REPRESENTATION_RELATIONSHIP_WITH_TRANSFORMATION(#5596) 
SHAPE_REPRESENTATION_RELATIONSHIP() );
#5596 = ITEM_DEFINED_TRANSFORMATION('','',#11,#179);
#5597 = PRODUCT_DEFINITION_SHAPE('Placement','Placement of an item',
  #5598);
#5598 = NEXT_ASSEMBLY_USAGE_OCCURRENCE('86','Ball_G8','',#5,#5484,$);
#5599 = PRODUCT_RELATED_PRODUCT_CATEGORY('part',$,(#5486));
#5600 = SHAPE_DEFINITION_REPRESENTATION(#5601,#5607);
#5601 = PRODUCT_DEFINITION_SHAPE('','',#5602);
#5602 = PRODUCT_DEFINITION('design','',#5603,#5606);
#5603 = PRODUCT_DEFINITION_FORMATION('','',#5604);
#5604 = PRODUCT('Ball_G9','Ball_G9','',(#5605));
#5605 = PRODUCT_CONTEXT('',#2,'mechanical');
#5606 = PRODUCT_DEFINITION_CONTEXT('part definition',#2,'design');
#5607 = ADVANCED_BREP_SHAPE_REPRESENTATION('',(#11,#5608),#5707);
#5608 = MANIFOLD_SOLID_BREP('',#5609);
#5609 = CLOSED_SHELL('',(#5610,#5699,#5703));
#5610 = ADVANCED_FACE('',(#5611),#5624,.T.);
#5611 = FACE_BOUND('',#5612,.T.);
#5612 = EDGE_LOOP('',(#5613,#5647,#5671,#5698));
#5613 = ORIENTED_EDGE('',*,*,#5614,.F.);
#5614 = EDGE_CURVE('',#5615,#5615,#5617,.T.);
#5615 = VERTEX_POINT('',#5616);
#5616 = CARTESIAN_POINT('',(3.362249807396,1.2,0.34));
#5617 = SURFACE_CURVE('',#5618,(#5623,#5635),.PCURVE_S1.);
#5618 = CIRCLE('',#5619,0.162249807396);
#5619 = AXIS2_PLACEMENT_3D('',#5620,#5621,#5622);
#5620 = CARTESIAN_POINT('',(3.2,1.2,0.34));
#5621 = DIRECTION('',(0.,0.,1.));
#5622 = DIRECTION('',(1.,0.,-0.));
#5623 = PCURVE('',#5624,#5629);
#5624 = SPHERICAL_SURFACE('',#5625,0.235);
#5625 = AXIS2_PLACEMENT_3D('',#5626,#5627,#5628);
#5626 = CARTESIAN_POINT('',(3.2,1.2,0.17));
#5627 = DIRECTION('',(0.,0.,1.));
#5628 = DIRECTION('',(1.,0.,0.));
#5629 = DEFINITIONAL_REPRESENTATION('',(#5630),#5634);
#5630 = LINE('',#5631,#5632);
#5631 = CARTESIAN_POINT('',(0.,0.80872033608));
#5632 = VECTOR('',#5633,1.);
#5633 = DIRECTION('',(1.,0.));
#5634 = ( GEOMETRIC_REPRESENTATION_CONTEXT(2) 
PARAMETRIC_REPRESENTATION_CONTEXT() REPRESENTATION_CONTEXT('2D SPACE',''
  ) );
#5635 = PCURVE('',#5636,#5641);
#5636 = PLANE('',#5637);
#5637 = AXIS2_PLACEMENT_3D('',#5638,#5639,#5640);
#5638 = CARTESIAN_POINT('',(2.95,0.95,0.34));
#5639 = DIRECTION('',(0.,0.,1.));
#5640 = DIRECTION('',(1.,0.,0.));
#5641 = DEFINITIONAL_REPRESENTATION('',(#5642),#5646);
#5642 = CIRCLE('',#5643,0.162249807396);
#5643 = AXIS2_PLACEMENT_2D('',#5644,#5645);
#5644 = CARTESIAN_POINT('',(0.25,0.25));
#5645 = DIRECTION('',(1.,0.));
#5646 = ( GEOMETRIC_REPRESENTATION_CONTEXT(2) 
PARAMETRIC_REPRESENTATION_CONTEXT() REPRESENTATION_CONTEXT('2D SPACE',''
  ) );
#5647 = ORIENTED_EDGE('',*,*,#5648,.F.);
#5648 = EDGE_CURVE('',#5649,#5615,#5651,.T.);
#5649 = VERTEX_POINT('',#5650);
#5650 = CARTESIAN_POINT('',(3.362249807396,1.2,-5.551115123126E-17));
#5651 = SEAM_CURVE('',#5652,(#5657,#5664),.PCURVE_S1.);
#5652 = CIRCLE('',#5653,0.235);
#5653 = AXIS2_PLACEMENT_3D('',#5654,#5655,#5656);
#5654 = CARTESIAN_POINT('',(3.2,1.2,0.17));
#5655 = DIRECTION('',(-2.449293598295E-16,-1.,0.));
#5656 = DIRECTION('',(1.,-2.449293598295E-16,0.));
#5657 = PCURVE('',#5624,#5658);
#5658 = DEFINITIONAL_REPRESENTATION('',(#5659),#5663);
#5659 = LINE('',#5660,#5661);
#5660 = CARTESIAN_POINT('',(6.28318530718,-6.28318530718));
#5661 = VECTOR('',#5662,1.);
#5662 = DIRECTION('',(0.,1.));
#5663 = ( GEOMETRIC_REPRESENTATION_CONTEXT(2) 
PARAMETRIC_REPRESENTATION_CONTEXT() REPRESENTATION_CONTEXT('2D SPACE',''
  ) );
#5664 = PCURVE('',#5624,#5665);
#5665 = DEFINITIONAL_REPRESENTATION('',(#5666),#5670);
#5666 = LINE('',#5667,#5668);
#5667 = CARTESIAN_POINT('',(0.,-6.28318530718));
#5668 = VECTOR('',#5669,1.);
#5669 = DIRECTION('',(0.,1.));
#5670 = ( GEOMETRIC_REPRESENTATION_CONTEXT(2) 
PARAMETRIC_REPRESENTATION_CONTEXT() REPRESENTATION_CONTEXT('2D SPACE',''
  ) );
#5671 = ORIENTED_EDGE('',*,*,#5672,.T.);
#5672 = EDGE_CURVE('',#5649,#5649,#5673,.T.);
#5673 = SURFACE_CURVE('',#5674,(#5679,#5686),.PCURVE_S1.);
#5674 = CIRCLE('',#5675,0.162249807396);
#5675 = AXIS2_PLACEMENT_3D('',#5676,#5677,#5678);
#5676 = CARTESIAN_POINT('',(3.2,1.2,0.));
#5677 = DIRECTION('',(0.,0.,1.));
#5678 = DIRECTION('',(1.,0.,-0.));
#5679 = PCURVE('',#5624,#5680);
#5680 = DEFINITIONAL_REPRESENTATION('',(#5681),#5685);
#5681 = LINE('',#5682,#5683);
#5682 = CARTESIAN_POINT('',(0.,-0.80872033608));
#5683 = VECTOR('',#5684,1.);
#5684 = DIRECTION('',(1.,0.));
#5685 = ( GEOMETRIC_REPRESENTATION_CONTEXT(2) 
PARAMETRIC_REPRESENTATION_CONTEXT() REPRESENTATION_CONTEXT('2D SPACE',''
  ) );
#5686 = PCURVE('',#5687,#5692);
#5687 = PLANE('',#5688);
#5688 = AXIS2_PLACEMENT_3D('',#5689,#5690,#5691);
#5689 = CARTESIAN_POINT('',(2.95,0.95,0.));
#5690 = DIRECTION('',(0.,0.,1.));
#5691 = DIRECTION('',(1.,0.,0.));
#5692 = DEFINITIONAL_REPRESENTATION('',(#5693),#5697);
#5693 = CIRCLE('',#5694,0.162249807396);
#5694 = AXIS2_PLACEMENT_2D('',#5695,#5696);
#5695 = CARTESIAN_POINT('',(0.25,0.25));
#5696 = DIRECTION('',(1.,0.));
#5697 = ( GEOMETRIC_REPRESENTATION_CONTEXT(2) 
PARAMETRIC_REPRESENTATION_CONTEXT() REPRESENTATION_CONTEXT('2D SPACE',''
  ) );
#5698 = ORIENTED_EDGE('',*,*,#5648,.T.);
#5699 = ADVANCED_FACE('',(#5700),#5636,.T.);
#5700 = FACE_BOUND('',#5701,.T.);
#5701 = EDGE_LOOP('',(#5702));
#5702 = ORIENTED_EDGE('',*,*,#5614,.T.);
#5703 = ADVANCED_FACE('',(#5704),#5687,.F.);
#5704 = FACE_BOUND('',#5705,.F.);
#5705 = EDGE_LOOP('',(#5706));
#5706 = ORIENTED_EDGE('',*,*,#5672,.T.);
#5707 = ( GEOMETRIC_REPRESENTATION_CONTEXT(3) 
GLOBAL_UNCERTAINTY_ASSIGNED_CONTEXT((#5711)) 
GLOBAL_UNIT_ASSIGNED_CONTEXT((#5708,#5709,#5710)) REPRESENTATION_CONTEXT
('Context #1','3D Context with UNIT and UNCERTAINTY') );
#5708 = ( LENGTH_UNIT() NAMED_UNIT(*) SI_UNIT(.MILLI.,.METRE.) );
#5709 = ( NAMED_UNIT(*) PLANE_ANGLE_UNIT() SI_UNIT($,.RADIAN.) );
#5710 = ( NAMED_UNIT(*) SI_UNIT($,.STERADIAN.) SOLID_ANGLE_UNIT() );
#5711 = UNCERTAINTY_MEASURE_WITH_UNIT(LENGTH_MEASURE(1.E-07),#5708,
  'distance_accuracy_value','confusion accuracy');
#5712 = CONTEXT_DEPENDENT_SHAPE_REPRESENTATION(#5713,#5715);
#5713 = ( REPRESENTATION_RELATIONSHIP('','',#5607,#10) 
REPRESENTATION_RELATIONSHIP_WITH_TRANSFORMATION(#5714) 
SHAPE_REPRESENTATION_RELATIONSHIP() );
#5714 = ITEM_DEFINED_TRANSFORMATION('','',#11,#183);
#5715 = PRODUCT_DEFINITION_SHAPE('Placement','Placement of an item',
  #5716);
#5716 = NEXT_ASSEMBLY_USAGE_OCCURRENCE('87','Ball_G9','',#5,#5602,$);
#5717 = PRODUCT_RELATED_PRODUCT_CATEGORY('part',$,(#5604));
#5718 = SHAPE_DEFINITION_REPRESENTATION(#5719,#5725);
#5719 = PRODUCT_DEFINITION_SHAPE('','',#5720);
#5720 = PRODUCT_DEFINITION('design','',#5721,#5724);
#5721 = PRODUCT_DEFINITION_FORMATION('','',#5722);
#5722 = PRODUCT('Ball_H1','Ball_H1','',(#5723));
#5723 = PRODUCT_CONTEXT('',#2,'mechanical');
#5724 = PRODUCT_DEFINITION_CONTEXT('part definition',#2,'design');
#5725 = ADVANCED_BREP_SHAPE_REPRESENTATION('',(#11,#5726),#5825);
#5726 = MANIFOLD_SOLID_BREP('',#5727);
#5727 = CLOSED_SHELL('',(#5728,#5817,#5821));
#5728 = ADVANCED_FACE('',(#5729),#5742,.T.);
#5729 = FACE_BOUND('',#5730,.T.);
#5730 = EDGE_LOOP('',(#5731,#5765,#5789,#5816));
#5731 = ORIENTED_EDGE('',*,*,#5732,.F.);
#5732 = EDGE_CURVE('',#5733,#5733,#5735,.T.);
#5733 = VERTEX_POINT('',#5734);
#5734 = CARTESIAN_POINT('',(-3.037750192604,0.4,0.34));
#5735 = SURFACE_CURVE('',#5736,(#5741,#5753),.PCURVE_S1.);
#5736 = CIRCLE('',#5737,0.162249807396);
#5737 = AXIS2_PLACEMENT_3D('',#5738,#5739,#5740);
#5738 = CARTESIAN_POINT('',(-3.2,0.4,0.34));
#5739 = DIRECTION('',(0.,0.,1.));
#5740 = DIRECTION('',(1.,0.,-0.));
#5741 = PCURVE('',#5742,#5747);
#5742 = SPHERICAL_SURFACE('',#5743,0.235);
#5743 = AXIS2_PLACEMENT_3D('',#5744,#5745,#5746);
#5744 = CARTESIAN_POINT('',(-3.2,0.4,0.17));
#5745 = DIRECTION('',(0.,0.,1.));
#5746 = DIRECTION('',(1.,0.,0.));
#5747 = DEFINITIONAL_REPRESENTATION('',(#5748),#5752);
#5748 = LINE('',#5749,#5750);
#5749 = CARTESIAN_POINT('',(0.,0.80872033608));
#5750 = VECTOR('',#5751,1.);
#5751 = DIRECTION('',(1.,0.));
#5752 = ( GEOMETRIC_REPRESENTATION_CONTEXT(2) 
PARAMETRIC_REPRESENTATION_CONTEXT() REPRESENTATION_CONTEXT('2D SPACE',''
  ) );
#5753 = PCURVE('',#5754,#5759);
#5754 = PLANE('',#5755);
#5755 = AXIS2_PLACEMENT_3D('',#5756,#5757,#5758);
#5756 = CARTESIAN_POINT('',(-3.45,0.15,0.34));
#5757 = DIRECTION('',(0.,0.,1.));
#5758 = DIRECTION('',(1.,0.,0.));
#5759 = DEFINITIONAL_REPRESENTATION('',(#5760),#5764);
#5760 = CIRCLE('',#5761,0.162249807396);
#5761 = AXIS2_PLACEMENT_2D('',#5762,#5763);
#5762 = CARTESIAN_POINT('',(0.25,0.25));
#5763 = DIRECTION('',(1.,0.));
#5764 = ( GEOMETRIC_REPRESENTATION_CONTEXT(2) 
PARAMETRIC_REPRESENTATION_CONTEXT() REPRESENTATION_CONTEXT('2D SPACE',''
  ) );
#5765 = ORIENTED_EDGE('',*,*,#5766,.F.);
#5766 = EDGE_CURVE('',#5767,#5733,#5769,.T.);
#5767 = VERTEX_POINT('',#5768);
#5768 = CARTESIAN_POINT('',(-3.037750192604,0.4,-5.551115123126E-17));
#5769 = SEAM_CURVE('',#5770,(#5775,#5782),.PCURVE_S1.);
#5770 = CIRCLE('',#5771,0.235);
#5771 = AXIS2_PLACEMENT_3D('',#5772,#5773,#5774);
#5772 = CARTESIAN_POINT('',(-3.2,0.4,0.17));
#5773 = DIRECTION('',(-2.449293598295E-16,-1.,0.));
#5774 = DIRECTION('',(1.,-2.449293598295E-16,0.));
#5775 = PCURVE('',#5742,#5776);
#5776 = DEFINITIONAL_REPRESENTATION('',(#5777),#5781);
#5777 = LINE('',#5778,#5779);
#5778 = CARTESIAN_POINT('',(6.28318530718,-6.28318530718));
#5779 = VECTOR('',#5780,1.);
#5780 = DIRECTION('',(0.,1.));
#5781 = ( GEOMETRIC_REPRESENTATION_CONTEXT(2) 
PARAMETRIC_REPRESENTATION_CONTEXT() REPRESENTATION_CONTEXT('2D SPACE',''
  ) );
#5782 = PCURVE('',#5742,#5783);
#5783 = DEFINITIONAL_REPRESENTATION('',(#5784),#5788);
#5784 = LINE('',#5785,#5786);
#5785 = CARTESIAN_POINT('',(0.,-6.28318530718));
#5786 = VECTOR('',#5787,1.);
#5787 = DIRECTION('',(0.,1.));
#5788 = ( GEOMETRIC_REPRESENTATION_CONTEXT(2) 
PARAMETRIC_REPRESENTATION_CONTEXT() REPRESENTATION_CONTEXT('2D SPACE',''
  ) );
#5789 = ORIENTED_EDGE('',*,*,#5790,.T.);
#5790 = EDGE_CURVE('',#5767,#5767,#5791,.T.);
#5791 = SURFACE_CURVE('',#5792,(#5797,#5804),.PCURVE_S1.);
#5792 = CIRCLE('',#5793,0.162249807396);
#5793 = AXIS2_PLACEMENT_3D('',#5794,#5795,#5796);
#5794 = CARTESIAN_POINT('',(-3.2,0.4,0.));
#5795 = DIRECTION('',(0.,0.,1.));
#5796 = DIRECTION('',(1.,0.,-0.));
#5797 = PCURVE('',#5742,#5798);
#5798 = DEFINITIONAL_REPRESENTATION('',(#5799),#5803);
#5799 = LINE('',#5800,#5801);
#5800 = CARTESIAN_POINT('',(0.,-0.80872033608));
#5801 = VECTOR('',#5802,1.);
#5802 = DIRECTION('',(1.,0.));
#5803 = ( GEOMETRIC_REPRESENTATION_CONTEXT(2) 
PARAMETRIC_REPRESENTATION_CONTEXT() REPRESENTATION_CONTEXT('2D SPACE',''
  ) );
#5804 = PCURVE('',#5805,#5810);
#5805 = PLANE('',#5806);
#5806 = AXIS2_PLACEMENT_3D('',#5807,#5808,#5809);
#5807 = CARTESIAN_POINT('',(-3.45,0.15,0.));
#5808 = DIRECTION('',(0.,0.,1.));
#5809 = DIRECTION('',(1.,0.,0.));
#5810 = DEFINITIONAL_REPRESENTATION('',(#5811),#5815);
#5811 = CIRCLE('',#5812,0.162249807396);
#5812 = AXIS2_PLACEMENT_2D('',#5813,#5814);
#5813 = CARTESIAN_POINT('',(0.25,0.25));
#5814 = DIRECTION('',(1.,0.));
#5815 = ( GEOMETRIC_REPRESENTATION_CONTEXT(2) 
PARAMETRIC_REPRESENTATION_CONTEXT() REPRESENTATION_CONTEXT('2D SPACE',''
  ) );
#5816 = ORIENTED_EDGE('',*,*,#5766,.T.);
#5817 = ADVANCED_FACE('',(#5818),#5754,.T.);
#5818 = FACE_BOUND('',#5819,.T.);
#5819 = EDGE_LOOP('',(#5820));
#5820 = ORIENTED_EDGE('',*,*,#5732,.T.);
#5821 = ADVANCED_FACE('',(#5822),#5805,.F.);
#5822 = FACE_BOUND('',#5823,.F.);
#5823 = EDGE_LOOP('',(#5824));
#5824 = ORIENTED_EDGE('',*,*,#5790,.T.);
#5825 = ( GEOMETRIC_REPRESENTATION_CONTEXT(3) 
GLOBAL_UNCERTAINTY_ASSIGNED_CONTEXT((#5829)) 
GLOBAL_UNIT_ASSIGNED_CONTEXT((#5826,#5827,#5828)) REPRESENTATION_CONTEXT
('Context #1','3D Context with UNIT and UNCERTAINTY') );
#5826 = ( LENGTH_UNIT() NAMED_UNIT(*) SI_UNIT(.MILLI.,.METRE.) );
#5827 = ( NAMED_UNIT(*) PLANE_ANGLE_UNIT() SI_UNIT($,.RADIAN.) );
#5828 = ( NAMED_UNIT(*) SI_UNIT($,.STERADIAN.) SOLID_ANGLE_UNIT() );
#5829 = UNCERTAINTY_MEASURE_WITH_UNIT(LENGTH_MEASURE(1.E-07),#5826,
  'distance_accuracy_value','confusion accuracy');
#5830 = CONTEXT_DEPENDENT_SHAPE_REPRESENTATION(#5831,#5833);
#5831 = ( REPRESENTATION_RELATIONSHIP('','',#5725,#10) 
REPRESENTATION_RELATIONSHIP_WITH_TRANSFORMATION(#5832) 
SHAPE_REPRESENTATION_RELATIONSHIP() );
#5832 = ITEM_DEFINED_TRANSFORMATION('','',#11,#187);
#5833 = PRODUCT_DEFINITION_SHAPE('Placement','Placement of an item',
  #5834);
#5834 = NEXT_ASSEMBLY_USAGE_OCCURRENCE('88','Ball_H1','',#5,#5720,$);
#5835 = PRODUCT_RELATED_PRODUCT_CATEGORY('part',$,(#5722));
#5836 = SHAPE_DEFINITION_REPRESENTATION(#5837,#5843);
#5837 = PRODUCT_DEFINITION_SHAPE('','',#5838);
#5838 = PRODUCT_DEFINITION('design','',#5839,#5842);
#5839 = PRODUCT_DEFINITION_FORMATION('','',#5840);
#5840 = PRODUCT('Ball_H2','Ball_H2','',(#5841));
#5841 = PRODUCT_CONTEXT('',#2,'mechanical');
#5842 = PRODUCT_DEFINITION_CONTEXT('part definition',#2,'design');
#5843 = ADVANCED_BREP_SHAPE_REPRESENTATION('',(#11,#5844),#5943);
#5844 = MANIFOLD_SOLID_BREP('',#5845);
#5845 = CLOSED_SHELL('',(#5846,#5935,#5939));
#5846 = ADVANCED_FACE('',(#5847),#5860,.T.);
#5847 = FACE_BOUND('',#5848,.T.);
#5848 = EDGE_LOOP('',(#5849,#5883,#5907,#5934));
#5849 = ORIENTED_EDGE('',*,*,#5850,.F.);
#5850 = EDGE_CURVE('',#5851,#5851,#5853,.T.);
#5851 = VERTEX_POINT('',#5852);
#5852 = CARTESIAN_POINT('',(-2.237750192604,0.4,0.34));
#5853 = SURFACE_CURVE('',#5854,(#5859,#5871),.PCURVE_S1.);
#5854 = CIRCLE('',#5855,0.162249807396);
#5855 = AXIS2_PLACEMENT_3D('',#5856,#5857,#5858);
#5856 = CARTESIAN_POINT('',(-2.4,0.4,0.34));
#5857 = DIRECTION('',(0.,0.,1.));
#5858 = DIRECTION('',(1.,0.,-0.));
#5859 = PCURVE('',#5860,#5865);
#5860 = SPHERICAL_SURFACE('',#5861,0.235);
#5861 = AXIS2_PLACEMENT_3D('',#5862,#5863,#5864);
#5862 = CARTESIAN_POINT('',(-2.4,0.4,0.17));
#5863 = DIRECTION('',(0.,0.,1.));
#5864 = DIRECTION('',(1.,0.,0.));
#5865 = DEFINITIONAL_REPRESENTATION('',(#5866),#5870);
#5866 = LINE('',#5867,#5868);
#5867 = CARTESIAN_POINT('',(0.,0.80872033608));
#5868 = VECTOR('',#5869,1.);
#5869 = DIRECTION('',(1.,0.));
#5870 = ( GEOMETRIC_REPRESENTATION_CONTEXT(2) 
PARAMETRIC_REPRESENTATION_CONTEXT() REPRESENTATION_CONTEXT('2D SPACE',''
  ) );
#5871 = PCURVE('',#5872,#5877);
#5872 = PLANE('',#5873);
#5873 = AXIS2_PLACEMENT_3D('',#5874,#5875,#5876);
#5874 = CARTESIAN_POINT('',(-2.65,0.15,0.34));
#5875 = DIRECTION('',(0.,0.,1.));
#5876 = DIRECTION('',(1.,0.,0.));
#5877 = DEFINITIONAL_REPRESENTATION('',(#5878),#5882);
#5878 = CIRCLE('',#5879,0.162249807396);
#5879 = AXIS2_PLACEMENT_2D('',#5880,#5881);
#5880 = CARTESIAN_POINT('',(0.25,0.25));
#5881 = DIRECTION('',(1.,0.));
#5882 = ( GEOMETRIC_REPRESENTATION_CONTEXT(2) 
PARAMETRIC_REPRESENTATION_CONTEXT() REPRESENTATION_CONTEXT('2D SPACE',''
  ) );
#5883 = ORIENTED_EDGE('',*,*,#5884,.F.);
#5884 = EDGE_CURVE('',#5885,#5851,#5887,.T.);
#5885 = VERTEX_POINT('',#5886);
#5886 = CARTESIAN_POINT('',(-2.237750192604,0.4,-5.551115123126E-17));
#5887 = SEAM_CURVE('',#5888,(#5893,#5900),.PCURVE_S1.);
#5888 = CIRCLE('',#5889,0.235);
#5889 = AXIS2_PLACEMENT_3D('',#5890,#5891,#5892);
#5890 = CARTESIAN_POINT('',(-2.4,0.4,0.17));
#5891 = DIRECTION('',(-2.449293598295E-16,-1.,0.));
#5892 = DIRECTION('',(1.,-2.449293598295E-16,0.));
#5893 = PCURVE('',#5860,#5894);
#5894 = DEFINITIONAL_REPRESENTATION('',(#5895),#5899);
#5895 = LINE('',#5896,#5897);
#5896 = CARTESIAN_POINT('',(6.28318530718,-6.28318530718));
#5897 = VECTOR('',#5898,1.);
#5898 = DIRECTION('',(0.,1.));
#5899 = ( GEOMETRIC_REPRESENTATION_CONTEXT(2) 
PARAMETRIC_REPRESENTATION_CONTEXT() REPRESENTATION_CONTEXT('2D SPACE',''
  ) );
#5900 = PCURVE('',#5860,#5901);
#5901 = DEFINITIONAL_REPRESENTATION('',(#5902),#5906);
#5902 = LINE('',#5903,#5904);
#5903 = CARTESIAN_POINT('',(0.,-6.28318530718));
#5904 = VECTOR('',#5905,1.);
#5905 = DIRECTION('',(0.,1.));
#5906 = ( GEOMETRIC_REPRESENTATION_CONTEXT(2) 
PARAMETRIC_REPRESENTATION_CONTEXT() REPRESENTATION_CONTEXT('2D SPACE',''
  ) );
#5907 = ORIENTED_EDGE('',*,*,#5908,.T.);
#5908 = EDGE_CURVE('',#5885,#5885,#5909,.T.);
#5909 = SURFACE_CURVE('',#5910,(#5915,#5922),.PCURVE_S1.);
#5910 = CIRCLE('',#5911,0.162249807396);
#5911 = AXIS2_PLACEMENT_3D('',#5912,#5913,#5914);
#5912 = CARTESIAN_POINT('',(-2.4,0.4,0.));
#5913 = DIRECTION('',(0.,0.,1.));
#5914 = DIRECTION('',(1.,0.,-0.));
#5915 = PCURVE('',#5860,#5916);
#5916 = DEFINITIONAL_REPRESENTATION('',(#5917),#5921);
#5917 = LINE('',#5918,#5919);
#5918 = CARTESIAN_POINT('',(0.,-0.80872033608));
#5919 = VECTOR('',#5920,1.);
#5920 = DIRECTION('',(1.,0.));
#5921 = ( GEOMETRIC_REPRESENTATION_CONTEXT(2) 
PARAMETRIC_REPRESENTATION_CONTEXT() REPRESENTATION_CONTEXT('2D SPACE',''
  ) );
#5922 = PCURVE('',#5923,#5928);
#5923 = PLANE('',#5924);
#5924 = AXIS2_PLACEMENT_3D('',#5925,#5926,#5927);
#5925 = CARTESIAN_POINT('',(-2.65,0.15,0.));
#5926 = DIRECTION('',(0.,0.,1.));
#5927 = DIRECTION('',(1.,0.,0.));
#5928 = DEFINITIONAL_REPRESENTATION('',(#5929),#5933);
#5929 = CIRCLE('',#5930,0.162249807396);
#5930 = AXIS2_PLACEMENT_2D('',#5931,#5932);
#5931 = CARTESIAN_POINT('',(0.25,0.25));
#5932 = DIRECTION('',(1.,0.));
#5933 = ( GEOMETRIC_REPRESENTATION_CONTEXT(2) 
PARAMETRIC_REPRESENTATION_CONTEXT() REPRESENTATION_CONTEXT('2D SPACE',''
  ) );
#5934 = ORIENTED_EDGE('',*,*,#5884,.T.);
#5935 = ADVANCED_FACE('',(#5936),#5872,.T.);
#5936 = FACE_BOUND('',#5937,.T.);
#5937 = EDGE_LOOP('',(#5938));
#5938 = ORIENTED_EDGE('',*,*,#5850,.T.);
#5939 = ADVANCED_FACE('',(#5940),#5923,.F.);
#5940 = FACE_BOUND('',#5941,.F.);
#5941 = EDGE_LOOP('',(#5942));
#5942 = ORIENTED_EDGE('',*,*,#5908,.T.);
#5943 = ( GEOMETRIC_REPRESENTATION_CONTEXT(3) 
GLOBAL_UNCERTAINTY_ASSIGNED_CONTEXT((#5947)) 
GLOBAL_UNIT_ASSIGNED_CONTEXT((#5944,#5945,#5946)) REPRESENTATION_CONTEXT
('Context #1','3D Context with UNIT and UNCERTAINTY') );
#5944 = ( LENGTH_UNIT() NAMED_UNIT(*) SI_UNIT(.MILLI.,.METRE.) );
#5945 = ( NAMED_UNIT(*) PLANE_ANGLE_UNIT() SI_UNIT($,.RADIAN.) );
#5946 = ( NAMED_UNIT(*) SI_UNIT($,.STERADIAN.) SOLID_ANGLE_UNIT() );
#5947 = UNCERTAINTY_MEASURE_WITH_UNIT(LENGTH_MEASURE(1.E-07),#5944,
  'distance_accuracy_value','confusion accuracy');
#5948 = CONTEXT_DEPENDENT_SHAPE_REPRESENTATION(#5949,#5951);
#5949 = ( REPRESENTATION_RELATIONSHIP('','',#5843,#10) 
REPRESENTATION_RELATIONSHIP_WITH_TRANSFORMATION(#5950) 
SHAPE_REPRESENTATION_RELATIONSHIP() );
#5950 = ITEM_DEFINED_TRANSFORMATION('','',#11,#191);
#5951 = PRODUCT_DEFINITION_SHAPE('Placement','Placement of an item',
  #5952);
#5952 = NEXT_ASSEMBLY_USAGE_OCCURRENCE('89','Ball_H2','',#5,#5838,$);
#5953 = PRODUCT_RELATED_PRODUCT_CATEGORY('part',$,(#5840));
#5954 = SHAPE_DEFINITION_REPRESENTATION(#5955,#5961);
#5955 = PRODUCT_DEFINITION_SHAPE('','',#5956);
#5956 = PRODUCT_DEFINITION('design','',#5957,#5960);
#5957 = PRODUCT_DEFINITION_FORMATION('','',#5958);
#5958 = PRODUCT('Ball_H3','Ball_H3','',(#5959));
#5959 = PRODUCT_CONTEXT('',#2,'mechanical');
#5960 = PRODUCT_DEFINITION_CONTEXT('part definition',#2,'design');
#5961 = ADVANCED_BREP_SHAPE_REPRESENTATION('',(#11,#5962),#6061);
#5962 = MANIFOLD_SOLID_BREP('',#5963);
#5963 = CLOSED_SHELL('',(#5964,#6053,#6057));
#5964 = ADVANCED_FACE('',(#5965),#5978,.T.);
#5965 = FACE_BOUND('',#5966,.T.);
#5966 = EDGE_LOOP('',(#5967,#6001,#6025,#6052));
#5967 = ORIENTED_EDGE('',*,*,#5968,.F.);
#5968 = EDGE_CURVE('',#5969,#5969,#5971,.T.);
#5969 = VERTEX_POINT('',#5970);
#5970 = CARTESIAN_POINT('',(-1.437750192604,0.4,0.34));
#5971 = SURFACE_CURVE('',#5972,(#5977,#5989),.PCURVE_S1.);
#5972 = CIRCLE('',#5973,0.162249807396);
#5973 = AXIS2_PLACEMENT_3D('',#5974,#5975,#5976);
#5974 = CARTESIAN_POINT('',(-1.6,0.4,0.34));
#5975 = DIRECTION('',(0.,0.,1.));
#5976 = DIRECTION('',(1.,0.,-0.));
#5977 = PCURVE('',#5978,#5983);
#5978 = SPHERICAL_SURFACE('',#5979,0.235);
#5979 = AXIS2_PLACEMENT_3D('',#5980,#5981,#5982);
#5980 = CARTESIAN_POINT('',(-1.6,0.4,0.17));
#5981 = DIRECTION('',(0.,0.,1.));
#5982 = DIRECTION('',(1.,0.,0.));
#5983 = DEFINITIONAL_REPRESENTATION('',(#5984),#5988);
#5984 = LINE('',#5985,#5986);
#5985 = CARTESIAN_POINT('',(0.,0.80872033608));
#5986 = VECTOR('',#5987,1.);
#5987 = DIRECTION('',(1.,0.));
#5988 = ( GEOMETRIC_REPRESENTATION_CONTEXT(2) 
PARAMETRIC_REPRESENTATION_CONTEXT() REPRESENTATION_CONTEXT('2D SPACE',''
  ) );
#5989 = PCURVE('',#5990,#5995);
#5990 = PLANE('',#5991);
#5991 = AXIS2_PLACEMENT_3D('',#5992,#5993,#5994);
#5992 = CARTESIAN_POINT('',(-1.85,0.15,0.34));
#5993 = DIRECTION('',(0.,0.,1.));
#5994 = DIRECTION('',(1.,0.,0.));
#5995 = DEFINITIONAL_REPRESENTATION('',(#5996),#6000);
#5996 = CIRCLE('',#5997,0.162249807396);
#5997 = AXIS2_PLACEMENT_2D('',#5998,#5999);
#5998 = CARTESIAN_POINT('',(0.25,0.25));
#5999 = DIRECTION('',(1.,0.));
#6000 = ( GEOMETRIC_REPRESENTATION_CONTEXT(2) 
PARAMETRIC_REPRESENTATION_CONTEXT() REPRESENTATION_CONTEXT('2D SPACE',''
  ) );
#6001 = ORIENTED_EDGE('',*,*,#6002,.F.);
#6002 = EDGE_CURVE('',#6003,#5969,#6005,.T.);
#6003 = VERTEX_POINT('',#6004);
#6004 = CARTESIAN_POINT('',(-1.437750192604,0.4,-5.551115123126E-17));
#6005 = SEAM_CURVE('',#6006,(#6011,#6018),.PCURVE_S1.);
#6006 = CIRCLE('',#6007,0.235);
#6007 = AXIS2_PLACEMENT_3D('',#6008,#6009,#6010);
#6008 = CARTESIAN_POINT('',(-1.6,0.4,0.17));
#6009 = DIRECTION('',(-2.449293598295E-16,-1.,0.));
#6010 = DIRECTION('',(1.,-2.449293598295E-16,0.));
#6011 = PCURVE('',#5978,#6012);
#6012 = DEFINITIONAL_REPRESENTATION('',(#6013),#6017);
#6013 = LINE('',#6014,#6015);
#6014 = CARTESIAN_POINT('',(6.28318530718,-6.28318530718));
#6015 = VECTOR('',#6016,1.);
#6016 = DIRECTION('',(0.,1.));
#6017 = ( GEOMETRIC_REPRESENTATION_CONTEXT(2) 
PARAMETRIC_REPRESENTATION_CONTEXT() REPRESENTATION_CONTEXT('2D SPACE',''
  ) );
#6018 = PCURVE('',#5978,#6019);
#6019 = DEFINITIONAL_REPRESENTATION('',(#6020),#6024);
#6020 = LINE('',#6021,#6022);
#6021 = CARTESIAN_POINT('',(0.,-6.28318530718));
#6022 = VECTOR('',#6023,1.);
#6023 = DIRECTION('',(0.,1.));
#6024 = ( GEOMETRIC_REPRESENTATION_CONTEXT(2) 
PARAMETRIC_REPRESENTATION_CONTEXT() REPRESENTATION_CONTEXT('2D SPACE',''
  ) );
#6025 = ORIENTED_EDGE('',*,*,#6026,.T.);
#6026 = EDGE_CURVE('',#6003,#6003,#6027,.T.);
#6027 = SURFACE_CURVE('',#6028,(#6033,#6040),.PCURVE_S1.);
#6028 = CIRCLE('',#6029,0.162249807396);
#6029 = AXIS2_PLACEMENT_3D('',#6030,#6031,#6032);
#6030 = CARTESIAN_POINT('',(-1.6,0.4,0.));
#6031 = DIRECTION('',(0.,0.,1.));
#6032 = DIRECTION('',(1.,0.,-0.));
#6033 = PCURVE('',#5978,#6034);
#6034 = DEFINITIONAL_REPRESENTATION('',(#6035),#6039);
#6035 = LINE('',#6036,#6037);
#6036 = CARTESIAN_POINT('',(0.,-0.80872033608));
#6037 = VECTOR('',#6038,1.);
#6038 = DIRECTION('',(1.,0.));
#6039 = ( GEOMETRIC_REPRESENTATION_CONTEXT(2) 
PARAMETRIC_REPRESENTATION_CONTEXT() REPRESENTATION_CONTEXT('2D SPACE',''
  ) );
#6040 = PCURVE('',#6041,#6046);
#6041 = PLANE('',#6042);
#6042 = AXIS2_PLACEMENT_3D('',#6043,#6044,#6045);
#6043 = CARTESIAN_POINT('',(-1.85,0.15,0.));
#6044 = DIRECTION('',(0.,0.,1.));
#6045 = DIRECTION('',(1.,0.,0.));
#6046 = DEFINITIONAL_REPRESENTATION('',(#6047),#6051);
#6047 = CIRCLE('',#6048,0.162249807396);
#6048 = AXIS2_PLACEMENT_2D('',#6049,#6050);
#6049 = CARTESIAN_POINT('',(0.25,0.25));
#6050 = DIRECTION('',(1.,0.));
#6051 = ( GEOMETRIC_REPRESENTATION_CONTEXT(2) 
PARAMETRIC_REPRESENTATION_CONTEXT() REPRESENTATION_CONTEXT('2D SPACE',''
  ) );
#6052 = ORIENTED_EDGE('',*,*,#6002,.T.);
#6053 = ADVANCED_FACE('',(#6054),#5990,.T.);
#6054 = FACE_BOUND('',#6055,.T.);
#6055 = EDGE_LOOP('',(#6056));
#6056 = ORIENTED_EDGE('',*,*,#5968,.T.);
#6057 = ADVANCED_FACE('',(#6058),#6041,.F.);
#6058 = FACE_BOUND('',#6059,.F.);
#6059 = EDGE_LOOP('',(#6060));
#6060 = ORIENTED_EDGE('',*,*,#6026,.T.);
#6061 = ( GEOMETRIC_REPRESENTATION_CONTEXT(3) 
GLOBAL_UNCERTAINTY_ASSIGNED_CONTEXT((#6065)) 
GLOBAL_UNIT_ASSIGNED_CONTEXT((#6062,#6063,#6064)) REPRESENTATION_CONTEXT
('Context #1','3D Context with UNIT and UNCERTAINTY') );
#6062 = ( LENGTH_UNIT() NAMED_UNIT(*) SI_UNIT(.MILLI.,.METRE.) );
#6063 = ( NAMED_UNIT(*) PLANE_ANGLE_UNIT() SI_UNIT($,.RADIAN.) );
#6064 = ( NAMED_UNIT(*) SI_UNIT($,.STERADIAN.) SOLID_ANGLE_UNIT() );
#6065 = UNCERTAINTY_MEASURE_WITH_UNIT(LENGTH_MEASURE(1.E-07),#6062,
  'distance_accuracy_value','confusion accuracy');
#6066 = CONTEXT_DEPENDENT_SHAPE_REPRESENTATION(#6067,#6069);
#6067 = ( REPRESENTATION_RELATIONSHIP('','',#5961,#10) 
REPRESENTATION_RELATIONSHIP_WITH_TRANSFORMATION(#6068) 
SHAPE_REPRESENTATION_RELATIONSHIP() );
#6068 = ITEM_DEFINED_TRANSFORMATION('','',#11,#195);
#6069 = PRODUCT_DEFINITION_SHAPE('Placement','Placement of an item',
  #6070);
#6070 = NEXT_ASSEMBLY_USAGE_OCCURRENCE('90','Ball_H3','',#5,#5956,$);
#6071 = PRODUCT_RELATED_PRODUCT_CATEGORY('part',$,(#5958));
#6072 = SHAPE_DEFINITION_REPRESENTATION(#6073,#6079);
#6073 = PRODUCT_DEFINITION_SHAPE('','',#6074);
#6074 = PRODUCT_DEFINITION('design','',#6075,#6078);
#6075 = PRODUCT_DEFINITION_FORMATION('','',#6076);
#6076 = PRODUCT('Ball_H7','Ball_H7','',(#6077));
#6077 = PRODUCT_CONTEXT('',#2,'mechanical');
#6078 = PRODUCT_DEFINITION_CONTEXT('part definition',#2,'design');
#6079 = ADVANCED_BREP_SHAPE_REPRESENTATION('',(#11,#6080),#6179);
#6080 = MANIFOLD_SOLID_BREP('',#6081);
#6081 = CLOSED_SHELL('',(#6082,#6171,#6175));
#6082 = ADVANCED_FACE('',(#6083),#6096,.T.);
#6083 = FACE_BOUND('',#6084,.T.);
#6084 = EDGE_LOOP('',(#6085,#6119,#6143,#6170));
#6085 = ORIENTED_EDGE('',*,*,#6086,.F.);
#6086 = EDGE_CURVE('',#6087,#6087,#6089,.T.);
#6087 = VERTEX_POINT('',#6088);
#6088 = CARTESIAN_POINT('',(1.762249807396,0.4,0.34));
#6089 = SURFACE_CURVE('',#6090,(#6095,#6107),.PCURVE_S1.);
#6090 = CIRCLE('',#6091,0.162249807396);
#6091 = AXIS2_PLACEMENT_3D('',#6092,#6093,#6094);
#6092 = CARTESIAN_POINT('',(1.6,0.4,0.34));
#6093 = DIRECTION('',(0.,0.,1.));
#6094 = DIRECTION('',(1.,0.,-0.));
#6095 = PCURVE('',#6096,#6101);
#6096 = SPHERICAL_SURFACE('',#6097,0.235);
#6097 = AXIS2_PLACEMENT_3D('',#6098,#6099,#6100);
#6098 = CARTESIAN_POINT('',(1.6,0.4,0.17));
#6099 = DIRECTION('',(0.,0.,1.));
#6100 = DIRECTION('',(1.,0.,0.));
#6101 = DEFINITIONAL_REPRESENTATION('',(#6102),#6106);
#6102 = LINE('',#6103,#6104);
#6103 = CARTESIAN_POINT('',(0.,0.80872033608));
#6104 = VECTOR('',#6105,1.);
#6105 = DIRECTION('',(1.,0.));
#6106 = ( GEOMETRIC_REPRESENTATION_CONTEXT(2) 
PARAMETRIC_REPRESENTATION_CONTEXT() REPRESENTATION_CONTEXT('2D SPACE',''
  ) );
#6107 = PCURVE('',#6108,#6113);
#6108 = PLANE('',#6109);
#6109 = AXIS2_PLACEMENT_3D('',#6110,#6111,#6112);
#6110 = CARTESIAN_POINT('',(1.35,0.15,0.34));
#6111 = DIRECTION('',(0.,0.,1.));
#6112 = DIRECTION('',(1.,0.,0.));
#6113 = DEFINITIONAL_REPRESENTATION('',(#6114),#6118);
#6114 = CIRCLE('',#6115,0.162249807396);
#6115 = AXIS2_PLACEMENT_2D('',#6116,#6117);
#6116 = CARTESIAN_POINT('',(0.25,0.25));
#6117 = DIRECTION('',(1.,0.));
#6118 = ( GEOMETRIC_REPRESENTATION_CONTEXT(2) 
PARAMETRIC_REPRESENTATION_CONTEXT() REPRESENTATION_CONTEXT('2D SPACE',''
  ) );
#6119 = ORIENTED_EDGE('',*,*,#6120,.F.);
#6120 = EDGE_CURVE('',#6121,#6087,#6123,.T.);
#6121 = VERTEX_POINT('',#6122);
#6122 = CARTESIAN_POINT('',(1.762249807396,0.4,-5.551115123126E-17));
#6123 = SEAM_CURVE('',#6124,(#6129,#6136),.PCURVE_S1.);
#6124 = CIRCLE('',#6125,0.235);
#6125 = AXIS2_PLACEMENT_3D('',#6126,#6127,#6128);
#6126 = CARTESIAN_POINT('',(1.6,0.4,0.17));
#6127 = DIRECTION('',(-2.449293598295E-16,-1.,0.));
#6128 = DIRECTION('',(1.,-2.449293598295E-16,0.));
#6129 = PCURVE('',#6096,#6130);
#6130 = DEFINITIONAL_REPRESENTATION('',(#6131),#6135);
#6131 = LINE('',#6132,#6133);
#6132 = CARTESIAN_POINT('',(6.28318530718,-6.28318530718));
#6133 = VECTOR('',#6134,1.);
#6134 = DIRECTION('',(0.,1.));
#6135 = ( GEOMETRIC_REPRESENTATION_CONTEXT(2) 
PARAMETRIC_REPRESENTATION_CONTEXT() REPRESENTATION_CONTEXT('2D SPACE',''
  ) );
#6136 = PCURVE('',#6096,#6137);
#6137 = DEFINITIONAL_REPRESENTATION('',(#6138),#6142);
#6138 = LINE('',#6139,#6140);
#6139 = CARTESIAN_POINT('',(0.,-6.28318530718));
#6140 = VECTOR('',#6141,1.);
#6141 = DIRECTION('',(0.,1.));
#6142 = ( GEOMETRIC_REPRESENTATION_CONTEXT(2) 
PARAMETRIC_REPRESENTATION_CONTEXT() REPRESENTATION_CONTEXT('2D SPACE',''
  ) );
#6143 = ORIENTED_EDGE('',*,*,#6144,.T.);
#6144 = EDGE_CURVE('',#6121,#6121,#6145,.T.);
#6145 = SURFACE_CURVE('',#6146,(#6151,#6158),.PCURVE_S1.);
#6146 = CIRCLE('',#6147,0.162249807396);
#6147 = AXIS2_PLACEMENT_3D('',#6148,#6149,#6150);
#6148 = CARTESIAN_POINT('',(1.6,0.4,0.));
#6149 = DIRECTION('',(0.,0.,1.));
#6150 = DIRECTION('',(1.,0.,-0.));
#6151 = PCURVE('',#6096,#6152);
#6152 = DEFINITIONAL_REPRESENTATION('',(#6153),#6157);
#6153 = LINE('',#6154,#6155);
#6154 = CARTESIAN_POINT('',(0.,-0.80872033608));
#6155 = VECTOR('',#6156,1.);
#6156 = DIRECTION('',(1.,0.));
#6157 = ( GEOMETRIC_REPRESENTATION_CONTEXT(2) 
PARAMETRIC_REPRESENTATION_CONTEXT() REPRESENTATION_CONTEXT('2D SPACE',''
  ) );
#6158 = PCURVE('',#6159,#6164);
#6159 = PLANE('',#6160);
#6160 = AXIS2_PLACEMENT_3D('',#6161,#6162,#6163);
#6161 = CARTESIAN_POINT('',(1.35,0.15,0.));
#6162 = DIRECTION('',(0.,0.,1.));
#6163 = DIRECTION('',(1.,0.,0.));
#6164 = DEFINITIONAL_REPRESENTATION('',(#6165),#6169);
#6165 = CIRCLE('',#6166,0.162249807396);
#6166 = AXIS2_PLACEMENT_2D('',#6167,#6168);
#6167 = CARTESIAN_POINT('',(0.25,0.25));
#6168 = DIRECTION('',(1.,0.));
#6169 = ( GEOMETRIC_REPRESENTATION_CONTEXT(2) 
PARAMETRIC_REPRESENTATION_CONTEXT() REPRESENTATION_CONTEXT('2D SPACE',''
  ) );
#6170 = ORIENTED_EDGE('',*,*,#6120,.T.);
#6171 = ADVANCED_FACE('',(#6172),#6108,.T.);
#6172 = FACE_BOUND('',#6173,.T.);
#6173 = EDGE_LOOP('',(#6174));
#6174 = ORIENTED_EDGE('',*,*,#6086,.T.);
#6175 = ADVANCED_FACE('',(#6176),#6159,.F.);
#6176 = FACE_BOUND('',#6177,.F.);
#6177 = EDGE_LOOP('',(#6178));
#6178 = ORIENTED_EDGE('',*,*,#6144,.T.);
#6179 = ( GEOMETRIC_REPRESENTATION_CONTEXT(3) 
GLOBAL_UNCERTAINTY_ASSIGNED_CONTEXT((#6183)) 
GLOBAL_UNIT_ASSIGNED_CONTEXT((#6180,#6181,#6182)) REPRESENTATION_CONTEXT
('Context #1','3D Context with UNIT and UNCERTAINTY') );
#6180 = ( LENGTH_UNIT() NAMED_UNIT(*) SI_UNIT(.MILLI.,.METRE.) );
#6181 = ( NAMED_UNIT(*) PLANE_ANGLE_UNIT() SI_UNIT($,.RADIAN.) );
#6182 = ( NAMED_UNIT(*) SI_UNIT($,.STERADIAN.) SOLID_ANGLE_UNIT() );
#6183 = UNCERTAINTY_MEASURE_WITH_UNIT(LENGTH_MEASURE(1.E-07),#6180,
  'distance_accuracy_value','confusion accuracy');
#6184 = CONTEXT_DEPENDENT_SHAPE_REPRESENTATION(#6185,#6187);
#6185 = ( REPRESENTATION_RELATIONSHIP('','',#6079,#10) 
REPRESENTATION_RELATIONSHIP_WITH_TRANSFORMATION(#6186) 
SHAPE_REPRESENTATION_RELATIONSHIP() );
#6186 = ITEM_DEFINED_TRANSFORMATION('','',#11,#199);
#6187 = PRODUCT_DEFINITION_SHAPE('Placement','Placement of an item',
  #6188);
#6188 = NEXT_ASSEMBLY_USAGE_OCCURRENCE('91','Ball_H7','',#5,#6074,$);
#6189 = PRODUCT_RELATED_PRODUCT_CATEGORY('part',$,(#6076));
#6190 = SHAPE_DEFINITION_REPRESENTATION(#6191,#6197);
#6191 = PRODUCT_DEFINITION_SHAPE('','',#6192);
#6192 = PRODUCT_DEFINITION('design','',#6193,#6196);
#6193 = PRODUCT_DEFINITION_FORMATION('','',#6194);
#6194 = PRODUCT('Ball_H8','Ball_H8','',(#6195));
#6195 = PRODUCT_CONTEXT('',#2,'mechanical');
#6196 = PRODUCT_DEFINITION_CONTEXT('part definition',#2,'design');
#6197 = ADVANCED_BREP_SHAPE_REPRESENTATION('',(#11,#6198),#6297);
#6198 = MANIFOLD_SOLID_BREP('',#6199);
#6199 = CLOSED_SHELL('',(#6200,#6289,#6293));
#6200 = ADVANCED_FACE('',(#6201),#6214,.T.);
#6201 = FACE_BOUND('',#6202,.T.);
#6202 = EDGE_LOOP('',(#6203,#6237,#6261,#6288));
#6203 = ORIENTED_EDGE('',*,*,#6204,.F.);
#6204 = EDGE_CURVE('',#6205,#6205,#6207,.T.);
#6205 = VERTEX_POINT('',#6206);
#6206 = CARTESIAN_POINT('',(2.562249807396,0.4,0.34));
#6207 = SURFACE_CURVE('',#6208,(#6213,#6225),.PCURVE_S1.);
#6208 = CIRCLE('',#6209,0.162249807396);
#6209 = AXIS2_PLACEMENT_3D('',#6210,#6211,#6212);
#6210 = CARTESIAN_POINT('',(2.4,0.4,0.34));
#6211 = DIRECTION('',(0.,0.,1.));
#6212 = DIRECTION('',(1.,0.,-0.));
#6213 = PCURVE('',#6214,#6219);
#6214 = SPHERICAL_SURFACE('',#6215,0.235);
#6215 = AXIS2_PLACEMENT_3D('',#6216,#6217,#6218);
#6216 = CARTESIAN_POINT('',(2.4,0.4,0.17));
#6217 = DIRECTION('',(0.,0.,1.));
#6218 = DIRECTION('',(1.,0.,0.));
#6219 = DEFINITIONAL_REPRESENTATION('',(#6220),#6224);
#6220 = LINE('',#6221,#6222);
#6221 = CARTESIAN_POINT('',(0.,0.80872033608));
#6222 = VECTOR('',#6223,1.);
#6223 = DIRECTION('',(1.,0.));
#6224 = ( GEOMETRIC_REPRESENTATION_CONTEXT(2) 
PARAMETRIC_REPRESENTATION_CONTEXT() REPRESENTATION_CONTEXT('2D SPACE',''
  ) );
#6225 = PCURVE('',#6226,#6231);
#6226 = PLANE('',#6227);
#6227 = AXIS2_PLACEMENT_3D('',#6228,#6229,#6230);
#6228 = CARTESIAN_POINT('',(2.15,0.15,0.34));
#6229 = DIRECTION('',(0.,0.,1.));
#6230 = DIRECTION('',(1.,0.,0.));
#6231 = DEFINITIONAL_REPRESENTATION('',(#6232),#6236);
#6232 = CIRCLE('',#6233,0.162249807396);
#6233 = AXIS2_PLACEMENT_2D('',#6234,#6235);
#6234 = CARTESIAN_POINT('',(0.25,0.25));
#6235 = DIRECTION('',(1.,0.));
#6236 = ( GEOMETRIC_REPRESENTATION_CONTEXT(2) 
PARAMETRIC_REPRESENTATION_CONTEXT() REPRESENTATION_CONTEXT('2D SPACE',''
  ) );
#6237 = ORIENTED_EDGE('',*,*,#6238,.F.);
#6238 = EDGE_CURVE('',#6239,#6205,#6241,.T.);
#6239 = VERTEX_POINT('',#6240);
#6240 = CARTESIAN_POINT('',(2.562249807396,0.4,-5.551115123126E-17));
#6241 = SEAM_CURVE('',#6242,(#6247,#6254),.PCURVE_S1.);
#6242 = CIRCLE('',#6243,0.235);
#6243 = AXIS2_PLACEMENT_3D('',#6244,#6245,#6246);
#6244 = CARTESIAN_POINT('',(2.4,0.4,0.17));
#6245 = DIRECTION('',(-2.449293598295E-16,-1.,0.));
#6246 = DIRECTION('',(1.,-2.449293598295E-16,0.));
#6247 = PCURVE('',#6214,#6248);
#6248 = DEFINITIONAL_REPRESENTATION('',(#6249),#6253);
#6249 = LINE('',#6250,#6251);
#6250 = CARTESIAN_POINT('',(6.28318530718,-6.28318530718));
#6251 = VECTOR('',#6252,1.);
#6252 = DIRECTION('',(0.,1.));
#6253 = ( GEOMETRIC_REPRESENTATION_CONTEXT(2) 
PARAMETRIC_REPRESENTATION_CONTEXT() REPRESENTATION_CONTEXT('2D SPACE',''
  ) );
#6254 = PCURVE('',#6214,#6255);
#6255 = DEFINITIONAL_REPRESENTATION('',(#6256),#6260);
#6256 = LINE('',#6257,#6258);
#6257 = CARTESIAN_POINT('',(0.,-6.28318530718));
#6258 = VECTOR('',#6259,1.);
#6259 = DIRECTION('',(0.,1.));
#6260 = ( GEOMETRIC_REPRESENTATION_CONTEXT(2) 
PARAMETRIC_REPRESENTATION_CONTEXT() REPRESENTATION_CONTEXT('2D SPACE',''
  ) );
#6261 = ORIENTED_EDGE('',*,*,#6262,.T.);
#6262 = EDGE_CURVE('',#6239,#6239,#6263,.T.);
#6263 = SURFACE_CURVE('',#6264,(#6269,#6276),.PCURVE_S1.);
#6264 = CIRCLE('',#6265,0.162249807396);
#6265 = AXIS2_PLACEMENT_3D('',#6266,#6267,#6268);
#6266 = CARTESIAN_POINT('',(2.4,0.4,0.));
#6267 = DIRECTION('',(0.,0.,1.));
#6268 = DIRECTION('',(1.,0.,-0.));
#6269 = PCURVE('',#6214,#6270);
#6270 = DEFINITIONAL_REPRESENTATION('',(#6271),#6275);
#6271 = LINE('',#6272,#6273);
#6272 = CARTESIAN_POINT('',(0.,-0.80872033608));
#6273 = VECTOR('',#6274,1.);
#6274 = DIRECTION('',(1.,0.));
#6275 = ( GEOMETRIC_REPRESENTATION_CONTEXT(2) 
PARAMETRIC_REPRESENTATION_CONTEXT() REPRESENTATION_CONTEXT('2D SPACE',''
  ) );
#6276 = PCURVE('',#6277,#6282);
#6277 = PLANE('',#6278);
#6278 = AXIS2_PLACEMENT_3D('',#6279,#6280,#6281);
#6279 = CARTESIAN_POINT('',(2.15,0.15,0.));
#6280 = DIRECTION('',(0.,0.,1.));
#6281 = DIRECTION('',(1.,0.,0.));
#6282 = DEFINITIONAL_REPRESENTATION('',(#6283),#6287);
#6283 = CIRCLE('',#6284,0.162249807396);
#6284 = AXIS2_PLACEMENT_2D('',#6285,#6286);
#6285 = CARTESIAN_POINT('',(0.25,0.25));
#6286 = DIRECTION('',(1.,0.));
#6287 = ( GEOMETRIC_REPRESENTATION_CONTEXT(2) 
PARAMETRIC_REPRESENTATION_CONTEXT() REPRESENTATION_CONTEXT('2D SPACE',''
  ) );
#6288 = ORIENTED_EDGE('',*,*,#6238,.T.);
#6289 = ADVANCED_FACE('',(#6290),#6226,.T.);
#6290 = FACE_BOUND('',#6291,.T.);
#6291 = EDGE_LOOP('',(#6292));
#6292 = ORIENTED_EDGE('',*,*,#6204,.T.);
#6293 = ADVANCED_FACE('',(#6294),#6277,.F.);
#6294 = FACE_BOUND('',#6295,.F.);
#6295 = EDGE_LOOP('',(#6296));
#6296 = ORIENTED_EDGE('',*,*,#6262,.T.);
#6297 = ( GEOMETRIC_REPRESENTATION_CONTEXT(3) 
GLOBAL_UNCERTAINTY_ASSIGNED_CONTEXT((#6301)) 
GLOBAL_UNIT_ASSIGNED_CONTEXT((#6298,#6299,#6300)) REPRESENTATION_CONTEXT
('Context #1','3D Context with UNIT and UNCERTAINTY') );
#6298 = ( LENGTH_UNIT() NAMED_UNIT(*) SI_UNIT(.MILLI.,.METRE.) );
#6299 = ( NAMED_UNIT(*) PLANE_ANGLE_UNIT() SI_UNIT($,.RADIAN.) );
#6300 = ( NAMED_UNIT(*) SI_UNIT($,.STERADIAN.) SOLID_ANGLE_UNIT() );
#6301 = UNCERTAINTY_MEASURE_WITH_UNIT(LENGTH_MEASURE(1.E-07),#6298,
  'distance_accuracy_value','confusion accuracy');
#6302 = CONTEXT_DEPENDENT_SHAPE_REPRESENTATION(#6303,#6305);
#6303 = ( REPRESENTATION_RELATIONSHIP('','',#6197,#10) 
REPRESENTATION_RELATIONSHIP_WITH_TRANSFORMATION(#6304) 
SHAPE_REPRESENTATION_RELATIONSHIP() );
#6304 = ITEM_DEFINED_TRANSFORMATION('','',#11,#203);
#6305 = PRODUCT_DEFINITION_SHAPE('Placement','Placement of an item',
  #6306);
#6306 = NEXT_ASSEMBLY_USAGE_OCCURRENCE('92','Ball_H8','',#5,#6192,$);
#6307 = PRODUCT_RELATED_PRODUCT_CATEGORY('part',$,(#6194));
#6308 = SHAPE_DEFINITION_REPRESENTATION(#6309,#6315);
#6309 = PRODUCT_DEFINITION_SHAPE('','',#6310);
#6310 = PRODUCT_DEFINITION('design','',#6311,#6314);
#6311 = PRODUCT_DEFINITION_FORMATION('','',#6312);
#6312 = PRODUCT('Ball_H9','Ball_H9','',(#6313));
#6313 = PRODUCT_CONTEXT('',#2,'mechanical');
#6314 = PRODUCT_DEFINITION_CONTEXT('part definition',#2,'design');
#6315 = ADVANCED_BREP_SHAPE_REPRESENTATION('',(#11,#6316),#6415);
#6316 = MANIFOLD_SOLID_BREP('',#6317);
#6317 = CLOSED_SHELL('',(#6318,#6407,#6411));
#6318 = ADVANCED_FACE('',(#6319),#6332,.T.);
#6319 = FACE_BOUND('',#6320,.T.);
#6320 = EDGE_LOOP('',(#6321,#6355,#6379,#6406));
#6321 = ORIENTED_EDGE('',*,*,#6322,.F.);
#6322 = EDGE_CURVE('',#6323,#6323,#6325,.T.);
#6323 = VERTEX_POINT('',#6324);
#6324 = CARTESIAN_POINT('',(3.362249807396,0.4,0.34));
#6325 = SURFACE_CURVE('',#6326,(#6331,#6343),.PCURVE_S1.);
#6326 = CIRCLE('',#6327,0.162249807396);
#6327 = AXIS2_PLACEMENT_3D('',#6328,#6329,#6330);
#6328 = CARTESIAN_POINT('',(3.2,0.4,0.34));
#6329 = DIRECTION('',(0.,0.,1.));
#6330 = DIRECTION('',(1.,0.,-0.));
#6331 = PCURVE('',#6332,#6337);
#6332 = SPHERICAL_SURFACE('',#6333,0.235);
#6333 = AXIS2_PLACEMENT_3D('',#6334,#6335,#6336);
#6334 = CARTESIAN_POINT('',(3.2,0.4,0.17));
#6335 = DIRECTION('',(0.,0.,1.));
#6336 = DIRECTION('',(1.,0.,0.));
#6337 = DEFINITIONAL_REPRESENTATION('',(#6338),#6342);
#6338 = LINE('',#6339,#6340);
#6339 = CARTESIAN_POINT('',(0.,0.80872033608));
#6340 = VECTOR('',#6341,1.);
#6341 = DIRECTION('',(1.,0.));
#6342 = ( GEOMETRIC_REPRESENTATION_CONTEXT(2) 
PARAMETRIC_REPRESENTATION_CONTEXT() REPRESENTATION_CONTEXT('2D SPACE',''
  ) );
#6343 = PCURVE('',#6344,#6349);
#6344 = PLANE('',#6345);
#6345 = AXIS2_PLACEMENT_3D('',#6346,#6347,#6348);
#6346 = CARTESIAN_POINT('',(2.95,0.15,0.34));
#6347 = DIRECTION('',(0.,0.,1.));
#6348 = DIRECTION('',(1.,0.,0.));
#6349 = DEFINITIONAL_REPRESENTATION('',(#6350),#6354);
#6350 = CIRCLE('',#6351,0.162249807396);
#6351 = AXIS2_PLACEMENT_2D('',#6352,#6353);
#6352 = CARTESIAN_POINT('',(0.25,0.25));
#6353 = DIRECTION('',(1.,0.));
#6354 = ( GEOMETRIC_REPRESENTATION_CONTEXT(2) 
PARAMETRIC_REPRESENTATION_CONTEXT() REPRESENTATION_CONTEXT('2D SPACE',''
  ) );
#6355 = ORIENTED_EDGE('',*,*,#6356,.F.);
#6356 = EDGE_CURVE('',#6357,#6323,#6359,.T.);
#6357 = VERTEX_POINT('',#6358);
#6358 = CARTESIAN_POINT('',(3.362249807396,0.4,-5.551115123126E-17));
#6359 = SEAM_CURVE('',#6360,(#6365,#6372),.PCURVE_S1.);
#6360 = CIRCLE('',#6361,0.235);
#6361 = AXIS2_PLACEMENT_3D('',#6362,#6363,#6364);
#6362 = CARTESIAN_POINT('',(3.2,0.4,0.17));
#6363 = DIRECTION('',(-2.449293598295E-16,-1.,0.));
#6364 = DIRECTION('',(1.,-2.449293598295E-16,0.));
#6365 = PCURVE('',#6332,#6366);
#6366 = DEFINITIONAL_REPRESENTATION('',(#6367),#6371);
#6367 = LINE('',#6368,#6369);
#6368 = CARTESIAN_POINT('',(6.28318530718,-6.28318530718));
#6369 = VECTOR('',#6370,1.);
#6370 = DIRECTION('',(0.,1.));
#6371 = ( GEOMETRIC_REPRESENTATION_CONTEXT(2) 
PARAMETRIC_REPRESENTATION_CONTEXT() REPRESENTATION_CONTEXT('2D SPACE',''
  ) );
#6372 = PCURVE('',#6332,#6373);
#6373 = DEFINITIONAL_REPRESENTATION('',(#6374),#6378);
#6374 = LINE('',#6375,#6376);
#6375 = CARTESIAN_POINT('',(0.,-6.28318530718));
#6376 = VECTOR('',#6377,1.);
#6377 = DIRECTION('',(0.,1.));
#6378 = ( GEOMETRIC_REPRESENTATION_CONTEXT(2) 
PARAMETRIC_REPRESENTATION_CONTEXT() REPRESENTATION_CONTEXT('2D SPACE',''
  ) );
#6379 = ORIENTED_EDGE('',*,*,#6380,.T.);
#6380 = EDGE_CURVE('',#6357,#6357,#6381,.T.);
#6381 = SURFACE_CURVE('',#6382,(#6387,#6394),.PCURVE_S1.);
#6382 = CIRCLE('',#6383,0.162249807396);
#6383 = AXIS2_PLACEMENT_3D('',#6384,#6385,#6386);
#6384 = CARTESIAN_POINT('',(3.2,0.4,0.));
#6385 = DIRECTION('',(0.,0.,1.));
#6386 = DIRECTION('',(1.,0.,-0.));
#6387 = PCURVE('',#6332,#6388);
#6388 = DEFINITIONAL_REPRESENTATION('',(#6389),#6393);
#6389 = LINE('',#6390,#6391);
#6390 = CARTESIAN_POINT('',(0.,-0.80872033608));
#6391 = VECTOR('',#6392,1.);
#6392 = DIRECTION('',(1.,0.));
#6393 = ( GEOMETRIC_REPRESENTATION_CONTEXT(2) 
PARAMETRIC_REPRESENTATION_CONTEXT() REPRESENTATION_CONTEXT('2D SPACE',''
  ) );
#6394 = PCURVE('',#6395,#6400);
#6395 = PLANE('',#6396);
#6396 = AXIS2_PLACEMENT_3D('',#6397,#6398,#6399);
#6397 = CARTESIAN_POINT('',(2.95,0.15,0.));
#6398 = DIRECTION('',(0.,0.,1.));
#6399 = DIRECTION('',(1.,0.,0.));
#6400 = DEFINITIONAL_REPRESENTATION('',(#6401),#6405);
#6401 = CIRCLE('',#6402,0.162249807396);
#6402 = AXIS2_PLACEMENT_2D('',#6403,#6404);
#6403 = CARTESIAN_POINT('',(0.25,0.25));
#6404 = DIRECTION('',(1.,0.));
#6405 = ( GEOMETRIC_REPRESENTATION_CONTEXT(2) 
PARAMETRIC_REPRESENTATION_CONTEXT() REPRESENTATION_CONTEXT('2D SPACE',''
  ) );
#6406 = ORIENTED_EDGE('',*,*,#6356,.T.);
#6407 = ADVANCED_FACE('',(#6408),#6344,.T.);
#6408 = FACE_BOUND('',#6409,.T.);
#6409 = EDGE_LOOP('',(#6410));
#6410 = ORIENTED_EDGE('',*,*,#6322,.T.);
#6411 = ADVANCED_FACE('',(#6412),#6395,.F.);
#6412 = FACE_BOUND('',#6413,.F.);
#6413 = EDGE_LOOP('',(#6414));
#6414 = ORIENTED_EDGE('',*,*,#6380,.T.);
#6415 = ( GEOMETRIC_REPRESENTATION_CONTEXT(3) 
GLOBAL_UNCERTAINTY_ASSIGNED_CONTEXT((#6419)) 
GLOBAL_UNIT_ASSIGNED_CONTEXT((#6416,#6417,#6418)) REPRESENTATION_CONTEXT
('Context #1','3D Context with UNIT and UNCERTAINTY') );
#6416 = ( LENGTH_UNIT() NAMED_UNIT(*) SI_UNIT(.MILLI.,.METRE.) );
#6417 = ( NAMED_UNIT(*) PLANE_ANGLE_UNIT() SI_UNIT($,.RADIAN.) );
#6418 = ( NAMED_UNIT(*) SI_UNIT($,.STERADIAN.) SOLID_ANGLE_UNIT() );
#6419 = UNCERTAINTY_MEASURE_WITH_UNIT(LENGTH_MEASURE(1.E-07),#6416,
  'distance_accuracy_value','confusion accuracy');
#6420 = CONTEXT_DEPENDENT_SHAPE_REPRESENTATION(#6421,#6423);
#6421 = ( REPRESENTATION_RELATIONSHIP('','',#6315,#10) 
REPRESENTATION_RELATIONSHIP_WITH_TRANSFORMATION(#6422) 
SHAPE_REPRESENTATION_RELATIONSHIP() );
#6422 = ITEM_DEFINED_TRANSFORMATION('','',#11,#207);
#6423 = PRODUCT_DEFINITION_SHAPE('Placement','Placement of an item',
  #6424);
#6424 = NEXT_ASSEMBLY_USAGE_OCCURRENCE('93','Ball_H9','',#5,#6310,$);
#6425 = PRODUCT_RELATED_PRODUCT_CATEGORY('part',$,(#6312));
#6426 = SHAPE_DEFINITION_REPRESENTATION(#6427,#6433);
#6427 = PRODUCT_DEFINITION_SHAPE('','',#6428);
#6428 = PRODUCT_DEFINITION('design','',#6429,#6432);
#6429 = PRODUCT_DEFINITION_FORMATION('','',#6430);
#6430 = PRODUCT('Ball_J1','Ball_J1','',(#6431));
#6431 = PRODUCT_CONTEXT('',#2,'mechanical');
#6432 = PRODUCT_DEFINITION_CONTEXT('part definition',#2,'design');
#6433 = ADVANCED_BREP_SHAPE_REPRESENTATION('',(#11,#6434),#6533);
#6434 = MANIFOLD_SOLID_BREP('',#6435);
#6435 = CLOSED_SHELL('',(#6436,#6525,#6529));
#6436 = ADVANCED_FACE('',(#6437),#6450,.T.);
#6437 = FACE_BOUND('',#6438,.T.);
#6438 = EDGE_LOOP('',(#6439,#6473,#6497,#6524));
#6439 = ORIENTED_EDGE('',*,*,#6440,.F.);
#6440 = EDGE_CURVE('',#6441,#6441,#6443,.T.);
#6441 = VERTEX_POINT('',#6442);
#6442 = CARTESIAN_POINT('',(-3.037750192604,-0.4,0.34));
#6443 = SURFACE_CURVE('',#6444,(#6449,#6461),.PCURVE_S1.);
#6444 = CIRCLE('',#6445,0.162249807396);
#6445 = AXIS2_PLACEMENT_3D('',#6446,#6447,#6448);
#6446 = CARTESIAN_POINT('',(-3.2,-0.4,0.34));
#6447 = DIRECTION('',(0.,0.,1.));
#6448 = DIRECTION('',(1.,0.,-0.));
#6449 = PCURVE('',#6450,#6455);
#6450 = SPHERICAL_SURFACE('',#6451,0.235);
#6451 = AXIS2_PLACEMENT_3D('',#6452,#6453,#6454);
#6452 = CARTESIAN_POINT('',(-3.2,-0.4,0.17));
#6453 = DIRECTION('',(0.,0.,1.));
#6454 = DIRECTION('',(1.,0.,0.));
#6455 = DEFINITIONAL_REPRESENTATION('',(#6456),#6460);
#6456 = LINE('',#6457,#6458);
#6457 = CARTESIAN_POINT('',(0.,0.80872033608));
#6458 = VECTOR('',#6459,1.);
#6459 = DIRECTION('',(1.,0.));
#6460 = ( GEOMETRIC_REPRESENTATION_CONTEXT(2) 
PARAMETRIC_REPRESENTATION_CONTEXT() REPRESENTATION_CONTEXT('2D SPACE',''
  ) );
#6461 = PCURVE('',#6462,#6467);
#6462 = PLANE('',#6463);
#6463 = AXIS2_PLACEMENT_3D('',#6464,#6465,#6466);
#6464 = CARTESIAN_POINT('',(-3.45,-0.65,0.34));
#6465 = DIRECTION('',(0.,0.,1.));
#6466 = DIRECTION('',(1.,0.,0.));
#6467 = DEFINITIONAL_REPRESENTATION('',(#6468),#6472);
#6468 = CIRCLE('',#6469,0.162249807396);
#6469 = AXIS2_PLACEMENT_2D('',#6470,#6471);
#6470 = CARTESIAN_POINT('',(0.25,0.25));
#6471 = DIRECTION('',(1.,0.));
#6472 = ( GEOMETRIC_REPRESENTATION_CONTEXT(2) 
PARAMETRIC_REPRESENTATION_CONTEXT() REPRESENTATION_CONTEXT('2D SPACE',''
  ) );
#6473 = ORIENTED_EDGE('',*,*,#6474,.F.);
#6474 = EDGE_CURVE('',#6475,#6441,#6477,.T.);
#6475 = VERTEX_POINT('',#6476);
#6476 = CARTESIAN_POINT('',(-3.037750192604,-0.4,-5.551115123126E-17));
#6477 = SEAM_CURVE('',#6478,(#6483,#6490),.PCURVE_S1.);
#6478 = CIRCLE('',#6479,0.235);
#6479 = AXIS2_PLACEMENT_3D('',#6480,#6481,#6482);
#6480 = CARTESIAN_POINT('',(-3.2,-0.4,0.17));
#6481 = DIRECTION('',(-2.449293598295E-16,-1.,0.));
#6482 = DIRECTION('',(1.,-2.449293598295E-16,0.));
#6483 = PCURVE('',#6450,#6484);
#6484 = DEFINITIONAL_REPRESENTATION('',(#6485),#6489);
#6485 = LINE('',#6486,#6487);
#6486 = CARTESIAN_POINT('',(6.28318530718,-6.28318530718));
#6487 = VECTOR('',#6488,1.);
#6488 = DIRECTION('',(0.,1.));
#6489 = ( GEOMETRIC_REPRESENTATION_CONTEXT(2) 
PARAMETRIC_REPRESENTATION_CONTEXT() REPRESENTATION_CONTEXT('2D SPACE',''
  ) );
#6490 = PCURVE('',#6450,#6491);
#6491 = DEFINITIONAL_REPRESENTATION('',(#6492),#6496);
#6492 = LINE('',#6493,#6494);
#6493 = CARTESIAN_POINT('',(0.,-6.28318530718));
#6494 = VECTOR('',#6495,1.);
#6495 = DIRECTION('',(0.,1.));
#6496 = ( GEOMETRIC_REPRESENTATION_CONTEXT(2) 
PARAMETRIC_REPRESENTATION_CONTEXT() REPRESENTATION_CONTEXT('2D SPACE',''
  ) );
#6497 = ORIENTED_EDGE('',*,*,#6498,.T.);
#6498 = EDGE_CURVE('',#6475,#6475,#6499,.T.);
#6499 = SURFACE_CURVE('',#6500,(#6505,#6512),.PCURVE_S1.);
#6500 = CIRCLE('',#6501,0.162249807396);
#6501 = AXIS2_PLACEMENT_3D('',#6502,#6503,#6504);
#6502 = CARTESIAN_POINT('',(-3.2,-0.4,0.));
#6503 = DIRECTION('',(0.,0.,1.));
#6504 = DIRECTION('',(1.,0.,-0.));
#6505 = PCURVE('',#6450,#6506);
#6506 = DEFINITIONAL_REPRESENTATION('',(#6507),#6511);
#6507 = LINE('',#6508,#6509);
#6508 = CARTESIAN_POINT('',(0.,-0.80872033608));
#6509 = VECTOR('',#6510,1.);
#6510 = DIRECTION('',(1.,0.));
#6511 = ( GEOMETRIC_REPRESENTATION_CONTEXT(2) 
PARAMETRIC_REPRESENTATION_CONTEXT() REPRESENTATION_CONTEXT('2D SPACE',''
  ) );
#6512 = PCURVE('',#6513,#6518);
#6513 = PLANE('',#6514);
#6514 = AXIS2_PLACEMENT_3D('',#6515,#6516,#6517);
#6515 = CARTESIAN_POINT('',(-3.45,-0.65,0.));
#6516 = DIRECTION('',(0.,0.,1.));
#6517 = DIRECTION('',(1.,0.,0.));
#6518 = DEFINITIONAL_REPRESENTATION('',(#6519),#6523);
#6519 = CIRCLE('',#6520,0.162249807396);
#6520 = AXIS2_PLACEMENT_2D('',#6521,#6522);
#6521 = CARTESIAN_POINT('',(0.25,0.25));
#6522 = DIRECTION('',(1.,0.));
#6523 = ( GEOMETRIC_REPRESENTATION_CONTEXT(2) 
PARAMETRIC_REPRESENTATION_CONTEXT() REPRESENTATION_CONTEXT('2D SPACE',''
  ) );
#6524 = ORIENTED_EDGE('',*,*,#6474,.T.);
#6525 = ADVANCED_FACE('',(#6526),#6462,.T.);
#6526 = FACE_BOUND('',#6527,.T.);
#6527 = EDGE_LOOP('',(#6528));
#6528 = ORIENTED_EDGE('',*,*,#6440,.T.);
#6529 = ADVANCED_FACE('',(#6530),#6513,.F.);
#6530 = FACE_BOUND('',#6531,.F.);
#6531 = EDGE_LOOP('',(#6532));
#6532 = ORIENTED_EDGE('',*,*,#6498,.T.);
#6533 = ( GEOMETRIC_REPRESENTATION_CONTEXT(3) 
GLOBAL_UNCERTAINTY_ASSIGNED_CONTEXT((#6537)) 
GLOBAL_UNIT_ASSIGNED_CONTEXT((#6534,#6535,#6536)) REPRESENTATION_CONTEXT
('Context #1','3D Context with UNIT and UNCERTAINTY') );
#6534 = ( LENGTH_UNIT() NAMED_UNIT(*) SI_UNIT(.MILLI.,.METRE.) );
#6535 = ( NAMED_UNIT(*) PLANE_ANGLE_UNIT() SI_UNIT($,.RADIAN.) );
#6536 = ( NAMED_UNIT(*) SI_UNIT($,.STERADIAN.) SOLID_ANGLE_UNIT() );
#6537 = UNCERTAINTY_MEASURE_WITH_UNIT(LENGTH_MEASURE(1.E-07),#6534,
  'distance_accuracy_value','confusion accuracy');
#6538 = CONTEXT_DEPENDENT_SHAPE_REPRESENTATION(#6539,#6541);
#6539 = ( REPRESENTATION_RELATIONSHIP('','',#6433,#10) 
REPRESENTATION_RELATIONSHIP_WITH_TRANSFORMATION(#6540) 
SHAPE_REPRESENTATION_RELATIONSHIP() );
#6540 = ITEM_DEFINED_TRANSFORMATION('','',#11,#211);
#6541 = PRODUCT_DEFINITION_SHAPE('Placement','Placement of an item',
  #6542);
#6542 = NEXT_ASSEMBLY_USAGE_OCCURRENCE('94','Ball_J1','',#5,#6428,$);
#6543 = PRODUCT_RELATED_PRODUCT_CATEGORY('part',$,(#6430));
#6544 = SHAPE_DEFINITION_REPRESENTATION(#6545,#6551);
#6545 = PRODUCT_DEFINITION_SHAPE('','',#6546);
#6546 = PRODUCT_DEFINITION('design','',#6547,#6550);
#6547 = PRODUCT_DEFINITION_FORMATION('','',#6548);
#6548 = PRODUCT('Ball_J2','Ball_J2','',(#6549));
#6549 = PRODUCT_CONTEXT('',#2,'mechanical');
#6550 = PRODUCT_DEFINITION_CONTEXT('part definition',#2,'design');
#6551 = ADVANCED_BREP_SHAPE_REPRESENTATION('',(#11,#6552),#6651);
#6552 = MANIFOLD_SOLID_BREP('',#6553);
#6553 = CLOSED_SHELL('',(#6554,#6643,#6647));
#6554 = ADVANCED_FACE('',(#6555),#6568,.T.);
#6555 = FACE_BOUND('',#6556,.T.);
#6556 = EDGE_LOOP('',(#6557,#6591,#6615,#6642));
#6557 = ORIENTED_EDGE('',*,*,#6558,.F.);
#6558 = EDGE_CURVE('',#6559,#6559,#6561,.T.);
#6559 = VERTEX_POINT('',#6560);
#6560 = CARTESIAN_POINT('',(-2.237750192604,-0.4,0.34));
#6561 = SURFACE_CURVE('',#6562,(#6567,#6579),.PCURVE_S1.);
#6562 = CIRCLE('',#6563,0.162249807396);
#6563 = AXIS2_PLACEMENT_3D('',#6564,#6565,#6566);
#6564 = CARTESIAN_POINT('',(-2.4,-0.4,0.34));
#6565 = DIRECTION('',(0.,0.,1.));
#6566 = DIRECTION('',(1.,0.,-0.));
#6567 = PCURVE('',#6568,#6573);
#6568 = SPHERICAL_SURFACE('',#6569,0.235);
#6569 = AXIS2_PLACEMENT_3D('',#6570,#6571,#6572);
#6570 = CARTESIAN_POINT('',(-2.4,-0.4,0.17));
#6571 = DIRECTION('',(0.,0.,1.));
#6572 = DIRECTION('',(1.,0.,0.));
#6573 = DEFINITIONAL_REPRESENTATION('',(#6574),#6578);
#6574 = LINE('',#6575,#6576);
#6575 = CARTESIAN_POINT('',(0.,0.80872033608));
#6576 = VECTOR('',#6577,1.);
#6577 = DIRECTION('',(1.,0.));
#6578 = ( GEOMETRIC_REPRESENTATION_CONTEXT(2) 
PARAMETRIC_REPRESENTATION_CONTEXT() REPRESENTATION_CONTEXT('2D SPACE',''
  ) );
#6579 = PCURVE('',#6580,#6585);
#6580 = PLANE('',#6581);
#6581 = AXIS2_PLACEMENT_3D('',#6582,#6583,#6584);
#6582 = CARTESIAN_POINT('',(-2.65,-0.65,0.34));
#6583 = DIRECTION('',(0.,0.,1.));
#6584 = DIRECTION('',(1.,0.,0.));
#6585 = DEFINITIONAL_REPRESENTATION('',(#6586),#6590);
#6586 = CIRCLE('',#6587,0.162249807396);
#6587 = AXIS2_PLACEMENT_2D('',#6588,#6589);
#6588 = CARTESIAN_POINT('',(0.25,0.25));
#6589 = DIRECTION('',(1.,0.));
#6590 = ( GEOMETRIC_REPRESENTATION_CONTEXT(2) 
PARAMETRIC_REPRESENTATION_CONTEXT() REPRESENTATION_CONTEXT('2D SPACE',''
  ) );
#6591 = ORIENTED_EDGE('',*,*,#6592,.F.);
#6592 = EDGE_CURVE('',#6593,#6559,#6595,.T.);
#6593 = VERTEX_POINT('',#6594);
#6594 = CARTESIAN_POINT('',(-2.237750192604,-0.4,-5.551115123126E-17));
#6595 = SEAM_CURVE('',#6596,(#6601,#6608),.PCURVE_S1.);
#6596 = CIRCLE('',#6597,0.235);
#6597 = AXIS2_PLACEMENT_3D('',#6598,#6599,#6600);
#6598 = CARTESIAN_POINT('',(-2.4,-0.4,0.17));
#6599 = DIRECTION('',(-2.449293598295E-16,-1.,0.));
#6600 = DIRECTION('',(1.,-2.449293598295E-16,0.));
#6601 = PCURVE('',#6568,#6602);
#6602 = DEFINITIONAL_REPRESENTATION('',(#6603),#6607);
#6603 = LINE('',#6604,#6605);
#6604 = CARTESIAN_POINT('',(6.28318530718,-6.28318530718));
#6605 = VECTOR('',#6606,1.);
#6606 = DIRECTION('',(0.,1.));
#6607 = ( GEOMETRIC_REPRESENTATION_CONTEXT(2) 
PARAMETRIC_REPRESENTATION_CONTEXT() REPRESENTATION_CONTEXT('2D SPACE',''
  ) );
#6608 = PCURVE('',#6568,#6609);
#6609 = DEFINITIONAL_REPRESENTATION('',(#6610),#6614);
#6610 = LINE('',#6611,#6612);
#6611 = CARTESIAN_POINT('',(0.,-6.28318530718));
#6612 = VECTOR('',#6613,1.);
#6613 = DIRECTION('',(0.,1.));
#6614 = ( GEOMETRIC_REPRESENTATION_CONTEXT(2) 
PARAMETRIC_REPRESENTATION_CONTEXT() REPRESENTATION_CONTEXT('2D SPACE',''
  ) );
#6615 = ORIENTED_EDGE('',*,*,#6616,.T.);
#6616 = EDGE_CURVE('',#6593,#6593,#6617,.T.);
#6617 = SURFACE_CURVE('',#6618,(#6623,#6630),.PCURVE_S1.);
#6618 = CIRCLE('',#6619,0.162249807396);
#6619 = AXIS2_PLACEMENT_3D('',#6620,#6621,#6622);
#6620 = CARTESIAN_POINT('',(-2.4,-0.4,0.));
#6621 = DIRECTION('',(0.,0.,1.));
#6622 = DIRECTION('',(1.,0.,-0.));
#6623 = PCURVE('',#6568,#6624);
#6624 = DEFINITIONAL_REPRESENTATION('',(#6625),#6629);
#6625 = LINE('',#6626,#6627);
#6626 = CARTESIAN_POINT('',(0.,-0.80872033608));
#6627 = VECTOR('',#6628,1.);
#6628 = DIRECTION('',(1.,0.));
#6629 = ( GEOMETRIC_REPRESENTATION_CONTEXT(2) 
PARAMETRIC_REPRESENTATION_CONTEXT() REPRESENTATION_CONTEXT('2D SPACE',''
  ) );
#6630 = PCURVE('',#6631,#6636);
#6631 = PLANE('',#6632);
#6632 = AXIS2_PLACEMENT_3D('',#6633,#6634,#6635);
#6633 = CARTESIAN_POINT('',(-2.65,-0.65,0.));
#6634 = DIRECTION('',(0.,0.,1.));
#6635 = DIRECTION('',(1.,0.,0.));
#6636 = DEFINITIONAL_REPRESENTATION('',(#6637),#6641);
#6637 = CIRCLE('',#6638,0.162249807396);
#6638 = AXIS2_PLACEMENT_2D('',#6639,#6640);
#6639 = CARTESIAN_POINT('',(0.25,0.25));
#6640 = DIRECTION('',(1.,0.));
#6641 = ( GEOMETRIC_REPRESENTATION_CONTEXT(2) 
PARAMETRIC_REPRESENTATION_CONTEXT() REPRESENTATION_CONTEXT('2D SPACE',''
  ) );
#6642 = ORIENTED_EDGE('',*,*,#6592,.T.);
#6643 = ADVANCED_FACE('',(#6644),#6580,.T.);
#6644 = FACE_BOUND('',#6645,.T.);
#6645 = EDGE_LOOP('',(#6646));
#6646 = ORIENTED_EDGE('',*,*,#6558,.T.);
#6647 = ADVANCED_FACE('',(#6648),#6631,.F.);
#6648 = FACE_BOUND('',#6649,.F.);
#6649 = EDGE_LOOP('',(#6650));
#6650 = ORIENTED_EDGE('',*,*,#6616,.T.);
#6651 = ( GEOMETRIC_REPRESENTATION_CONTEXT(3) 
GLOBAL_UNCERTAINTY_ASSIGNED_CONTEXT((#6655)) 
GLOBAL_UNIT_ASSIGNED_CONTEXT((#6652,#6653,#6654)) REPRESENTATION_CONTEXT
('Context #1','3D Context with UNIT and UNCERTAINTY') );
#6652 = ( LENGTH_UNIT() NAMED_UNIT(*) SI_UNIT(.MILLI.,.METRE.) );
#6653 = ( NAMED_UNIT(*) PLANE_ANGLE_UNIT() SI_UNIT($,.RADIAN.) );
#6654 = ( NAMED_UNIT(*) SI_UNIT($,.STERADIAN.) SOLID_ANGLE_UNIT() );
#6655 = UNCERTAINTY_MEASURE_WITH_UNIT(LENGTH_MEASURE(1.E-07),#6652,
  'distance_accuracy_value','confusion accuracy');
#6656 = CONTEXT_DEPENDENT_SHAPE_REPRESENTATION(#6657,#6659);
#6657 = ( REPRESENTATION_RELATIONSHIP('','',#6551,#10) 
REPRESENTATION_RELATIONSHIP_WITH_TRANSFORMATION(#6658) 
SHAPE_REPRESENTATION_RELATIONSHIP() );
#6658 = ITEM_DEFINED_TRANSFORMATION('','',#11,#215);
#6659 = PRODUCT_DEFINITION_SHAPE('Placement','Placement of an item',
  #6660);
#6660 = NEXT_ASSEMBLY_USAGE_OCCURRENCE('95','Ball_J2','',#5,#6546,$);
#6661 = PRODUCT_RELATED_PRODUCT_CATEGORY('part',$,(#6548));
#6662 = SHAPE_DEFINITION_REPRESENTATION(#6663,#6669);
#6663 = PRODUCT_DEFINITION_SHAPE('','',#6664);
#6664 = PRODUCT_DEFINITION('design','',#6665,#6668);
#6665 = PRODUCT_DEFINITION_FORMATION('','',#6666);
#6666 = PRODUCT('Ball_J3','Ball_J3','',(#6667));
#6667 = PRODUCT_CONTEXT('',#2,'mechanical');
#6668 = PRODUCT_DEFINITION_CONTEXT('part definition',#2,'design');
#6669 = ADVANCED_BREP_SHAPE_REPRESENTATION('',(#11,#6670),#6769);
#6670 = MANIFOLD_SOLID_BREP('',#6671);
#6671 = CLOSED_SHELL('',(#6672,#6761,#6765));
#6672 = ADVANCED_FACE('',(#6673),#6686,.T.);
#6673 = FACE_BOUND('',#6674,.T.);
#6674 = EDGE_LOOP('',(#6675,#6709,#6733,#6760));
#6675 = ORIENTED_EDGE('',*,*,#6676,.F.);
#6676 = EDGE_CURVE('',#6677,#6677,#6679,.T.);
#6677 = VERTEX_POINT('',#6678);
#6678 = CARTESIAN_POINT('',(-1.437750192604,-0.4,0.34));
#6679 = SURFACE_CURVE('',#6680,(#6685,#6697),.PCURVE_S1.);
#6680 = CIRCLE('',#6681,0.162249807396);
#6681 = AXIS2_PLACEMENT_3D('',#6682,#6683,#6684);
#6682 = CARTESIAN_POINT('',(-1.6,-0.4,0.34));
#6683 = DIRECTION('',(0.,0.,1.));
#6684 = DIRECTION('',(1.,0.,-0.));
#6685 = PCURVE('',#6686,#6691);
#6686 = SPHERICAL_SURFACE('',#6687,0.235);
#6687 = AXIS2_PLACEMENT_3D('',#6688,#6689,#6690);
#6688 = CARTESIAN_POINT('',(-1.6,-0.4,0.17));
#6689 = DIRECTION('',(0.,0.,1.));
#6690 = DIRECTION('',(1.,0.,0.));
#6691 = DEFINITIONAL_REPRESENTATION('',(#6692),#6696);
#6692 = LINE('',#6693,#6694);
#6693 = CARTESIAN_POINT('',(0.,0.80872033608));
#6694 = VECTOR('',#6695,1.);
#6695 = DIRECTION('',(1.,0.));
#6696 = ( GEOMETRIC_REPRESENTATION_CONTEXT(2) 
PARAMETRIC_REPRESENTATION_CONTEXT() REPRESENTATION_CONTEXT('2D SPACE',''
  ) );
#6697 = PCURVE('',#6698,#6703);
#6698 = PLANE('',#6699);
#6699 = AXIS2_PLACEMENT_3D('',#6700,#6701,#6702);
#6700 = CARTESIAN_POINT('',(-1.85,-0.65,0.34));
#6701 = DIRECTION('',(0.,0.,1.));
#6702 = DIRECTION('',(1.,0.,0.));
#6703 = DEFINITIONAL_REPRESENTATION('',(#6704),#6708);
#6704 = CIRCLE('',#6705,0.162249807396);
#6705 = AXIS2_PLACEMENT_2D('',#6706,#6707);
#6706 = CARTESIAN_POINT('',(0.25,0.25));
#6707 = DIRECTION('',(1.,0.));
#6708 = ( GEOMETRIC_REPRESENTATION_CONTEXT(2) 
PARAMETRIC_REPRESENTATION_CONTEXT() REPRESENTATION_CONTEXT('2D SPACE',''
  ) );
#6709 = ORIENTED_EDGE('',*,*,#6710,.F.);
#6710 = EDGE_CURVE('',#6711,#6677,#6713,.T.);
#6711 = VERTEX_POINT('',#6712);
#6712 = CARTESIAN_POINT('',(-1.437750192604,-0.4,-5.551115123126E-17));
#6713 = SEAM_CURVE('',#6714,(#6719,#6726),.PCURVE_S1.);
#6714 = CIRCLE('',#6715,0.235);
#6715 = AXIS2_PLACEMENT_3D('',#6716,#6717,#6718);
#6716 = CARTESIAN_POINT('',(-1.6,-0.4,0.17));
#6717 = DIRECTION('',(-2.449293598295E-16,-1.,0.));
#6718 = DIRECTION('',(1.,-2.449293598295E-16,0.));
#6719 = PCURVE('',#6686,#6720);
#6720 = DEFINITIONAL_REPRESENTATION('',(#6721),#6725);
#6721 = LINE('',#6722,#6723);
#6722 = CARTESIAN_POINT('',(6.28318530718,-6.28318530718));
#6723 = VECTOR('',#6724,1.);
#6724 = DIRECTION('',(0.,1.));
#6725 = ( GEOMETRIC_REPRESENTATION_CONTEXT(2) 
PARAMETRIC_REPRESENTATION_CONTEXT() REPRESENTATION_CONTEXT('2D SPACE',''
  ) );
#6726 = PCURVE('',#6686,#6727);
#6727 = DEFINITIONAL_REPRESENTATION('',(#6728),#6732);
#6728 = LINE('',#6729,#6730);
#6729 = CARTESIAN_POINT('',(0.,-6.28318530718));
#6730 = VECTOR('',#6731,1.);
#6731 = DIRECTION('',(0.,1.));
#6732 = ( GEOMETRIC_REPRESENTATION_CONTEXT(2) 
PARAMETRIC_REPRESENTATION_CONTEXT() REPRESENTATION_CONTEXT('2D SPACE',''
  ) );
#6733 = ORIENTED_EDGE('',*,*,#6734,.T.);
#6734 = EDGE_CURVE('',#6711,#6711,#6735,.T.);
#6735 = SURFACE_CURVE('',#6736,(#6741,#6748),.PCURVE_S1.);
#6736 = CIRCLE('',#6737,0.162249807396);
#6737 = AXIS2_PLACEMENT_3D('',#6738,#6739,#6740);
#6738 = CARTESIAN_POINT('',(-1.6,-0.4,0.));
#6739 = DIRECTION('',(0.,0.,1.));
#6740 = DIRECTION('',(1.,0.,-0.));
#6741 = PCURVE('',#6686,#6742);
#6742 = DEFINITIONAL_REPRESENTATION('',(#6743),#6747);
#6743 = LINE('',#6744,#6745);
#6744 = CARTESIAN_POINT('',(0.,-0.80872033608));
#6745 = VECTOR('',#6746,1.);
#6746 = DIRECTION('',(1.,0.));
#6747 = ( GEOMETRIC_REPRESENTATION_CONTEXT(2) 
PARAMETRIC_REPRESENTATION_CONTEXT() REPRESENTATION_CONTEXT('2D SPACE',''
  ) );
#6748 = PCURVE('',#6749,#6754);
#6749 = PLANE('',#6750);
#6750 = AXIS2_PLACEMENT_3D('',#6751,#6752,#6753);
#6751 = CARTESIAN_POINT('',(-1.85,-0.65,0.));
#6752 = DIRECTION('',(0.,0.,1.));
#6753 = DIRECTION('',(1.,0.,0.));
#6754 = DEFINITIONAL_REPRESENTATION('',(#6755),#6759);
#6755 = CIRCLE('',#6756,0.162249807396);
#6756 = AXIS2_PLACEMENT_2D('',#6757,#6758);
#6757 = CARTESIAN_POINT('',(0.25,0.25));
#6758 = DIRECTION('',(1.,0.));
#6759 = ( GEOMETRIC_REPRESENTATION_CONTEXT(2) 
PARAMETRIC_REPRESENTATION_CONTEXT() REPRESENTATION_CONTEXT('2D SPACE',''
  ) );
#6760 = ORIENTED_EDGE('',*,*,#6710,.T.);
#6761 = ADVANCED_FACE('',(#6762),#6698,.T.);
#6762 = FACE_BOUND('',#6763,.T.);
#6763 = EDGE_LOOP('',(#6764));
#6764 = ORIENTED_EDGE('',*,*,#6676,.T.);
#6765 = ADVANCED_FACE('',(#6766),#6749,.F.);
#6766 = FACE_BOUND('',#6767,.F.);
#6767 = EDGE_LOOP('',(#6768));
#6768 = ORIENTED_EDGE('',*,*,#6734,.T.);
#6769 = ( GEOMETRIC_REPRESENTATION_CONTEXT(3) 
GLOBAL_UNCERTAINTY_ASSIGNED_CONTEXT((#6773)) 
GLOBAL_UNIT_ASSIGNED_CONTEXT((#6770,#6771,#6772)) REPRESENTATION_CONTEXT
('Context #1','3D Context with UNIT and UNCERTAINTY') );
#6770 = ( LENGTH_UNIT() NAMED_UNIT(*) SI_UNIT(.MILLI.,.METRE.) );
#6771 = ( NAMED_UNIT(*) PLANE_ANGLE_UNIT() SI_UNIT($,.RADIAN.) );
#6772 = ( NAMED_UNIT(*) SI_UNIT($,.STERADIAN.) SOLID_ANGLE_UNIT() );
#6773 = UNCERTAINTY_MEASURE_WITH_UNIT(LENGTH_MEASURE(1.E-07),#6770,
  'distance_accuracy_value','confusion accuracy');
#6774 = CONTEXT_DEPENDENT_SHAPE_REPRESENTATION(#6775,#6777);
#6775 = ( REPRESENTATION_RELATIONSHIP('','',#6669,#10) 
REPRESENTATION_RELATIONSHIP_WITH_TRANSFORMATION(#6776) 
SHAPE_REPRESENTATION_RELATIONSHIP() );
#6776 = ITEM_DEFINED_TRANSFORMATION('','',#11,#219);
#6777 = PRODUCT_DEFINITION_SHAPE('Placement','Placement of an item',
  #6778);
#6778 = NEXT_ASSEMBLY_USAGE_OCCURRENCE('96','Ball_J3','',#5,#6664,$);
#6779 = PRODUCT_RELATED_PRODUCT_CATEGORY('part',$,(#6666));
#6780 = SHAPE_DEFINITION_REPRESENTATION(#6781,#6787);
#6781 = PRODUCT_DEFINITION_SHAPE('','',#6782);
#6782 = PRODUCT_DEFINITION('design','',#6783,#6786);
#6783 = PRODUCT_DEFINITION_FORMATION('','',#6784);
#6784 = PRODUCT('Ball_J7','Ball_J7','',(#6785));
#6785 = PRODUCT_CONTEXT('',#2,'mechanical');
#6786 = PRODUCT_DEFINITION_CONTEXT('part definition',#2,'design');
#6787 = ADVANCED_BREP_SHAPE_REPRESENTATION('',(#11,#6788),#6887);
#6788 = MANIFOLD_SOLID_BREP('',#6789);
#6789 = CLOSED_SHELL('',(#6790,#6879,#6883));
#6790 = ADVANCED_FACE('',(#6791),#6804,.T.);
#6791 = FACE_BOUND('',#6792,.T.);
#6792 = EDGE_LOOP('',(#6793,#6827,#6851,#6878));
#6793 = ORIENTED_EDGE('',*,*,#6794,.F.);
#6794 = EDGE_CURVE('',#6795,#6795,#6797,.T.);
#6795 = VERTEX_POINT('',#6796);
#6796 = CARTESIAN_POINT('',(1.762249807396,-0.4,0.34));
#6797 = SURFACE_CURVE('',#6798,(#6803,#6815),.PCURVE_S1.);
#6798 = CIRCLE('',#6799,0.162249807396);
#6799 = AXIS2_PLACEMENT_3D('',#6800,#6801,#6802);
#6800 = CARTESIAN_POINT('',(1.6,-0.4,0.34));
#6801 = DIRECTION('',(0.,0.,1.));
#6802 = DIRECTION('',(1.,0.,-0.));
#6803 = PCURVE('',#6804,#6809);
#6804 = SPHERICAL_SURFACE('',#6805,0.235);
#6805 = AXIS2_PLACEMENT_3D('',#6806,#6807,#6808);
#6806 = CARTESIAN_POINT('',(1.6,-0.4,0.17));
#6807 = DIRECTION('',(0.,0.,1.));
#6808 = DIRECTION('',(1.,0.,0.));
#6809 = DEFINITIONAL_REPRESENTATION('',(#6810),#6814);
#6810 = LINE('',#6811,#6812);
#6811 = CARTESIAN_POINT('',(0.,0.80872033608));
#6812 = VECTOR('',#6813,1.);
#6813 = DIRECTION('',(1.,0.));
#6814 = ( GEOMETRIC_REPRESENTATION_CONTEXT(2) 
PARAMETRIC_REPRESENTATION_CONTEXT() REPRESENTATION_CONTEXT('2D SPACE',''
  ) );
#6815 = PCURVE('',#6816,#6821);
#6816 = PLANE('',#6817);
#6817 = AXIS2_PLACEMENT_3D('',#6818,#6819,#6820);
#6818 = CARTESIAN_POINT('',(1.35,-0.65,0.34));
#6819 = DIRECTION('',(0.,0.,1.));
#6820 = DIRECTION('',(1.,0.,0.));
#6821 = DEFINITIONAL_REPRESENTATION('',(#6822),#6826);
#6822 = CIRCLE('',#6823,0.162249807396);
#6823 = AXIS2_PLACEMENT_2D('',#6824,#6825);
#6824 = CARTESIAN_POINT('',(0.25,0.25));
#6825 = DIRECTION('',(1.,0.));
#6826 = ( GEOMETRIC_REPRESENTATION_CONTEXT(2) 
PARAMETRIC_REPRESENTATION_CONTEXT() REPRESENTATION_CONTEXT('2D SPACE',''
  ) );
#6827 = ORIENTED_EDGE('',*,*,#6828,.F.);
#6828 = EDGE_CURVE('',#6829,#6795,#6831,.T.);
#6829 = VERTEX_POINT('',#6830);
#6830 = CARTESIAN_POINT('',(1.762249807396,-0.4,-5.551115123126E-17));
#6831 = SEAM_CURVE('',#6832,(#6837,#6844),.PCURVE_S1.);
#6832 = CIRCLE('',#6833,0.235);
#6833 = AXIS2_PLACEMENT_3D('',#6834,#6835,#6836);
#6834 = CARTESIAN_POINT('',(1.6,-0.4,0.17));
#6835 = DIRECTION('',(-2.449293598295E-16,-1.,0.));
#6836 = DIRECTION('',(1.,-2.449293598295E-16,0.));
#6837 = PCURVE('',#6804,#6838);
#6838 = DEFINITIONAL_REPRESENTATION('',(#6839),#6843);
#6839 = LINE('',#6840,#6841);
#6840 = CARTESIAN_POINT('',(6.28318530718,-6.28318530718));
#6841 = VECTOR('',#6842,1.);
#6842 = DIRECTION('',(0.,1.));
#6843 = ( GEOMETRIC_REPRESENTATION_CONTEXT(2) 
PARAMETRIC_REPRESENTATION_CONTEXT() REPRESENTATION_CONTEXT('2D SPACE',''
  ) );
#6844 = PCURVE('',#6804,#6845);
#6845 = DEFINITIONAL_REPRESENTATION('',(#6846),#6850);
#6846 = LINE('',#6847,#6848);
#6847 = CARTESIAN_POINT('',(0.,-6.28318530718));
#6848 = VECTOR('',#6849,1.);
#6849 = DIRECTION('',(0.,1.));
#6850 = ( GEOMETRIC_REPRESENTATION_CONTEXT(2) 
PARAMETRIC_REPRESENTATION_CONTEXT() REPRESENTATION_CONTEXT('2D SPACE',''
  ) );
#6851 = ORIENTED_EDGE('',*,*,#6852,.T.);
#6852 = EDGE_CURVE('',#6829,#6829,#6853,.T.);
#6853 = SURFACE_CURVE('',#6854,(#6859,#6866),.PCURVE_S1.);
#6854 = CIRCLE('',#6855,0.162249807396);
#6855 = AXIS2_PLACEMENT_3D('',#6856,#6857,#6858);
#6856 = CARTESIAN_POINT('',(1.6,-0.4,0.));
#6857 = DIRECTION('',(0.,0.,1.));
#6858 = DIRECTION('',(1.,0.,-0.));
#6859 = PCURVE('',#6804,#6860);
#6860 = DEFINITIONAL_REPRESENTATION('',(#6861),#6865);
#6861 = LINE('',#6862,#6863);
#6862 = CARTESIAN_POINT('',(0.,-0.80872033608));
#6863 = VECTOR('',#6864,1.);
#6864 = DIRECTION('',(1.,0.));
#6865 = ( GEOMETRIC_REPRESENTATION_CONTEXT(2) 
PARAMETRIC_REPRESENTATION_CONTEXT() REPRESENTATION_CONTEXT('2D SPACE',''
  ) );
#6866 = PCURVE('',#6867,#6872);
#6867 = PLANE('',#6868);
#6868 = AXIS2_PLACEMENT_3D('',#6869,#6870,#6871);
#6869 = CARTESIAN_POINT('',(1.35,-0.65,0.));
#6870 = DIRECTION('',(0.,0.,1.));
#6871 = DIRECTION('',(1.,0.,0.));
#6872 = DEFINITIONAL_REPRESENTATION('',(#6873),#6877);
#6873 = CIRCLE('',#6874,0.162249807396);
#6874 = AXIS2_PLACEMENT_2D('',#6875,#6876);
#6875 = CARTESIAN_POINT('',(0.25,0.25));
#6876 = DIRECTION('',(1.,0.));
#6877 = ( GEOMETRIC_REPRESENTATION_CONTEXT(2) 
PARAMETRIC_REPRESENTATION_CONTEXT() REPRESENTATION_CONTEXT('2D SPACE',''
  ) );
#6878 = ORIENTED_EDGE('',*,*,#6828,.T.);
#6879 = ADVANCED_FACE('',(#6880),#6816,.T.);
#6880 = FACE_BOUND('',#6881,.T.);
#6881 = EDGE_LOOP('',(#6882));
#6882 = ORIENTED_EDGE('',*,*,#6794,.T.);
#6883 = ADVANCED_FACE('',(#6884),#6867,.F.);
#6884 = FACE_BOUND('',#6885,.F.);
#6885 = EDGE_LOOP('',(#6886));
#6886 = ORIENTED_EDGE('',*,*,#6852,.T.);
#6887 = ( GEOMETRIC_REPRESENTATION_CONTEXT(3) 
GLOBAL_UNCERTAINTY_ASSIGNED_CONTEXT((#6891)) 
GLOBAL_UNIT_ASSIGNED_CONTEXT((#6888,#6889,#6890)) REPRESENTATION_CONTEXT
('Context #1','3D Context with UNIT and UNCERTAINTY') );
#6888 = ( LENGTH_UNIT() NAMED_UNIT(*) SI_UNIT(.MILLI.,.METRE.) );
#6889 = ( NAMED_UNIT(*) PLANE_ANGLE_UNIT() SI_UNIT($,.RADIAN.) );
#6890 = ( NAMED_UNIT(*) SI_UNIT($,.STERADIAN.) SOLID_ANGLE_UNIT() );
#6891 = UNCERTAINTY_MEASURE_WITH_UNIT(LENGTH_MEASURE(1.E-07),#6888,
  'distance_accuracy_value','confusion accuracy');
#6892 = CONTEXT_DEPENDENT_SHAPE_REPRESENTATION(#6893,#6895);
#6893 = ( REPRESENTATION_RELATIONSHIP('','',#6787,#10) 
REPRESENTATION_RELATIONSHIP_WITH_TRANSFORMATION(#6894) 
SHAPE_REPRESENTATION_RELATIONSHIP() );
#6894 = ITEM_DEFINED_TRANSFORMATION('','',#11,#223);
#6895 = PRODUCT_DEFINITION_SHAPE('Placement','Placement of an item',
  #6896);
#6896 = NEXT_ASSEMBLY_USAGE_OCCURRENCE('97','Ball_J7','',#5,#6782,$);
#6897 = PRODUCT_RELATED_PRODUCT_CATEGORY('part',$,(#6784));
#6898 = SHAPE_DEFINITION_REPRESENTATION(#6899,#6905);
#6899 = PRODUCT_DEFINITION_SHAPE('','',#6900);
#6900 = PRODUCT_DEFINITION('design','',#6901,#6904);
#6901 = PRODUCT_DEFINITION_FORMATION('','',#6902);
#6902 = PRODUCT('Ball_J8','Ball_J8','',(#6903));
#6903 = PRODUCT_CONTEXT('',#2,'mechanical');
#6904 = PRODUCT_DEFINITION_CONTEXT('part definition',#2,'design');
#6905 = ADVANCED_BREP_SHAPE_REPRESENTATION('',(#11,#6906),#7005);
#6906 = MANIFOLD_SOLID_BREP('',#6907);
#6907 = CLOSED_SHELL('',(#6908,#6997,#7001));
#6908 = ADVANCED_FACE('',(#6909),#6922,.T.);
#6909 = FACE_BOUND('',#6910,.T.);
#6910 = EDGE_LOOP('',(#6911,#6945,#6969,#6996));
#6911 = ORIENTED_EDGE('',*,*,#6912,.F.);
#6912 = EDGE_CURVE('',#6913,#6913,#6915,.T.);
#6913 = VERTEX_POINT('',#6914);
#6914 = CARTESIAN_POINT('',(2.562249807396,-0.4,0.34));
#6915 = SURFACE_CURVE('',#6916,(#6921,#6933),.PCURVE_S1.);
#6916 = CIRCLE('',#6917,0.162249807396);
#6917 = AXIS2_PLACEMENT_3D('',#6918,#6919,#6920);
#6918 = CARTESIAN_POINT('',(2.4,-0.4,0.34));
#6919 = DIRECTION('',(0.,0.,1.));
#6920 = DIRECTION('',(1.,0.,-0.));
#6921 = PCURVE('',#6922,#6927);
#6922 = SPHERICAL_SURFACE('',#6923,0.235);
#6923 = AXIS2_PLACEMENT_3D('',#6924,#6925,#6926);
#6924 = CARTESIAN_POINT('',(2.4,-0.4,0.17));
#6925 = DIRECTION('',(0.,0.,1.));
#6926 = DIRECTION('',(1.,0.,0.));
#6927 = DEFINITIONAL_REPRESENTATION('',(#6928),#6932);
#6928 = LINE('',#6929,#6930);
#6929 = CARTESIAN_POINT('',(0.,0.80872033608));
#6930 = VECTOR('',#6931,1.);
#6931 = DIRECTION('',(1.,0.));
#6932 = ( GEOMETRIC_REPRESENTATION_CONTEXT(2) 
PARAMETRIC_REPRESENTATION_CONTEXT() REPRESENTATION_CONTEXT('2D SPACE',''
  ) );
#6933 = PCURVE('',#6934,#6939);
#6934 = PLANE('',#6935);
#6935 = AXIS2_PLACEMENT_3D('',#6936,#6937,#6938);
#6936 = CARTESIAN_POINT('',(2.15,-0.65,0.34));
#6937 = DIRECTION('',(0.,0.,1.));
#6938 = DIRECTION('',(1.,0.,0.));
#6939 = DEFINITIONAL_REPRESENTATION('',(#6940),#6944);
#6940 = CIRCLE('',#6941,0.162249807396);
#6941 = AXIS2_PLACEMENT_2D('',#6942,#6943);
#6942 = CARTESIAN_POINT('',(0.25,0.25));
#6943 = DIRECTION('',(1.,0.));
#6944 = ( GEOMETRIC_REPRESENTATION_CONTEXT(2) 
PARAMETRIC_REPRESENTATION_CONTEXT() REPRESENTATION_CONTEXT('2D SPACE',''
  ) );
#6945 = ORIENTED_EDGE('',*,*,#6946,.F.);
#6946 = EDGE_CURVE('',#6947,#6913,#6949,.T.);
#6947 = VERTEX_POINT('',#6948);
#6948 = CARTESIAN_POINT('',(2.562249807396,-0.4,-5.551115123126E-17));
#6949 = SEAM_CURVE('',#6950,(#6955,#6962),.PCURVE_S1.);
#6950 = CIRCLE('',#6951,0.235);
#6951 = AXIS2_PLACEMENT_3D('',#6952,#6953,#6954);
#6952 = CARTESIAN_POINT('',(2.4,-0.4,0.17));
#6953 = DIRECTION('',(-2.449293598295E-16,-1.,0.));
#6954 = DIRECTION('',(1.,-2.449293598295E-16,0.));
#6955 = PCURVE('',#6922,#6956);
#6956 = DEFINITIONAL_REPRESENTATION('',(#6957),#6961);
#6957 = LINE('',#6958,#6959);
#6958 = CARTESIAN_POINT('',(6.28318530718,-6.28318530718));
#6959 = VECTOR('',#6960,1.);
#6960 = DIRECTION('',(0.,1.));
#6961 = ( GEOMETRIC_REPRESENTATION_CONTEXT(2) 
PARAMETRIC_REPRESENTATION_CONTEXT() REPRESENTATION_CONTEXT('2D SPACE',''
  ) );
#6962 = PCURVE('',#6922,#6963);
#6963 = DEFINITIONAL_REPRESENTATION('',(#6964),#6968);
#6964 = LINE('',#6965,#6966);
#6965 = CARTESIAN_POINT('',(0.,-6.28318530718));
#6966 = VECTOR('',#6967,1.);
#6967 = DIRECTION('',(0.,1.));
#6968 = ( GEOMETRIC_REPRESENTATION_CONTEXT(2) 
PARAMETRIC_REPRESENTATION_CONTEXT() REPRESENTATION_CONTEXT('2D SPACE',''
  ) );
#6969 = ORIENTED_EDGE('',*,*,#6970,.T.);
#6970 = EDGE_CURVE('',#6947,#6947,#6971,.T.);
#6971 = SURFACE_CURVE('',#6972,(#6977,#6984),.PCURVE_S1.);
#6972 = CIRCLE('',#6973,0.162249807396);
#6973 = AXIS2_PLACEMENT_3D('',#6974,#6975,#6976);
#6974 = CARTESIAN_POINT('',(2.4,-0.4,0.));
#6975 = DIRECTION('',(0.,0.,1.));
#6976 = DIRECTION('',(1.,0.,-0.));
#6977 = PCURVE('',#6922,#6978);
#6978 = DEFINITIONAL_REPRESENTATION('',(#6979),#6983);
#6979 = LINE('',#6980,#6981);
#6980 = CARTESIAN_POINT('',(0.,-0.80872033608));
#6981 = VECTOR('',#6982,1.);
#6982 = DIRECTION('',(1.,0.));
#6983 = ( GEOMETRIC_REPRESENTATION_CONTEXT(2) 
PARAMETRIC_REPRESENTATION_CONTEXT() REPRESENTATION_CONTEXT('2D SPACE',''
  ) );
#6984 = PCURVE('',#6985,#6990);
#6985 = PLANE('',#6986);
#6986 = AXIS2_PLACEMENT_3D('',#6987,#6988,#6989);
#6987 = CARTESIAN_POINT('',(2.15,-0.65,0.));
#6988 = DIRECTION('',(0.,0.,1.));
#6989 = DIRECTION('',(1.,0.,0.));
#6990 = DEFINITIONAL_REPRESENTATION('',(#6991),#6995);
#6991 = CIRCLE('',#6992,0.162249807396);
#6992 = AXIS2_PLACEMENT_2D('',#6993,#6994);
#6993 = CARTESIAN_POINT('',(0.25,0.25));
#6994 = DIRECTION('',(1.,0.));
#6995 = ( GEOMETRIC_REPRESENTATION_CONTEXT(2) 
PARAMETRIC_REPRESENTATION_CONTEXT() REPRESENTATION_CONTEXT('2D SPACE',''
  ) );
#6996 = ORIENTED_EDGE('',*,*,#6946,.T.);
#6997 = ADVANCED_FACE('',(#6998),#6934,.T.);
#6998 = FACE_BOUND('',#6999,.T.);
#6999 = EDGE_LOOP('',(#7000));
#7000 = ORIENTED_EDGE('',*,*,#6912,.T.);
#7001 = ADVANCED_FACE('',(#7002),#6985,.F.);
#7002 = FACE_BOUND('',#7003,.F.);
#7003 = EDGE_LOOP('',(#7004));
#7004 = ORIENTED_EDGE('',*,*,#6970,.T.);
#7005 = ( GEOMETRIC_REPRESENTATION_CONTEXT(3) 
GLOBAL_UNCERTAINTY_ASSIGNED_CONTEXT((#7009)) 
GLOBAL_UNIT_ASSIGNED_CONTEXT((#7006,#7007,#7008)) REPRESENTATION_CONTEXT
('Context #1','3D Context with UNIT and UNCERTAINTY') );
#7006 = ( LENGTH_UNIT() NAMED_UNIT(*) SI_UNIT(.MILLI.,.METRE.) );
#7007 = ( NAMED_UNIT(*) PLANE_ANGLE_UNIT() SI_UNIT($,.RADIAN.) );
#7008 = ( NAMED_UNIT(*) SI_UNIT($,.STERADIAN.) SOLID_ANGLE_UNIT() );
#7009 = UNCERTAINTY_MEASURE_WITH_UNIT(LENGTH_MEASURE(1.E-07),#7006,
  'distance_accuracy_value','confusion accuracy');
#7010 = CONTEXT_DEPENDENT_SHAPE_REPRESENTATION(#7011,#7013);
#7011 = ( REPRESENTATION_RELATIONSHIP('','',#6905,#10) 
REPRESENTATION_RELATIONSHIP_WITH_TRANSFORMATION(#7012) 
SHAPE_REPRESENTATION_RELATIONSHIP() );
#7012 = ITEM_DEFINED_TRANSFORMATION('','',#11,#227);
#7013 = PRODUCT_DEFINITION_SHAPE('Placement','Placement of an item',
  #7014);
#7014 = NEXT_ASSEMBLY_USAGE_OCCURRENCE('98','Ball_J8','',#5,#6900,$);
#7015 = PRODUCT_RELATED_PRODUCT_CATEGORY('part',$,(#6902));
#7016 = SHAPE_DEFINITION_REPRESENTATION(#7017,#7023);
#7017 = PRODUCT_DEFINITION_SHAPE('','',#7018);
#7018 = PRODUCT_DEFINITION('design','',#7019,#7022);
#7019 = PRODUCT_DEFINITION_FORMATION('','',#7020);
#7020 = PRODUCT('Ball_J9','Ball_J9','',(#7021));
#7021 = PRODUCT_CONTEXT('',#2,'mechanical');
#7022 = PRODUCT_DEFINITION_CONTEXT('part definition',#2,'design');
#7023 = ADVANCED_BREP_SHAPE_REPRESENTATION('',(#11,#7024),#7123);
#7024 = MANIFOLD_SOLID_BREP('',#7025);
#7025 = CLOSED_SHELL('',(#7026,#7115,#7119));
#7026 = ADVANCED_FACE('',(#7027),#7040,.T.);
#7027 = FACE_BOUND('',#7028,.T.);
#7028 = EDGE_LOOP('',(#7029,#7063,#7087,#7114));
#7029 = ORIENTED_EDGE('',*,*,#7030,.F.);
#7030 = EDGE_CURVE('',#7031,#7031,#7033,.T.);
#7031 = VERTEX_POINT('',#7032);
#7032 = CARTESIAN_POINT('',(3.362249807396,-0.4,0.34));
#7033 = SURFACE_CURVE('',#7034,(#7039,#7051),.PCURVE_S1.);
#7034 = CIRCLE('',#7035,0.162249807396);
#7035 = AXIS2_PLACEMENT_3D('',#7036,#7037,#7038);
#7036 = CARTESIAN_POINT('',(3.2,-0.4,0.34));
#7037 = DIRECTION('',(0.,0.,1.));
#7038 = DIRECTION('',(1.,0.,-0.));
#7039 = PCURVE('',#7040,#7045);
#7040 = SPHERICAL_SURFACE('',#7041,0.235);
#7041 = AXIS2_PLACEMENT_3D('',#7042,#7043,#7044);
#7042 = CARTESIAN_POINT('',(3.2,-0.4,0.17));
#7043 = DIRECTION('',(0.,0.,1.));
#7044 = DIRECTION('',(1.,0.,0.));
#7045 = DEFINITIONAL_REPRESENTATION('',(#7046),#7050);
#7046 = LINE('',#7047,#7048);
#7047 = CARTESIAN_POINT('',(0.,0.80872033608));
#7048 = VECTOR('',#7049,1.);
#7049 = DIRECTION('',(1.,0.));
#7050 = ( GEOMETRIC_REPRESENTATION_CONTEXT(2) 
PARAMETRIC_REPRESENTATION_CONTEXT() REPRESENTATION_CONTEXT('2D SPACE',''
  ) );
#7051 = PCURVE('',#7052,#7057);
#7052 = PLANE('',#7053);
#7053 = AXIS2_PLACEMENT_3D('',#7054,#7055,#7056);
#7054 = CARTESIAN_POINT('',(2.95,-0.65,0.34));
#7055 = DIRECTION('',(0.,0.,1.));
#7056 = DIRECTION('',(1.,0.,0.));
#7057 = DEFINITIONAL_REPRESENTATION('',(#7058),#7062);
#7058 = CIRCLE('',#7059,0.162249807396);
#7059 = AXIS2_PLACEMENT_2D('',#7060,#7061);
#7060 = CARTESIAN_POINT('',(0.25,0.25));
#7061 = DIRECTION('',(1.,0.));
#7062 = ( GEOMETRIC_REPRESENTATION_CONTEXT(2) 
PARAMETRIC_REPRESENTATION_CONTEXT() REPRESENTATION_CONTEXT('2D SPACE',''
  ) );
#7063 = ORIENTED_EDGE('',*,*,#7064,.F.);
#7064 = EDGE_CURVE('',#7065,#7031,#7067,.T.);
#7065 = VERTEX_POINT('',#7066);
#7066 = CARTESIAN_POINT('',(3.362249807396,-0.4,-5.551115123126E-17));
#7067 = SEAM_CURVE('',#7068,(#7073,#7080),.PCURVE_S1.);
#7068 = CIRCLE('',#7069,0.235);
#7069 = AXIS2_PLACEMENT_3D('',#7070,#7071,#7072);
#7070 = CARTESIAN_POINT('',(3.2,-0.4,0.17));
#7071 = DIRECTION('',(-2.449293598295E-16,-1.,0.));
#7072 = DIRECTION('',(1.,-2.449293598295E-16,0.));
#7073 = PCURVE('',#7040,#7074);
#7074 = DEFINITIONAL_REPRESENTATION('',(#7075),#7079);
#7075 = LINE('',#7076,#7077);
#7076 = CARTESIAN_POINT('',(6.28318530718,-6.28318530718));
#7077 = VECTOR('',#7078,1.);
#7078 = DIRECTION('',(0.,1.));
#7079 = ( GEOMETRIC_REPRESENTATION_CONTEXT(2) 
PARAMETRIC_REPRESENTATION_CONTEXT() REPRESENTATION_CONTEXT('2D SPACE',''
  ) );
#7080 = PCURVE('',#7040,#7081);
#7081 = DEFINITIONAL_REPRESENTATION('',(#7082),#7086);
#7082 = LINE('',#7083,#7084);
#7083 = CARTESIAN_POINT('',(0.,-6.28318530718));
#7084 = VECTOR('',#7085,1.);
#7085 = DIRECTION('',(0.,1.));
#7086 = ( GEOMETRIC_REPRESENTATION_CONTEXT(2) 
PARAMETRIC_REPRESENTATION_CONTEXT() REPRESENTATION_CONTEXT('2D SPACE',''
  ) );
#7087 = ORIENTED_EDGE('',*,*,#7088,.T.);
#7088 = EDGE_CURVE('',#7065,#7065,#7089,.T.);
#7089 = SURFACE_CURVE('',#7090,(#7095,#7102),.PCURVE_S1.);
#7090 = CIRCLE('',#7091,0.162249807396);
#7091 = AXIS2_PLACEMENT_3D('',#7092,#7093,#7094);
#7092 = CARTESIAN_POINT('',(3.2,-0.4,0.));
#7093 = DIRECTION('',(0.,0.,1.));
#7094 = DIRECTION('',(1.,0.,-0.));
#7095 = PCURVE('',#7040,#7096);
#7096 = DEFINITIONAL_REPRESENTATION('',(#7097),#7101);
#7097 = LINE('',#7098,#7099);
#7098 = CARTESIAN_POINT('',(0.,-0.80872033608));
#7099 = VECTOR('',#7100,1.);
#7100 = DIRECTION('',(1.,0.));
#7101 = ( GEOMETRIC_REPRESENTATION_CONTEXT(2) 
PARAMETRIC_REPRESENTATION_CONTEXT() REPRESENTATION_CONTEXT('2D SPACE',''
  ) );
#7102 = PCURVE('',#7103,#7108);
#7103 = PLANE('',#7104);
#7104 = AXIS2_PLACEMENT_3D('',#7105,#7106,#7107);
#7105 = CARTESIAN_POINT('',(2.95,-0.65,0.));
#7106 = DIRECTION('',(0.,0.,1.));
#7107 = DIRECTION('',(1.,0.,0.));
#7108 = DEFINITIONAL_REPRESENTATION('',(#7109),#7113);
#7109 = CIRCLE('',#7110,0.162249807396);
#7110 = AXIS2_PLACEMENT_2D('',#7111,#7112);
#7111 = CARTESIAN_POINT('',(0.25,0.25));
#7112 = DIRECTION('',(1.,0.));
#7113 = ( GEOMETRIC_REPRESENTATION_CONTEXT(2) 
PARAMETRIC_REPRESENTATION_CONTEXT() REPRESENTATION_CONTEXT('2D SPACE',''
  ) );
#7114 = ORIENTED_EDGE('',*,*,#7064,.T.);
#7115 = ADVANCED_FACE('',(#7116),#7052,.T.);
#7116 = FACE_BOUND('',#7117,.T.);
#7117 = EDGE_LOOP('',(#7118));
#7118 = ORIENTED_EDGE('',*,*,#7030,.T.);
#7119 = ADVANCED_FACE('',(#7120),#7103,.F.);
#7120 = FACE_BOUND('',#7121,.F.);
#7121 = EDGE_LOOP('',(#7122));
#7122 = ORIENTED_EDGE('',*,*,#7088,.T.);
#7123 = ( GEOMETRIC_REPRESENTATION_CONTEXT(3) 
GLOBAL_UNCERTAINTY_ASSIGNED_CONTEXT((#7127)) 
GLOBAL_UNIT_ASSIGNED_CONTEXT((#7124,#7125,#7126)) REPRESENTATION_CONTEXT
('Context #1','3D Context with UNIT and UNCERTAINTY') );
#7124 = ( LENGTH_UNIT() NAMED_UNIT(*) SI_UNIT(.MILLI.,.METRE.) );
#7125 = ( NAMED_UNIT(*) PLANE_ANGLE_UNIT() SI_UNIT($,.RADIAN.) );
#7126 = ( NAMED_UNIT(*) SI_UNIT($,.STERADIAN.) SOLID_ANGLE_UNIT() );
#7127 = UNCERTAINTY_MEASURE_WITH_UNIT(LENGTH_MEASURE(1.E-07),#7124,
  'distance_accuracy_value','confusion accuracy');
#7128 = CONTEXT_DEPENDENT_SHAPE_REPRESENTATION(#7129,#7131);
#7129 = ( REPRESENTATION_RELATIONSHIP('','',#7023,#10) 
REPRESENTATION_RELATIONSHIP_WITH_TRANSFORMATION(#7130) 
SHAPE_REPRESENTATION_RELATIONSHIP() );
#7130 = ITEM_DEFINED_TRANSFORMATION('','',#11,#231);
#7131 = PRODUCT_DEFINITION_SHAPE('Placement','Placement of an item',
  #7132);
#7132 = NEXT_ASSEMBLY_USAGE_OCCURRENCE('99','Ball_J9','',#5,#7018,$);
#7133 = PRODUCT_RELATED_PRODUCT_CATEGORY('part',$,(#7020));
#7134 = SHAPE_DEFINITION_REPRESENTATION(#7135,#7141);
#7135 = PRODUCT_DEFINITION_SHAPE('','',#7136);
#7136 = PRODUCT_DEFINITION('design','',#7137,#7140);
#7137 = PRODUCT_DEFINITION_FORMATION('','',#7138);
#7138 = PRODUCT('Ball_K1','Ball_K1','',(#7139));
#7139 = PRODUCT_CONTEXT('',#2,'mechanical');
#7140 = PRODUCT_DEFINITION_CONTEXT('part definition',#2,'design');
#7141 = ADVANCED_BREP_SHAPE_REPRESENTATION('',(#11,#7142),#7241);
#7142 = MANIFOLD_SOLID_BREP('',#7143);
#7143 = CLOSED_SHELL('',(#7144,#7233,#7237));
#7144 = ADVANCED_FACE('',(#7145),#7158,.T.);
#7145 = FACE_BOUND('',#7146,.T.);
#7146 = EDGE_LOOP('',(#7147,#7181,#7205,#7232));
#7147 = ORIENTED_EDGE('',*,*,#7148,.F.);
#7148 = EDGE_CURVE('',#7149,#7149,#7151,.T.);
#7149 = VERTEX_POINT('',#7150);
#7150 = CARTESIAN_POINT('',(-3.037750192604,-1.2,0.34));
#7151 = SURFACE_CURVE('',#7152,(#7157,#7169),.PCURVE_S1.);
#7152 = CIRCLE('',#7153,0.162249807396);
#7153 = AXIS2_PLACEMENT_3D('',#7154,#7155,#7156);
#7154 = CARTESIAN_POINT('',(-3.2,-1.2,0.34));
#7155 = DIRECTION('',(0.,0.,1.));
#7156 = DIRECTION('',(1.,0.,-0.));
#7157 = PCURVE('',#7158,#7163);
#7158 = SPHERICAL_SURFACE('',#7159,0.235);
#7159 = AXIS2_PLACEMENT_3D('',#7160,#7161,#7162);
#7160 = CARTESIAN_POINT('',(-3.2,-1.2,0.17));
#7161 = DIRECTION('',(0.,0.,1.));
#7162 = DIRECTION('',(1.,0.,0.));
#7163 = DEFINITIONAL_REPRESENTATION('',(#7164),#7168);
#7164 = LINE('',#7165,#7166);
#7165 = CARTESIAN_POINT('',(0.,0.80872033608));
#7166 = VECTOR('',#7167,1.);
#7167 = DIRECTION('',(1.,0.));
#7168 = ( GEOMETRIC_REPRESENTATION_CONTEXT(2) 
PARAMETRIC_REPRESENTATION_CONTEXT() REPRESENTATION_CONTEXT('2D SPACE',''
  ) );
#7169 = PCURVE('',#7170,#7175);
#7170 = PLANE('',#7171);
#7171 = AXIS2_PLACEMENT_3D('',#7172,#7173,#7174);
#7172 = CARTESIAN_POINT('',(-3.45,-1.45,0.34));
#7173 = DIRECTION('',(0.,0.,1.));
#7174 = DIRECTION('',(1.,0.,0.));
#7175 = DEFINITIONAL_REPRESENTATION('',(#7176),#7180);
#7176 = CIRCLE('',#7177,0.162249807396);
#7177 = AXIS2_PLACEMENT_2D('',#7178,#7179);
#7178 = CARTESIAN_POINT('',(0.25,0.25));
#7179 = DIRECTION('',(1.,0.));
#7180 = ( GEOMETRIC_REPRESENTATION_CONTEXT(2) 
PARAMETRIC_REPRESENTATION_CONTEXT() REPRESENTATION_CONTEXT('2D SPACE',''
  ) );
#7181 = ORIENTED_EDGE('',*,*,#7182,.F.);
#7182 = EDGE_CURVE('',#7183,#7149,#7185,.T.);
#7183 = VERTEX_POINT('',#7184);
#7184 = CARTESIAN_POINT('',(-3.037750192604,-1.2,-5.551115123126E-17));
#7185 = SEAM_CURVE('',#7186,(#7191,#7198),.PCURVE_S1.);
#7186 = CIRCLE('',#7187,0.235);
#7187 = AXIS2_PLACEMENT_3D('',#7188,#7189,#7190);
#7188 = CARTESIAN_POINT('',(-3.2,-1.2,0.17));
#7189 = DIRECTION('',(-2.449293598295E-16,-1.,0.));
#7190 = DIRECTION('',(1.,-2.449293598295E-16,0.));
#7191 = PCURVE('',#7158,#7192);
#7192 = DEFINITIONAL_REPRESENTATION('',(#7193),#7197);
#7193 = LINE('',#7194,#7195);
#7194 = CARTESIAN_POINT('',(6.28318530718,-6.28318530718));
#7195 = VECTOR('',#7196,1.);
#7196 = DIRECTION('',(0.,1.));
#7197 = ( GEOMETRIC_REPRESENTATION_CONTEXT(2) 
PARAMETRIC_REPRESENTATION_CONTEXT() REPRESENTATION_CONTEXT('2D SPACE',''
  ) );
#7198 = PCURVE('',#7158,#7199);
#7199 = DEFINITIONAL_REPRESENTATION('',(#7200),#7204);
#7200 = LINE('',#7201,#7202);
#7201 = CARTESIAN_POINT('',(0.,-6.28318530718));
#7202 = VECTOR('',#7203,1.);
#7203 = DIRECTION('',(0.,1.));
#7204 = ( GEOMETRIC_REPRESENTATION_CONTEXT(2) 
PARAMETRIC_REPRESENTATION_CONTEXT() REPRESENTATION_CONTEXT('2D SPACE',''
  ) );
#7205 = ORIENTED_EDGE('',*,*,#7206,.T.);
#7206 = EDGE_CURVE('',#7183,#7183,#7207,.T.);
#7207 = SURFACE_CURVE('',#7208,(#7213,#7220),.PCURVE_S1.);
#7208 = CIRCLE('',#7209,0.162249807396);
#7209 = AXIS2_PLACEMENT_3D('',#7210,#7211,#7212);
#7210 = CARTESIAN_POINT('',(-3.2,-1.2,0.));
#7211 = DIRECTION('',(0.,0.,1.));
#7212 = DIRECTION('',(1.,0.,-0.));
#7213 = PCURVE('',#7158,#7214);
#7214 = DEFINITIONAL_REPRESENTATION('',(#7215),#7219);
#7215 = LINE('',#7216,#7217);
#7216 = CARTESIAN_POINT('',(0.,-0.80872033608));
#7217 = VECTOR('',#7218,1.);
#7218 = DIRECTION('',(1.,0.));
#7219 = ( GEOMETRIC_REPRESENTATION_CONTEXT(2) 
PARAMETRIC_REPRESENTATION_CONTEXT() REPRESENTATION_CONTEXT('2D SPACE',''
  ) );
#7220 = PCURVE('',#7221,#7226);
#7221 = PLANE('',#7222);
#7222 = AXIS2_PLACEMENT_3D('',#7223,#7224,#7225);
#7223 = CARTESIAN_POINT('',(-3.45,-1.45,0.));
#7224 = DIRECTION('',(0.,0.,1.));
#7225 = DIRECTION('',(1.,0.,0.));
#7226 = DEFINITIONAL_REPRESENTATION('',(#7227),#7231);
#7227 = CIRCLE('',#7228,0.162249807396);
#7228 = AXIS2_PLACEMENT_2D('',#7229,#7230);
#7229 = CARTESIAN_POINT('',(0.25,0.25));
#7230 = DIRECTION('',(1.,0.));
#7231 = ( GEOMETRIC_REPRESENTATION_CONTEXT(2) 
PARAMETRIC_REPRESENTATION_CONTEXT() REPRESENTATION_CONTEXT('2D SPACE',''
  ) );
#7232 = ORIENTED_EDGE('',*,*,#7182,.T.);
#7233 = ADVANCED_FACE('',(#7234),#7170,.T.);
#7234 = FACE_BOUND('',#7235,.T.);
#7235 = EDGE_LOOP('',(#7236));
#7236 = ORIENTED_EDGE('',*,*,#7148,.T.);
#7237 = ADVANCED_FACE('',(#7238),#7221,.F.);
#7238 = FACE_BOUND('',#7239,.F.);
#7239 = EDGE_LOOP('',(#7240));
#7240 = ORIENTED_EDGE('',*,*,#7206,.T.);
#7241 = ( GEOMETRIC_REPRESENTATION_CONTEXT(3) 
GLOBAL_UNCERTAINTY_ASSIGNED_CONTEXT((#7245)) 
GLOBAL_UNIT_ASSIGNED_CONTEXT((#7242,#7243,#7244)) REPRESENTATION_CONTEXT
('Context #1','3D Context with UNIT and UNCERTAINTY') );
#7242 = ( LENGTH_UNIT() NAMED_UNIT(*) SI_UNIT(.MILLI.,.METRE.) );
#7243 = ( NAMED_UNIT(*) PLANE_ANGLE_UNIT() SI_UNIT($,.RADIAN.) );
#7244 = ( NAMED_UNIT(*) SI_UNIT($,.STERADIAN.) SOLID_ANGLE_UNIT() );
#7245 = UNCERTAINTY_MEASURE_WITH_UNIT(LENGTH_MEASURE(1.E-07),#7242,
  'distance_accuracy_value','confusion accuracy');
#7246 = CONTEXT_DEPENDENT_SHAPE_REPRESENTATION(#7247,#7249);
#7247 = ( REPRESENTATION_RELATIONSHIP('','',#7141,#10) 
REPRESENTATION_RELATIONSHIP_WITH_TRANSFORMATION(#7248) 
SHAPE_REPRESENTATION_RELATIONSHIP() );
#7248 = ITEM_DEFINED_TRANSFORMATION('','',#11,#235);
#7249 = PRODUCT_DEFINITION_SHAPE('Placement','Placement of an item',
  #7250);
#7250 = NEXT_ASSEMBLY_USAGE_OCCURRENCE('100','Ball_K1','',#5,#7136,$);
#7251 = PRODUCT_RELATED_PRODUCT_CATEGORY('part',$,(#7138));
#7252 = SHAPE_DEFINITION_REPRESENTATION(#7253,#7259);
#7253 = PRODUCT_DEFINITION_SHAPE('','',#7254);
#7254 = PRODUCT_DEFINITION('design','',#7255,#7258);
#7255 = PRODUCT_DEFINITION_FORMATION('','',#7256);
#7256 = PRODUCT('Ball_K2','Ball_K2','',(#7257));
#7257 = PRODUCT_CONTEXT('',#2,'mechanical');
#7258 = PRODUCT_DEFINITION_CONTEXT('part definition',#2,'design');
#7259 = ADVANCED_BREP_SHAPE_REPRESENTATION('',(#11,#7260),#7359);
#7260 = MANIFOLD_SOLID_BREP('',#7261);
#7261 = CLOSED_SHELL('',(#7262,#7351,#7355));
#7262 = ADVANCED_FACE('',(#7263),#7276,.T.);
#7263 = FACE_BOUND('',#7264,.T.);
#7264 = EDGE_LOOP('',(#7265,#7299,#7323,#7350));
#7265 = ORIENTED_EDGE('',*,*,#7266,.F.);
#7266 = EDGE_CURVE('',#7267,#7267,#7269,.T.);
#7267 = VERTEX_POINT('',#7268);
#7268 = CARTESIAN_POINT('',(-2.237750192604,-1.2,0.34));
#7269 = SURFACE_CURVE('',#7270,(#7275,#7287),.PCURVE_S1.);
#7270 = CIRCLE('',#7271,0.162249807396);
#7271 = AXIS2_PLACEMENT_3D('',#7272,#7273,#7274);
#7272 = CARTESIAN_POINT('',(-2.4,-1.2,0.34));
#7273 = DIRECTION('',(0.,0.,1.));
#7274 = DIRECTION('',(1.,0.,-0.));
#7275 = PCURVE('',#7276,#7281);
#7276 = SPHERICAL_SURFACE('',#7277,0.235);
#7277 = AXIS2_PLACEMENT_3D('',#7278,#7279,#7280);
#7278 = CARTESIAN_POINT('',(-2.4,-1.2,0.17));
#7279 = DIRECTION('',(0.,0.,1.));
#7280 = DIRECTION('',(1.,0.,0.));
#7281 = DEFINITIONAL_REPRESENTATION('',(#7282),#7286);
#7282 = LINE('',#7283,#7284);
#7283 = CARTESIAN_POINT('',(0.,0.80872033608));
#7284 = VECTOR('',#7285,1.);
#7285 = DIRECTION('',(1.,0.));
#7286 = ( GEOMETRIC_REPRESENTATION_CONTEXT(2) 
PARAMETRIC_REPRESENTATION_CONTEXT() REPRESENTATION_CONTEXT('2D SPACE',''
  ) );
#7287 = PCURVE('',#7288,#7293);
#7288 = PLANE('',#7289);
#7289 = AXIS2_PLACEMENT_3D('',#7290,#7291,#7292);
#7290 = CARTESIAN_POINT('',(-2.65,-1.45,0.34));
#7291 = DIRECTION('',(0.,0.,1.));
#7292 = DIRECTION('',(1.,0.,0.));
#7293 = DEFINITIONAL_REPRESENTATION('',(#7294),#7298);
#7294 = CIRCLE('',#7295,0.162249807396);
#7295 = AXIS2_PLACEMENT_2D('',#7296,#7297);
#7296 = CARTESIAN_POINT('',(0.25,0.25));
#7297 = DIRECTION('',(1.,0.));
#7298 = ( GEOMETRIC_REPRESENTATION_CONTEXT(2) 
PARAMETRIC_REPRESENTATION_CONTEXT() REPRESENTATION_CONTEXT('2D SPACE',''
  ) );
#7299 = ORIENTED_EDGE('',*,*,#7300,.F.);
#7300 = EDGE_CURVE('',#7301,#7267,#7303,.T.);
#7301 = VERTEX_POINT('',#7302);
#7302 = CARTESIAN_POINT('',(-2.237750192604,-1.2,-5.551115123126E-17));
#7303 = SEAM_CURVE('',#7304,(#7309,#7316),.PCURVE_S1.);
#7304 = CIRCLE('',#7305,0.235);
#7305 = AXIS2_PLACEMENT_3D('',#7306,#7307,#7308);
#7306 = CARTESIAN_POINT('',(-2.4,-1.2,0.17));
#7307 = DIRECTION('',(-2.449293598295E-16,-1.,0.));
#7308 = DIRECTION('',(1.,-2.449293598295E-16,0.));
#7309 = PCURVE('',#7276,#7310);
#7310 = DEFINITIONAL_REPRESENTATION('',(#7311),#7315);
#7311 = LINE('',#7312,#7313);
#7312 = CARTESIAN_POINT('',(6.28318530718,-6.28318530718));
#7313 = VECTOR('',#7314,1.);
#7314 = DIRECTION('',(0.,1.));
#7315 = ( GEOMETRIC_REPRESENTATION_CONTEXT(2) 
PARAMETRIC_REPRESENTATION_CONTEXT() REPRESENTATION_CONTEXT('2D SPACE',''
  ) );
#7316 = PCURVE('',#7276,#7317);
#7317 = DEFINITIONAL_REPRESENTATION('',(#7318),#7322);
#7318 = LINE('',#7319,#7320);
#7319 = CARTESIAN_POINT('',(0.,-6.28318530718));
#7320 = VECTOR('',#7321,1.);
#7321 = DIRECTION('',(0.,1.));
#7322 = ( GEOMETRIC_REPRESENTATION_CONTEXT(2) 
PARAMETRIC_REPRESENTATION_CONTEXT() REPRESENTATION_CONTEXT('2D SPACE',''
  ) );
#7323 = ORIENTED_EDGE('',*,*,#7324,.T.);
#7324 = EDGE_CURVE('',#7301,#7301,#7325,.T.);
#7325 = SURFACE_CURVE('',#7326,(#7331,#7338),.PCURVE_S1.);
#7326 = CIRCLE('',#7327,0.162249807396);
#7327 = AXIS2_PLACEMENT_3D('',#7328,#7329,#7330);
#7328 = CARTESIAN_POINT('',(-2.4,-1.2,0.));
#7329 = DIRECTION('',(0.,0.,1.));
#7330 = DIRECTION('',(1.,0.,-0.));
#7331 = PCURVE('',#7276,#7332);
#7332 = DEFINITIONAL_REPRESENTATION('',(#7333),#7337);
#7333 = LINE('',#7334,#7335);
#7334 = CARTESIAN_POINT('',(0.,-0.80872033608));
#7335 = VECTOR('',#7336,1.);
#7336 = DIRECTION('',(1.,0.));
#7337 = ( GEOMETRIC_REPRESENTATION_CONTEXT(2) 
PARAMETRIC_REPRESENTATION_CONTEXT() REPRESENTATION_CONTEXT('2D SPACE',''
  ) );
#7338 = PCURVE('',#7339,#7344);
#7339 = PLANE('',#7340);
#7340 = AXIS2_PLACEMENT_3D('',#7341,#7342,#7343);
#7341 = CARTESIAN_POINT('',(-2.65,-1.45,0.));
#7342 = DIRECTION('',(0.,0.,1.));
#7343 = DIRECTION('',(1.,0.,0.));
#7344 = DEFINITIONAL_REPRESENTATION('',(#7345),#7349);
#7345 = CIRCLE('',#7346,0.162249807396);
#7346 = AXIS2_PLACEMENT_2D('',#7347,#7348);
#7347 = CARTESIAN_POINT('',(0.25,0.25));
#7348 = DIRECTION('',(1.,0.));
#7349 = ( GEOMETRIC_REPRESENTATION_CONTEXT(2) 
PARAMETRIC_REPRESENTATION_CONTEXT() REPRESENTATION_CONTEXT('2D SPACE',''
  ) );
#7350 = ORIENTED_EDGE('',*,*,#7300,.T.);
#7351 = ADVANCED_FACE('',(#7352),#7288,.T.);
#7352 = FACE_BOUND('',#7353,.T.);
#7353 = EDGE_LOOP('',(#7354));
#7354 = ORIENTED_EDGE('',*,*,#7266,.T.);
#7355 = ADVANCED_FACE('',(#7356),#7339,.F.);
#7356 = FACE_BOUND('',#7357,.F.);
#7357 = EDGE_LOOP('',(#7358));
#7358 = ORIENTED_EDGE('',*,*,#7324,.T.);
#7359 = ( GEOMETRIC_REPRESENTATION_CONTEXT(3) 
GLOBAL_UNCERTAINTY_ASSIGNED_CONTEXT((#7363)) 
GLOBAL_UNIT_ASSIGNED_CONTEXT((#7360,#7361,#7362)) REPRESENTATION_CONTEXT
('Context #1','3D Context with UNIT and UNCERTAINTY') );
#7360 = ( LENGTH_UNIT() NAMED_UNIT(*) SI_UNIT(.MILLI.,.METRE.) );
#7361 = ( NAMED_UNIT(*) PLANE_ANGLE_UNIT() SI_UNIT($,.RADIAN.) );
#7362 = ( NAMED_UNIT(*) SI_UNIT($,.STERADIAN.) SOLID_ANGLE_UNIT() );
#7363 = UNCERTAINTY_MEASURE_WITH_UNIT(LENGTH_MEASURE(1.E-07),#7360,
  'distance_accuracy_value','confusion accuracy');
#7364 = CONTEXT_DEPENDENT_SHAPE_REPRESENTATION(#7365,#7367);
#7365 = ( REPRESENTATION_RELATIONSHIP('','',#7259,#10) 
REPRESENTATION_RELATIONSHIP_WITH_TRANSFORMATION(#7366) 
SHAPE_REPRESENTATION_RELATIONSHIP() );
#7366 = ITEM_DEFINED_TRANSFORMATION('','',#11,#239);
#7367 = PRODUCT_DEFINITION_SHAPE('Placement','Placement of an item',
  #7368);
#7368 = NEXT_ASSEMBLY_USAGE_OCCURRENCE('101','Ball_K2','',#5,#7254,$);
#7369 = PRODUCT_RELATED_PRODUCT_CATEGORY('part',$,(#7256));
#7370 = SHAPE_DEFINITION_REPRESENTATION(#7371,#7377);
#7371 = PRODUCT_DEFINITION_SHAPE('','',#7372);
#7372 = PRODUCT_DEFINITION('design','',#7373,#7376);
#7373 = PRODUCT_DEFINITION_FORMATION('','',#7374);
#7374 = PRODUCT('Ball_K3','Ball_K3','',(#7375));
#7375 = PRODUCT_CONTEXT('',#2,'mechanical');
#7376 = PRODUCT_DEFINITION_CONTEXT('part definition',#2,'design');
#7377 = ADVANCED_BREP_SHAPE_REPRESENTATION('',(#11,#7378),#7477);
#7378 = MANIFOLD_SOLID_BREP('',#7379);
#7379 = CLOSED_SHELL('',(#7380,#7469,#7473));
#7380 = ADVANCED_FACE('',(#7381),#7394,.T.);
#7381 = FACE_BOUND('',#7382,.T.);
#7382 = EDGE_LOOP('',(#7383,#7417,#7441,#7468));
#7383 = ORIENTED_EDGE('',*,*,#7384,.F.);
#7384 = EDGE_CURVE('',#7385,#7385,#7387,.T.);
#7385 = VERTEX_POINT('',#7386);
#7386 = CARTESIAN_POINT('',(-1.437750192604,-1.2,0.34));
#7387 = SURFACE_CURVE('',#7388,(#7393,#7405),.PCURVE_S1.);
#7388 = CIRCLE('',#7389,0.162249807396);
#7389 = AXIS2_PLACEMENT_3D('',#7390,#7391,#7392);
#7390 = CARTESIAN_POINT('',(-1.6,-1.2,0.34));
#7391 = DIRECTION('',(0.,0.,1.));
#7392 = DIRECTION('',(1.,0.,-0.));
#7393 = PCURVE('',#7394,#7399);
#7394 = SPHERICAL_SURFACE('',#7395,0.235);
#7395 = AXIS2_PLACEMENT_3D('',#7396,#7397,#7398);
#7396 = CARTESIAN_POINT('',(-1.6,-1.2,0.17));
#7397 = DIRECTION('',(0.,0.,1.));
#7398 = DIRECTION('',(1.,0.,0.));
#7399 = DEFINITIONAL_REPRESENTATION('',(#7400),#7404);
#7400 = LINE('',#7401,#7402);
#7401 = CARTESIAN_POINT('',(0.,0.80872033608));
#7402 = VECTOR('',#7403,1.);
#7403 = DIRECTION('',(1.,0.));
#7404 = ( GEOMETRIC_REPRESENTATION_CONTEXT(2) 
PARAMETRIC_REPRESENTATION_CONTEXT() REPRESENTATION_CONTEXT('2D SPACE',''
  ) );
#7405 = PCURVE('',#7406,#7411);
#7406 = PLANE('',#7407);
#7407 = AXIS2_PLACEMENT_3D('',#7408,#7409,#7410);
#7408 = CARTESIAN_POINT('',(-1.85,-1.45,0.34));
#7409 = DIRECTION('',(0.,0.,1.));
#7410 = DIRECTION('',(1.,0.,0.));
#7411 = DEFINITIONAL_REPRESENTATION('',(#7412),#7416);
#7412 = CIRCLE('',#7413,0.162249807396);
#7413 = AXIS2_PLACEMENT_2D('',#7414,#7415);
#7414 = CARTESIAN_POINT('',(0.25,0.25));
#7415 = DIRECTION('',(1.,0.));
#7416 = ( GEOMETRIC_REPRESENTATION_CONTEXT(2) 
PARAMETRIC_REPRESENTATION_CONTEXT() REPRESENTATION_CONTEXT('2D SPACE',''
  ) );
#7417 = ORIENTED_EDGE('',*,*,#7418,.F.);
#7418 = EDGE_CURVE('',#7419,#7385,#7421,.T.);
#7419 = VERTEX_POINT('',#7420);
#7420 = CARTESIAN_POINT('',(-1.437750192604,-1.2,-5.551115123126E-17));
#7421 = SEAM_CURVE('',#7422,(#7427,#7434),.PCURVE_S1.);
#7422 = CIRCLE('',#7423,0.235);
#7423 = AXIS2_PLACEMENT_3D('',#7424,#7425,#7426);
#7424 = CARTESIAN_POINT('',(-1.6,-1.2,0.17));
#7425 = DIRECTION('',(-2.449293598295E-16,-1.,0.));
#7426 = DIRECTION('',(1.,-2.449293598295E-16,0.));
#7427 = PCURVE('',#7394,#7428);
#7428 = DEFINITIONAL_REPRESENTATION('',(#7429),#7433);
#7429 = LINE('',#7430,#7431);
#7430 = CARTESIAN_POINT('',(6.28318530718,-6.28318530718));
#7431 = VECTOR('',#7432,1.);
#7432 = DIRECTION('',(0.,1.));
#7433 = ( GEOMETRIC_REPRESENTATION_CONTEXT(2) 
PARAMETRIC_REPRESENTATION_CONTEXT() REPRESENTATION_CONTEXT('2D SPACE',''
  ) );
#7434 = PCURVE('',#7394,#7435);
#7435 = DEFINITIONAL_REPRESENTATION('',(#7436),#7440);
#7436 = LINE('',#7437,#7438);
#7437 = CARTESIAN_POINT('',(0.,-6.28318530718));
#7438 = VECTOR('',#7439,1.);
#7439 = DIRECTION('',(0.,1.));
#7440 = ( GEOMETRIC_REPRESENTATION_CONTEXT(2) 
PARAMETRIC_REPRESENTATION_CONTEXT() REPRESENTATION_CONTEXT('2D SPACE',''
  ) );
#7441 = ORIENTED_EDGE('',*,*,#7442,.T.);
#7442 = EDGE_CURVE('',#7419,#7419,#7443,.T.);
#7443 = SURFACE_CURVE('',#7444,(#7449,#7456),.PCURVE_S1.);
#7444 = CIRCLE('',#7445,0.162249807396);
#7445 = AXIS2_PLACEMENT_3D('',#7446,#7447,#7448);
#7446 = CARTESIAN_POINT('',(-1.6,-1.2,0.));
#7447 = DIRECTION('',(0.,0.,1.));
#7448 = DIRECTION('',(1.,0.,-0.));
#7449 = PCURVE('',#7394,#7450);
#7450 = DEFINITIONAL_REPRESENTATION('',(#7451),#7455);
#7451 = LINE('',#7452,#7453);
#7452 = CARTESIAN_POINT('',(0.,-0.80872033608));
#7453 = VECTOR('',#7454,1.);
#7454 = DIRECTION('',(1.,0.));
#7455 = ( GEOMETRIC_REPRESENTATION_CONTEXT(2) 
PARAMETRIC_REPRESENTATION_CONTEXT() REPRESENTATION_CONTEXT('2D SPACE',''
  ) );
#7456 = PCURVE('',#7457,#7462);
#7457 = PLANE('',#7458);
#7458 = AXIS2_PLACEMENT_3D('',#7459,#7460,#7461);
#7459 = CARTESIAN_POINT('',(-1.85,-1.45,0.));
#7460 = DIRECTION('',(0.,0.,1.));
#7461 = DIRECTION('',(1.,0.,0.));
#7462 = DEFINITIONAL_REPRESENTATION('',(#7463),#7467);
#7463 = CIRCLE('',#7464,0.162249807396);
#7464 = AXIS2_PLACEMENT_2D('',#7465,#7466);
#7465 = CARTESIAN_POINT('',(0.25,0.25));
#7466 = DIRECTION('',(1.,0.));
#7467 = ( GEOMETRIC_REPRESENTATION_CONTEXT(2) 
PARAMETRIC_REPRESENTATION_CONTEXT() REPRESENTATION_CONTEXT('2D SPACE',''
  ) );
#7468 = ORIENTED_EDGE('',*,*,#7418,.T.);
#7469 = ADVANCED_FACE('',(#7470),#7406,.T.);
#7470 = FACE_BOUND('',#7471,.T.);
#7471 = EDGE_LOOP('',(#7472));
#7472 = ORIENTED_EDGE('',*,*,#7384,.T.);
#7473 = ADVANCED_FACE('',(#7474),#7457,.F.);
#7474 = FACE_BOUND('',#7475,.F.);
#7475 = EDGE_LOOP('',(#7476));
#7476 = ORIENTED_EDGE('',*,*,#7442,.T.);
#7477 = ( GEOMETRIC_REPRESENTATION_CONTEXT(3) 
GLOBAL_UNCERTAINTY_ASSIGNED_CONTEXT((#7481)) 
GLOBAL_UNIT_ASSIGNED_CONTEXT((#7478,#7479,#7480)) REPRESENTATION_CONTEXT
('Context #1','3D Context with UNIT and UNCERTAINTY') );
#7478 = ( LENGTH_UNIT() NAMED_UNIT(*) SI_UNIT(.MILLI.,.METRE.) );
#7479 = ( NAMED_UNIT(*) PLANE_ANGLE_UNIT() SI_UNIT($,.RADIAN.) );
#7480 = ( NAMED_UNIT(*) SI_UNIT($,.STERADIAN.) SOLID_ANGLE_UNIT() );
#7481 = UNCERTAINTY_MEASURE_WITH_UNIT(LENGTH_MEASURE(1.E-07),#7478,
  'distance_accuracy_value','confusion accuracy');
#7482 = CONTEXT_DEPENDENT_SHAPE_REPRESENTATION(#7483,#7485);
#7483 = ( REPRESENTATION_RELATIONSHIP('','',#7377,#10) 
REPRESENTATION_RELATIONSHIP_WITH_TRANSFORMATION(#7484) 
SHAPE_REPRESENTATION_RELATIONSHIP() );
#7484 = ITEM_DEFINED_TRANSFORMATION('','',#11,#243);
#7485 = PRODUCT_DEFINITION_SHAPE('Placement','Placement of an item',
  #7486);
#7486 = NEXT_ASSEMBLY_USAGE_OCCURRENCE('102','Ball_K3','',#5,#7372,$);
#7487 = PRODUCT_RELATED_PRODUCT_CATEGORY('part',$,(#7374));
#7488 = SHAPE_DEFINITION_REPRESENTATION(#7489,#7495);
#7489 = PRODUCT_DEFINITION_SHAPE('','',#7490);
#7490 = PRODUCT_DEFINITION('design','',#7491,#7494);
#7491 = PRODUCT_DEFINITION_FORMATION('','',#7492);
#7492 = PRODUCT('Ball_K7','Ball_K7','',(#7493));
#7493 = PRODUCT_CONTEXT('',#2,'mechanical');
#7494 = PRODUCT_DEFINITION_CONTEXT('part definition',#2,'design');
#7495 = ADVANCED_BREP_SHAPE_REPRESENTATION('',(#11,#7496),#7595);
#7496 = MANIFOLD_SOLID_BREP('',#7497);
#7497 = CLOSED_SHELL('',(#7498,#7587,#7591));
#7498 = ADVANCED_FACE('',(#7499),#7512,.T.);
#7499 = FACE_BOUND('',#7500,.T.);
#7500 = EDGE_LOOP('',(#7501,#7535,#7559,#7586));
#7501 = ORIENTED_EDGE('',*,*,#7502,.F.);
#7502 = EDGE_CURVE('',#7503,#7503,#7505,.T.);
#7503 = VERTEX_POINT('',#7504);
#7504 = CARTESIAN_POINT('',(1.762249807396,-1.2,0.34));
#7505 = SURFACE_CURVE('',#7506,(#7511,#7523),.PCURVE_S1.);
#7506 = CIRCLE('',#7507,0.162249807396);
#7507 = AXIS2_PLACEMENT_3D('',#7508,#7509,#7510);
#7508 = CARTESIAN_POINT('',(1.6,-1.2,0.34));
#7509 = DIRECTION('',(0.,0.,1.));
#7510 = DIRECTION('',(1.,0.,-0.));
#7511 = PCURVE('',#7512,#7517);
#7512 = SPHERICAL_SURFACE('',#7513,0.235);
#7513 = AXIS2_PLACEMENT_3D('',#7514,#7515,#7516);
#7514 = CARTESIAN_POINT('',(1.6,-1.2,0.17));
#7515 = DIRECTION('',(0.,0.,1.));
#7516 = DIRECTION('',(1.,0.,0.));
#7517 = DEFINITIONAL_REPRESENTATION('',(#7518),#7522);
#7518 = LINE('',#7519,#7520);
#7519 = CARTESIAN_POINT('',(0.,0.80872033608));
#7520 = VECTOR('',#7521,1.);
#7521 = DIRECTION('',(1.,0.));
#7522 = ( GEOMETRIC_REPRESENTATION_CONTEXT(2) 
PARAMETRIC_REPRESENTATION_CONTEXT() REPRESENTATION_CONTEXT('2D SPACE',''
  ) );
#7523 = PCURVE('',#7524,#7529);
#7524 = PLANE('',#7525);
#7525 = AXIS2_PLACEMENT_3D('',#7526,#7527,#7528);
#7526 = CARTESIAN_POINT('',(1.35,-1.45,0.34));
#7527 = DIRECTION('',(0.,0.,1.));
#7528 = DIRECTION('',(1.,0.,0.));
#7529 = DEFINITIONAL_REPRESENTATION('',(#7530),#7534);
#7530 = CIRCLE('',#7531,0.162249807396);
#7531 = AXIS2_PLACEMENT_2D('',#7532,#7533);
#7532 = CARTESIAN_POINT('',(0.25,0.25));
#7533 = DIRECTION('',(1.,0.));
#7534 = ( GEOMETRIC_REPRESENTATION_CONTEXT(2) 
PARAMETRIC_REPRESENTATION_CONTEXT() REPRESENTATION_CONTEXT('2D SPACE',''
  ) );
#7535 = ORIENTED_EDGE('',*,*,#7536,.F.);
#7536 = EDGE_CURVE('',#7537,#7503,#7539,.T.);
#7537 = VERTEX_POINT('',#7538);
#7538 = CARTESIAN_POINT('',(1.762249807396,-1.2,-5.551115123126E-17));
#7539 = SEAM_CURVE('',#7540,(#7545,#7552),.PCURVE_S1.);
#7540 = CIRCLE('',#7541,0.235);
#7541 = AXIS2_PLACEMENT_3D('',#7542,#7543,#7544);
#7542 = CARTESIAN_POINT('',(1.6,-1.2,0.17));
#7543 = DIRECTION('',(-2.449293598295E-16,-1.,0.));
#7544 = DIRECTION('',(1.,-2.449293598295E-16,0.));
#7545 = PCURVE('',#7512,#7546);
#7546 = DEFINITIONAL_REPRESENTATION('',(#7547),#7551);
#7547 = LINE('',#7548,#7549);
#7548 = CARTESIAN_POINT('',(6.28318530718,-6.28318530718));
#7549 = VECTOR('',#7550,1.);
#7550 = DIRECTION('',(0.,1.));
#7551 = ( GEOMETRIC_REPRESENTATION_CONTEXT(2) 
PARAMETRIC_REPRESENTATION_CONTEXT() REPRESENTATION_CONTEXT('2D SPACE',''
  ) );
#7552 = PCURVE('',#7512,#7553);
#7553 = DEFINITIONAL_REPRESENTATION('',(#7554),#7558);
#7554 = LINE('',#7555,#7556);
#7555 = CARTESIAN_POINT('',(0.,-6.28318530718));
#7556 = VECTOR('',#7557,1.);
#7557 = DIRECTION('',(0.,1.));
#7558 = ( GEOMETRIC_REPRESENTATION_CONTEXT(2) 
PARAMETRIC_REPRESENTATION_CONTEXT() REPRESENTATION_CONTEXT('2D SPACE',''
  ) );
#7559 = ORIENTED_EDGE('',*,*,#7560,.T.);
#7560 = EDGE_CURVE('',#7537,#7537,#7561,.T.);
#7561 = SURFACE_CURVE('',#7562,(#7567,#7574),.PCURVE_S1.);
#7562 = CIRCLE('',#7563,0.162249807396);
#7563 = AXIS2_PLACEMENT_3D('',#7564,#7565,#7566);
#7564 = CARTESIAN_POINT('',(1.6,-1.2,0.));
#7565 = DIRECTION('',(0.,0.,1.));
#7566 = DIRECTION('',(1.,0.,-0.));
#7567 = PCURVE('',#7512,#7568);
#7568 = DEFINITIONAL_REPRESENTATION('',(#7569),#7573);
#7569 = LINE('',#7570,#7571);
#7570 = CARTESIAN_POINT('',(0.,-0.80872033608));
#7571 = VECTOR('',#7572,1.);
#7572 = DIRECTION('',(1.,0.));
#7573 = ( GEOMETRIC_REPRESENTATION_CONTEXT(2) 
PARAMETRIC_REPRESENTATION_CONTEXT() REPRESENTATION_CONTEXT('2D SPACE',''
  ) );
#7574 = PCURVE('',#7575,#7580);
#7575 = PLANE('',#7576);
#7576 = AXIS2_PLACEMENT_3D('',#7577,#7578,#7579);
#7577 = CARTESIAN_POINT('',(1.35,-1.45,0.));
#7578 = DIRECTION('',(0.,0.,1.));
#7579 = DIRECTION('',(1.,0.,0.));
#7580 = DEFINITIONAL_REPRESENTATION('',(#7581),#7585);
#7581 = CIRCLE('',#7582,0.162249807396);
#7582 = AXIS2_PLACEMENT_2D('',#7583,#7584);
#7583 = CARTESIAN_POINT('',(0.25,0.25));
#7584 = DIRECTION('',(1.,0.));
#7585 = ( GEOMETRIC_REPRESENTATION_CONTEXT(2) 
PARAMETRIC_REPRESENTATION_CONTEXT() REPRESENTATION_CONTEXT('2D SPACE',''
  ) );
#7586 = ORIENTED_EDGE('',*,*,#7536,.T.);
#7587 = ADVANCED_FACE('',(#7588),#7524,.T.);
#7588 = FACE_BOUND('',#7589,.T.);
#7589 = EDGE_LOOP('',(#7590));
#7590 = ORIENTED_EDGE('',*,*,#7502,.T.);
#7591 = ADVANCED_FACE('',(#7592),#7575,.F.);
#7592 = FACE_BOUND('',#7593,.F.);
#7593 = EDGE_LOOP('',(#7594));
#7594 = ORIENTED_EDGE('',*,*,#7560,.T.);
#7595 = ( GEOMETRIC_REPRESENTATION_CONTEXT(3) 
GLOBAL_UNCERTAINTY_ASSIGNED_CONTEXT((#7599)) 
GLOBAL_UNIT_ASSIGNED_CONTEXT((#7596,#7597,#7598)) REPRESENTATION_CONTEXT
('Context #1','3D Context with UNIT and UNCERTAINTY') );
#7596 = ( LENGTH_UNIT() NAMED_UNIT(*) SI_UNIT(.MILLI.,.METRE.) );
#7597 = ( NAMED_UNIT(*) PLANE_ANGLE_UNIT() SI_UNIT($,.RADIAN.) );
#7598 = ( NAMED_UNIT(*) SI_UNIT($,.STERADIAN.) SOLID_ANGLE_UNIT() );
#7599 = UNCERTAINTY_MEASURE_WITH_UNIT(LENGTH_MEASURE(1.E-07),#7596,
  'distance_accuracy_value','confusion accuracy');
#7600 = CONTEXT_DEPENDENT_SHAPE_REPRESENTATION(#7601,#7603);
#7601 = ( REPRESENTATION_RELATIONSHIP('','',#7495,#10) 
REPRESENTATION_RELATIONSHIP_WITH_TRANSFORMATION(#7602) 
SHAPE_REPRESENTATION_RELATIONSHIP() );
#7602 = ITEM_DEFINED_TRANSFORMATION('','',#11,#247);
#7603 = PRODUCT_DEFINITION_SHAPE('Placement','Placement of an item',
  #7604);
#7604 = NEXT_ASSEMBLY_USAGE_OCCURRENCE('103','Ball_K7','',#5,#7490,$);
#7605 = PRODUCT_RELATED_PRODUCT_CATEGORY('part',$,(#7492));
#7606 = SHAPE_DEFINITION_REPRESENTATION(#7607,#7613);
#7607 = PRODUCT_DEFINITION_SHAPE('','',#7608);
#7608 = PRODUCT_DEFINITION('design','',#7609,#7612);
#7609 = PRODUCT_DEFINITION_FORMATION('','',#7610);
#7610 = PRODUCT('Ball_K8','Ball_K8','',(#7611));
#7611 = PRODUCT_CONTEXT('',#2,'mechanical');
#7612 = PRODUCT_DEFINITION_CONTEXT('part definition',#2,'design');
#7613 = ADVANCED_BREP_SHAPE_REPRESENTATION('',(#11,#7614),#7713);
#7614 = MANIFOLD_SOLID_BREP('',#7615);
#7615 = CLOSED_SHELL('',(#7616,#7705,#7709));
#7616 = ADVANCED_FACE('',(#7617),#7630,.T.);
#7617 = FACE_BOUND('',#7618,.T.);
#7618 = EDGE_LOOP('',(#7619,#7653,#7677,#7704));
#7619 = ORIENTED_EDGE('',*,*,#7620,.F.);
#7620 = EDGE_CURVE('',#7621,#7621,#7623,.T.);
#7621 = VERTEX_POINT('',#7622);
#7622 = CARTESIAN_POINT('',(2.562249807396,-1.2,0.34));
#7623 = SURFACE_CURVE('',#7624,(#7629,#7641),.PCURVE_S1.);
#7624 = CIRCLE('',#7625,0.162249807396);
#7625 = AXIS2_PLACEMENT_3D('',#7626,#7627,#7628);
#7626 = CARTESIAN_POINT('',(2.4,-1.2,0.34));
#7627 = DIRECTION('',(0.,0.,1.));
#7628 = DIRECTION('',(1.,0.,-0.));
#7629 = PCURVE('',#7630,#7635);
#7630 = SPHERICAL_SURFACE('',#7631,0.235);
#7631 = AXIS2_PLACEMENT_3D('',#7632,#7633,#7634);
#7632 = CARTESIAN_POINT('',(2.4,-1.2,0.17));
#7633 = DIRECTION('',(0.,0.,1.));
#7634 = DIRECTION('',(1.,0.,0.));
#7635 = DEFINITIONAL_REPRESENTATION('',(#7636),#7640);
#7636 = LINE('',#7637,#7638);
#7637 = CARTESIAN_POINT('',(0.,0.80872033608));
#7638 = VECTOR('',#7639,1.);
#7639 = DIRECTION('',(1.,0.));
#7640 = ( GEOMETRIC_REPRESENTATION_CONTEXT(2) 
PARAMETRIC_REPRESENTATION_CONTEXT() REPRESENTATION_CONTEXT('2D SPACE',''
  ) );
#7641 = PCURVE('',#7642,#7647);
#7642 = PLANE('',#7643);
#7643 = AXIS2_PLACEMENT_3D('',#7644,#7645,#7646);
#7644 = CARTESIAN_POINT('',(2.15,-1.45,0.34));
#7645 = DIRECTION('',(0.,0.,1.));
#7646 = DIRECTION('',(1.,0.,0.));
#7647 = DEFINITIONAL_REPRESENTATION('',(#7648),#7652);
#7648 = CIRCLE('',#7649,0.162249807396);
#7649 = AXIS2_PLACEMENT_2D('',#7650,#7651);
#7650 = CARTESIAN_POINT('',(0.25,0.25));
#7651 = DIRECTION('',(1.,0.));
#7652 = ( GEOMETRIC_REPRESENTATION_CONTEXT(2) 
PARAMETRIC_REPRESENTATION_CONTEXT() REPRESENTATION_CONTEXT('2D SPACE',''
  ) );
#7653 = ORIENTED_EDGE('',*,*,#7654,.F.);
#7654 = EDGE_CURVE('',#7655,#7621,#7657,.T.);
#7655 = VERTEX_POINT('',#7656);
#7656 = CARTESIAN_POINT('',(2.562249807396,-1.2,-5.551115123126E-17));
#7657 = SEAM_CURVE('',#7658,(#7663,#7670),.PCURVE_S1.);
#7658 = CIRCLE('',#7659,0.235);
#7659 = AXIS2_PLACEMENT_3D('',#7660,#7661,#7662);
#7660 = CARTESIAN_POINT('',(2.4,-1.2,0.17));
#7661 = DIRECTION('',(-2.449293598295E-16,-1.,0.));
#7662 = DIRECTION('',(1.,-2.449293598295E-16,0.));
#7663 = PCURVE('',#7630,#7664);
#7664 = DEFINITIONAL_REPRESENTATION('',(#7665),#7669);
#7665 = LINE('',#7666,#7667);
#7666 = CARTESIAN_POINT('',(6.28318530718,-6.28318530718));
#7667 = VECTOR('',#7668,1.);
#7668 = DIRECTION('',(0.,1.));
#7669 = ( GEOMETRIC_REPRESENTATION_CONTEXT(2) 
PARAMETRIC_REPRESENTATION_CONTEXT() REPRESENTATION_CONTEXT('2D SPACE',''
  ) );
#7670 = PCURVE('',#7630,#7671);
#7671 = DEFINITIONAL_REPRESENTATION('',(#7672),#7676);
#7672 = LINE('',#7673,#7674);
#7673 = CARTESIAN_POINT('',(0.,-6.28318530718));
#7674 = VECTOR('',#7675,1.);
#7675 = DIRECTION('',(0.,1.));
#7676 = ( GEOMETRIC_REPRESENTATION_CONTEXT(2) 
PARAMETRIC_REPRESENTATION_CONTEXT() REPRESENTATION_CONTEXT('2D SPACE',''
  ) );
#7677 = ORIENTED_EDGE('',*,*,#7678,.T.);
#7678 = EDGE_CURVE('',#7655,#7655,#7679,.T.);
#7679 = SURFACE_CURVE('',#7680,(#7685,#7692),.PCURVE_S1.);
#7680 = CIRCLE('',#7681,0.162249807396);
#7681 = AXIS2_PLACEMENT_3D('',#7682,#7683,#7684);
#7682 = CARTESIAN_POINT('',(2.4,-1.2,0.));
#7683 = DIRECTION('',(0.,0.,1.));
#7684 = DIRECTION('',(1.,0.,-0.));
#7685 = PCURVE('',#7630,#7686);
#7686 = DEFINITIONAL_REPRESENTATION('',(#7687),#7691);
#7687 = LINE('',#7688,#7689);
#7688 = CARTESIAN_POINT('',(0.,-0.80872033608));
#7689 = VECTOR('',#7690,1.);
#7690 = DIRECTION('',(1.,0.));
#7691 = ( GEOMETRIC_REPRESENTATION_CONTEXT(2) 
PARAMETRIC_REPRESENTATION_CONTEXT() REPRESENTATION_CONTEXT('2D SPACE',''
  ) );
#7692 = PCURVE('',#7693,#7698);
#7693 = PLANE('',#7694);
#7694 = AXIS2_PLACEMENT_3D('',#7695,#7696,#7697);
#7695 = CARTESIAN_POINT('',(2.15,-1.45,0.));
#7696 = DIRECTION('',(0.,0.,1.));
#7697 = DIRECTION('',(1.,0.,0.));
#7698 = DEFINITIONAL_REPRESENTATION('',(#7699),#7703);
#7699 = CIRCLE('',#7700,0.162249807396);
#7700 = AXIS2_PLACEMENT_2D('',#7701,#7702);
#7701 = CARTESIAN_POINT('',(0.25,0.25));
#7702 = DIRECTION('',(1.,0.));
#7703 = ( GEOMETRIC_REPRESENTATION_CONTEXT(2) 
PARAMETRIC_REPRESENTATION_CONTEXT() REPRESENTATION_CONTEXT('2D SPACE',''
  ) );
#7704 = ORIENTED_EDGE('',*,*,#7654,.T.);
#7705 = ADVANCED_FACE('',(#7706),#7642,.T.);
#7706 = FACE_BOUND('',#7707,.T.);
#7707 = EDGE_LOOP('',(#7708));
#7708 = ORIENTED_EDGE('',*,*,#7620,.T.);
#7709 = ADVANCED_FACE('',(#7710),#7693,.F.);
#7710 = FACE_BOUND('',#7711,.F.);
#7711 = EDGE_LOOP('',(#7712));
#7712 = ORIENTED_EDGE('',*,*,#7678,.T.);
#7713 = ( GEOMETRIC_REPRESENTATION_CONTEXT(3) 
GLOBAL_UNCERTAINTY_ASSIGNED_CONTEXT((#7717)) 
GLOBAL_UNIT_ASSIGNED_CONTEXT((#7714,#7715,#7716)) REPRESENTATION_CONTEXT
('Context #1','3D Context with UNIT and UNCERTAINTY') );
#7714 = ( LENGTH_UNIT() NAMED_UNIT(*) SI_UNIT(.MILLI.,.METRE.) );
#7715 = ( NAMED_UNIT(*) PLANE_ANGLE_UNIT() SI_UNIT($,.RADIAN.) );
#7716 = ( NAMED_UNIT(*) SI_UNIT($,.STERADIAN.) SOLID_ANGLE_UNIT() );
#7717 = UNCERTAINTY_MEASURE_WITH_UNIT(LENGTH_MEASURE(1.E-07),#7714,
  'distance_accuracy_value','confusion accuracy');
#7718 = CONTEXT_DEPENDENT_SHAPE_REPRESENTATION(#7719,#7721);
#7719 = ( REPRESENTATION_RELATIONSHIP('','',#7613,#10) 
REPRESENTATION_RELATIONSHIP_WITH_TRANSFORMATION(#7720) 
SHAPE_REPRESENTATION_RELATIONSHIP() );
#7720 = ITEM_DEFINED_TRANSFORMATION('','',#11,#251);
#7721 = PRODUCT_DEFINITION_SHAPE('Placement','Placement of an item',
  #7722);
#7722 = NEXT_ASSEMBLY_USAGE_OCCURRENCE('104','Ball_K8','',#5,#7608,$);
#7723 = PRODUCT_RELATED_PRODUCT_CATEGORY('part',$,(#7610));
#7724 = SHAPE_DEFINITION_REPRESENTATION(#7725,#7731);
#7725 = PRODUCT_DEFINITION_SHAPE('','',#7726);
#7726 = PRODUCT_DEFINITION('design','',#7727,#7730);
#7727 = PRODUCT_DEFINITION_FORMATION('','',#7728);
#7728 = PRODUCT('Ball_K9','Ball_K9','',(#7729));
#7729 = PRODUCT_CONTEXT('',#2,'mechanical');
#7730 = PRODUCT_DEFINITION_CONTEXT('part definition',#2,'design');
#7731 = ADVANCED_BREP_SHAPE_REPRESENTATION('',(#11,#7732),#7831);
#7732 = MANIFOLD_SOLID_BREP('',#7733);
#7733 = CLOSED_SHELL('',(#7734,#7823,#7827));
#7734 = ADVANCED_FACE('',(#7735),#7748,.T.);
#7735 = FACE_BOUND('',#7736,.T.);
#7736 = EDGE_LOOP('',(#7737,#7771,#7795,#7822));
#7737 = ORIENTED_EDGE('',*,*,#7738,.F.);
#7738 = EDGE_CURVE('',#7739,#7739,#7741,.T.);
#7739 = VERTEX_POINT('',#7740);
#7740 = CARTESIAN_POINT('',(3.362249807396,-1.2,0.34));
#7741 = SURFACE_CURVE('',#7742,(#7747,#7759),.PCURVE_S1.);
#7742 = CIRCLE('',#7743,0.162249807396);
#7743 = AXIS2_PLACEMENT_3D('',#7744,#7745,#7746);
#7744 = CARTESIAN_POINT('',(3.2,-1.2,0.34));
#7745 = DIRECTION('',(0.,0.,1.));
#7746 = DIRECTION('',(1.,0.,-0.));
#7747 = PCURVE('',#7748,#7753);
#7748 = SPHERICAL_SURFACE('',#7749,0.235);
#7749 = AXIS2_PLACEMENT_3D('',#7750,#7751,#7752);
#7750 = CARTESIAN_POINT('',(3.2,-1.2,0.17));
#7751 = DIRECTION('',(0.,0.,1.));
#7752 = DIRECTION('',(1.,0.,0.));
#7753 = DEFINITIONAL_REPRESENTATION('',(#7754),#7758);
#7754 = LINE('',#7755,#7756);
#7755 = CARTESIAN_POINT('',(0.,0.80872033608));
#7756 = VECTOR('',#7757,1.);
#7757 = DIRECTION('',(1.,0.));
#7758 = ( GEOMETRIC_REPRESENTATION_CONTEXT(2) 
PARAMETRIC_REPRESENTATION_CONTEXT() REPRESENTATION_CONTEXT('2D SPACE',''
  ) );
#7759 = PCURVE('',#7760,#7765);
#7760 = PLANE('',#7761);
#7761 = AXIS2_PLACEMENT_3D('',#7762,#7763,#7764);
#7762 = CARTESIAN_POINT('',(2.95,-1.45,0.34));
#7763 = DIRECTION('',(0.,0.,1.));
#7764 = DIRECTION('',(1.,0.,0.));
#7765 = DEFINITIONAL_REPRESENTATION('',(#7766),#7770);
#7766 = CIRCLE('',#7767,0.162249807396);
#7767 = AXIS2_PLACEMENT_2D('',#7768,#7769);
#7768 = CARTESIAN_POINT('',(0.25,0.25));
#7769 = DIRECTION('',(1.,0.));
#7770 = ( GEOMETRIC_REPRESENTATION_CONTEXT(2) 
PARAMETRIC_REPRESENTATION_CONTEXT() REPRESENTATION_CONTEXT('2D SPACE',''
  ) );
#7771 = ORIENTED_EDGE('',*,*,#7772,.F.);
#7772 = EDGE_CURVE('',#7773,#7739,#7775,.T.);
#7773 = VERTEX_POINT('',#7774);
#7774 = CARTESIAN_POINT('',(3.362249807396,-1.2,-5.551115123126E-17));
#7775 = SEAM_CURVE('',#7776,(#7781,#7788),.PCURVE_S1.);
#7776 = CIRCLE('',#7777,0.235);
#7777 = AXIS2_PLACEMENT_3D('',#7778,#7779,#7780);
#7778 = CARTESIAN_POINT('',(3.2,-1.2,0.17));
#7779 = DIRECTION('',(-2.449293598295E-16,-1.,0.));
#7780 = DIRECTION('',(1.,-2.449293598295E-16,0.));
#7781 = PCURVE('',#7748,#7782);
#7782 = DEFINITIONAL_REPRESENTATION('',(#7783),#7787);
#7783 = LINE('',#7784,#7785);
#7784 = CARTESIAN_POINT('',(6.28318530718,-6.28318530718));
#7785 = VECTOR('',#7786,1.);
#7786 = DIRECTION('',(0.,1.));
#7787 = ( GEOMETRIC_REPRESENTATION_CONTEXT(2) 
PARAMETRIC_REPRESENTATION_CONTEXT() REPRESENTATION_CONTEXT('2D SPACE',''
  ) );
#7788 = PCURVE('',#7748,#7789);
#7789 = DEFINITIONAL_REPRESENTATION('',(#7790),#7794);
#7790 = LINE('',#7791,#7792);
#7791 = CARTESIAN_POINT('',(0.,-6.28318530718));
#7792 = VECTOR('',#7793,1.);
#7793 = DIRECTION('',(0.,1.));
#7794 = ( GEOMETRIC_REPRESENTATION_CONTEXT(2) 
PARAMETRIC_REPRESENTATION_CONTEXT() REPRESENTATION_CONTEXT('2D SPACE',''
  ) );
#7795 = ORIENTED_EDGE('',*,*,#7796,.T.);
#7796 = EDGE_CURVE('',#7773,#7773,#7797,.T.);
#7797 = SURFACE_CURVE('',#7798,(#7803,#7810),.PCURVE_S1.);
#7798 = CIRCLE('',#7799,0.162249807396);
#7799 = AXIS2_PLACEMENT_3D('',#7800,#7801,#7802);
#7800 = CARTESIAN_POINT('',(3.2,-1.2,0.));
#7801 = DIRECTION('',(0.,0.,1.));
#7802 = DIRECTION('',(1.,0.,-0.));
#7803 = PCURVE('',#7748,#7804);
#7804 = DEFINITIONAL_REPRESENTATION('',(#7805),#7809);
#7805 = LINE('',#7806,#7807);
#7806 = CARTESIAN_POINT('',(0.,-0.80872033608));
#7807 = VECTOR('',#7808,1.);
#7808 = DIRECTION('',(1.,0.));
#7809 = ( GEOMETRIC_REPRESENTATION_CONTEXT(2) 
PARAMETRIC_REPRESENTATION_CONTEXT() REPRESENTATION_CONTEXT('2D SPACE',''
  ) );
#7810 = PCURVE('',#7811,#7816);
#7811 = PLANE('',#7812);
#7812 = AXIS2_PLACEMENT_3D('',#7813,#7814,#7815);
#7813 = CARTESIAN_POINT('',(2.95,-1.45,0.));
#7814 = DIRECTION('',(0.,0.,1.));
#7815 = DIRECTION('',(1.,0.,0.));
#7816 = DEFINITIONAL_REPRESENTATION('',(#7817),#7821);
#7817 = CIRCLE('',#7818,0.162249807396);
#7818 = AXIS2_PLACEMENT_2D('',#7819,#7820);
#7819 = CARTESIAN_POINT('',(0.25,0.25));
#7820 = DIRECTION('',(1.,0.));
#7821 = ( GEOMETRIC_REPRESENTATION_CONTEXT(2) 
PARAMETRIC_REPRESENTATION_CONTEXT() REPRESENTATION_CONTEXT('2D SPACE',''
  ) );
#7822 = ORIENTED_EDGE('',*,*,#7772,.T.);
#7823 = ADVANCED_FACE('',(#7824),#7760,.T.);
#7824 = FACE_BOUND('',#7825,.T.);
#7825 = EDGE_LOOP('',(#7826));
#7826 = ORIENTED_EDGE('',*,*,#7738,.T.);
#7827 = ADVANCED_FACE('',(#7828),#7811,.F.);
#7828 = FACE_BOUND('',#7829,.F.);
#7829 = EDGE_LOOP('',(#7830));
#7830 = ORIENTED_EDGE('',*,*,#7796,.T.);
#7831 = ( GEOMETRIC_REPRESENTATION_CONTEXT(3) 
GLOBAL_UNCERTAINTY_ASSIGNED_CONTEXT((#7835)) 
GLOBAL_UNIT_ASSIGNED_CONTEXT((#7832,#7833,#7834)) REPRESENTATION_CONTEXT
('Context #1','3D Context with UNIT and UNCERTAINTY') );
#7832 = ( LENGTH_UNIT() NAMED_UNIT(*) SI_UNIT(.MILLI.,.METRE.) );
#7833 = ( NAMED_UNIT(*) PLANE_ANGLE_UNIT() SI_UNIT($,.RADIAN.) );
#7834 = ( NAMED_UNIT(*) SI_UNIT($,.STERADIAN.) SOLID_ANGLE_UNIT() );
#7835 = UNCERTAINTY_MEASURE_WITH_UNIT(LENGTH_MEASURE(1.E-07),#7832,
  'distance_accuracy_value','confusion accuracy');
#7836 = CONTEXT_DEPENDENT_SHAPE_REPRESENTATION(#7837,#7839);
#7837 = ( REPRESENTATION_RELATIONSHIP('','',#7731,#10) 
REPRESENTATION_RELATIONSHIP_WITH_TRANSFORMATION(#7838) 
SHAPE_REPRESENTATION_RELATIONSHIP() );
#7838 = ITEM_DEFINED_TRANSFORMATION('','',#11,#255);
#7839 = PRODUCT_DEFINITION_SHAPE('Placement','Placement of an item',
  #7840);
#7840 = NEXT_ASSEMBLY_USAGE_OCCURRENCE('105','Ball_K9','',#5,#7726,$);
#7841 = PRODUCT_RELATED_PRODUCT_CATEGORY('part',$,(#7728));
#7842 = SHAPE_DEFINITION_REPRESENTATION(#7843,#7849);
#7843 = PRODUCT_DEFINITION_SHAPE('','',#7844);
#7844 = PRODUCT_DEFINITION('design','',#7845,#7848);
#7845 = PRODUCT_DEFINITION_FORMATION('','',#7846);
#7846 = PRODUCT('Ball_L1','Ball_L1','',(#7847));
#7847 = PRODUCT_CONTEXT('',#2,'mechanical');
#7848 = PRODUCT_DEFINITION_CONTEXT('part definition',#2,'design');
#7849 = ADVANCED_BREP_SHAPE_REPRESENTATION('',(#11,#7850),#7949);
#7850 = MANIFOLD_SOLID_BREP('',#7851);
#7851 = CLOSED_SHELL('',(#7852,#7941,#7945));
#7852 = ADVANCED_FACE('',(#7853),#7866,.T.);
#7853 = FACE_BOUND('',#7854,.T.);
#7854 = EDGE_LOOP('',(#7855,#7889,#7913,#7940));
#7855 = ORIENTED_EDGE('',*,*,#7856,.F.);
#7856 = EDGE_CURVE('',#7857,#7857,#7859,.T.);
#7857 = VERTEX_POINT('',#7858);
#7858 = CARTESIAN_POINT('',(-3.037750192604,-2.,0.34));
#7859 = SURFACE_CURVE('',#7860,(#7865,#7877),.PCURVE_S1.);
#7860 = CIRCLE('',#7861,0.162249807396);
#7861 = AXIS2_PLACEMENT_3D('',#7862,#7863,#7864);
#7862 = CARTESIAN_POINT('',(-3.2,-2.,0.34));
#7863 = DIRECTION('',(0.,0.,1.));
#7864 = DIRECTION('',(1.,0.,-0.));
#7865 = PCURVE('',#7866,#7871);
#7866 = SPHERICAL_SURFACE('',#7867,0.235);
#7867 = AXIS2_PLACEMENT_3D('',#7868,#7869,#7870);
#7868 = CARTESIAN_POINT('',(-3.2,-2.,0.17));
#7869 = DIRECTION('',(0.,0.,1.));
#7870 = DIRECTION('',(1.,0.,0.));
#7871 = DEFINITIONAL_REPRESENTATION('',(#7872),#7876);
#7872 = LINE('',#7873,#7874);
#7873 = CARTESIAN_POINT('',(0.,0.80872033608));
#7874 = VECTOR('',#7875,1.);
#7875 = DIRECTION('',(1.,0.));
#7876 = ( GEOMETRIC_REPRESENTATION_CONTEXT(2) 
PARAMETRIC_REPRESENTATION_CONTEXT() REPRESENTATION_CONTEXT('2D SPACE',''
  ) );
#7877 = PCURVE('',#7878,#7883);
#7878 = PLANE('',#7879);
#7879 = AXIS2_PLACEMENT_3D('',#7880,#7881,#7882);
#7880 = CARTESIAN_POINT('',(-3.45,-2.25,0.34));
#7881 = DIRECTION('',(0.,0.,1.));
#7882 = DIRECTION('',(1.,0.,0.));
#7883 = DEFINITIONAL_REPRESENTATION('',(#7884),#7888);
#7884 = CIRCLE('',#7885,0.162249807396);
#7885 = AXIS2_PLACEMENT_2D('',#7886,#7887);
#7886 = CARTESIAN_POINT('',(0.25,0.25));
#7887 = DIRECTION('',(1.,0.));
#7888 = ( GEOMETRIC_REPRESENTATION_CONTEXT(2) 
PARAMETRIC_REPRESENTATION_CONTEXT() REPRESENTATION_CONTEXT('2D SPACE',''
  ) );
#7889 = ORIENTED_EDGE('',*,*,#7890,.F.);
#7890 = EDGE_CURVE('',#7891,#7857,#7893,.T.);
#7891 = VERTEX_POINT('',#7892);
#7892 = CARTESIAN_POINT('',(-3.037750192604,-2.,-5.551115123126E-17));
#7893 = SEAM_CURVE('',#7894,(#7899,#7906),.PCURVE_S1.);
#7894 = CIRCLE('',#7895,0.235);
#7895 = AXIS2_PLACEMENT_3D('',#7896,#7897,#7898);
#7896 = CARTESIAN_POINT('',(-3.2,-2.,0.17));
#7897 = DIRECTION('',(-2.449293598295E-16,-1.,0.));
#7898 = DIRECTION('',(1.,-2.449293598295E-16,0.));
#7899 = PCURVE('',#7866,#7900);
#7900 = DEFINITIONAL_REPRESENTATION('',(#7901),#7905);
#7901 = LINE('',#7902,#7903);
#7902 = CARTESIAN_POINT('',(6.28318530718,-6.28318530718));
#7903 = VECTOR('',#7904,1.);
#7904 = DIRECTION('',(0.,1.));
#7905 = ( GEOMETRIC_REPRESENTATION_CONTEXT(2) 
PARAMETRIC_REPRESENTATION_CONTEXT() REPRESENTATION_CONTEXT('2D SPACE',''
  ) );
#7906 = PCURVE('',#7866,#7907);
#7907 = DEFINITIONAL_REPRESENTATION('',(#7908),#7912);
#7908 = LINE('',#7909,#7910);
#7909 = CARTESIAN_POINT('',(0.,-6.28318530718));
#7910 = VECTOR('',#7911,1.);
#7911 = DIRECTION('',(0.,1.));
#7912 = ( GEOMETRIC_REPRESENTATION_CONTEXT(2) 
PARAMETRIC_REPRESENTATION_CONTEXT() REPRESENTATION_CONTEXT('2D SPACE',''
  ) );
#7913 = ORIENTED_EDGE('',*,*,#7914,.T.);
#7914 = EDGE_CURVE('',#7891,#7891,#7915,.T.);
#7915 = SURFACE_CURVE('',#7916,(#7921,#7928),.PCURVE_S1.);
#7916 = CIRCLE('',#7917,0.162249807396);
#7917 = AXIS2_PLACEMENT_3D('',#7918,#7919,#7920);
#7918 = CARTESIAN_POINT('',(-3.2,-2.,0.));
#7919 = DIRECTION('',(0.,0.,1.));
#7920 = DIRECTION('',(1.,0.,-0.));
#7921 = PCURVE('',#7866,#7922);
#7922 = DEFINITIONAL_REPRESENTATION('',(#7923),#7927);
#7923 = LINE('',#7924,#7925);
#7924 = CARTESIAN_POINT('',(0.,-0.80872033608));
#7925 = VECTOR('',#7926,1.);
#7926 = DIRECTION('',(1.,0.));
#7927 = ( GEOMETRIC_REPRESENTATION_CONTEXT(2) 
PARAMETRIC_REPRESENTATION_CONTEXT() REPRESENTATION_CONTEXT('2D SPACE',''
  ) );
#7928 = PCURVE('',#7929,#7934);
#7929 = PLANE('',#7930);
#7930 = AXIS2_PLACEMENT_3D('',#7931,#7932,#7933);
#7931 = CARTESIAN_POINT('',(-3.45,-2.25,0.));
#7932 = DIRECTION('',(0.,0.,1.));
#7933 = DIRECTION('',(1.,0.,0.));
#7934 = DEFINITIONAL_REPRESENTATION('',(#7935),#7939);
#7935 = CIRCLE('',#7936,0.162249807396);
#7936 = AXIS2_PLACEMENT_2D('',#7937,#7938);
#7937 = CARTESIAN_POINT('',(0.25,0.25));
#7938 = DIRECTION('',(1.,0.));
#7939 = ( GEOMETRIC_REPRESENTATION_CONTEXT(2) 
PARAMETRIC_REPRESENTATION_CONTEXT() REPRESENTATION_CONTEXT('2D SPACE',''
  ) );
#7940 = ORIENTED_EDGE('',*,*,#7890,.T.);
#7941 = ADVANCED_FACE('',(#7942),#7878,.T.);
#7942 = FACE_BOUND('',#7943,.T.);
#7943 = EDGE_LOOP('',(#7944));
#7944 = ORIENTED_EDGE('',*,*,#7856,.T.);
#7945 = ADVANCED_FACE('',(#7946),#7929,.F.);
#7946 = FACE_BOUND('',#7947,.F.);
#7947 = EDGE_LOOP('',(#7948));
#7948 = ORIENTED_EDGE('',*,*,#7914,.T.);
#7949 = ( GEOMETRIC_REPRESENTATION_CONTEXT(3) 
GLOBAL_UNCERTAINTY_ASSIGNED_CONTEXT((#7953)) 
GLOBAL_UNIT_ASSIGNED_CONTEXT((#7950,#7951,#7952)) REPRESENTATION_CONTEXT
('Context #1','3D Context with UNIT and UNCERTAINTY') );
#7950 = ( LENGTH_UNIT() NAMED_UNIT(*) SI_UNIT(.MILLI.,.METRE.) );
#7951 = ( NAMED_UNIT(*) PLANE_ANGLE_UNIT() SI_UNIT($,.RADIAN.) );
#7952 = ( NAMED_UNIT(*) SI_UNIT($,.STERADIAN.) SOLID_ANGLE_UNIT() );
#7953 = UNCERTAINTY_MEASURE_WITH_UNIT(LENGTH_MEASURE(1.E-07),#7950,
  'distance_accuracy_value','confusion accuracy');
#7954 = CONTEXT_DEPENDENT_SHAPE_REPRESENTATION(#7955,#7957);
#7955 = ( REPRESENTATION_RELATIONSHIP('','',#7849,#10) 
REPRESENTATION_RELATIONSHIP_WITH_TRANSFORMATION(#7956) 
SHAPE_REPRESENTATION_RELATIONSHIP() );
#7956 = ITEM_DEFINED_TRANSFORMATION('','',#11,#259);
#7957 = PRODUCT_DEFINITION_SHAPE('Placement','Placement of an item',
  #7958);
#7958 = NEXT_ASSEMBLY_USAGE_OCCURRENCE('106','Ball_L1','',#5,#7844,$);
#7959 = PRODUCT_RELATED_PRODUCT_CATEGORY('part',$,(#7846));
#7960 = SHAPE_DEFINITION_REPRESENTATION(#7961,#7967);
#7961 = PRODUCT_DEFINITION_SHAPE('','',#7962);
#7962 = PRODUCT_DEFINITION('design','',#7963,#7966);
#7963 = PRODUCT_DEFINITION_FORMATION('','',#7964);
#7964 = PRODUCT('Ball_L2','Ball_L2','',(#7965));
#7965 = PRODUCT_CONTEXT('',#2,'mechanical');
#7966 = PRODUCT_DEFINITION_CONTEXT('part definition',#2,'design');
#7967 = ADVANCED_BREP_SHAPE_REPRESENTATION('',(#11,#7968),#8067);
#7968 = MANIFOLD_SOLID_BREP('',#7969);
#7969 = CLOSED_SHELL('',(#7970,#8059,#8063));
#7970 = ADVANCED_FACE('',(#7971),#7984,.T.);
#7971 = FACE_BOUND('',#7972,.T.);
#7972 = EDGE_LOOP('',(#7973,#8007,#8031,#8058));
#7973 = ORIENTED_EDGE('',*,*,#7974,.F.);
#7974 = EDGE_CURVE('',#7975,#7975,#7977,.T.);
#7975 = VERTEX_POINT('',#7976);
#7976 = CARTESIAN_POINT('',(-2.237750192604,-2.,0.34));
#7977 = SURFACE_CURVE('',#7978,(#7983,#7995),.PCURVE_S1.);
#7978 = CIRCLE('',#7979,0.162249807396);
#7979 = AXIS2_PLACEMENT_3D('',#7980,#7981,#7982);
#7980 = CARTESIAN_POINT('',(-2.4,-2.,0.34));
#7981 = DIRECTION('',(0.,0.,1.));
#7982 = DIRECTION('',(1.,0.,-0.));
#7983 = PCURVE('',#7984,#7989);
#7984 = SPHERICAL_SURFACE('',#7985,0.235);
#7985 = AXIS2_PLACEMENT_3D('',#7986,#7987,#7988);
#7986 = CARTESIAN_POINT('',(-2.4,-2.,0.17));
#7987 = DIRECTION('',(0.,0.,1.));
#7988 = DIRECTION('',(1.,0.,0.));
#7989 = DEFINITIONAL_REPRESENTATION('',(#7990),#7994);
#7990 = LINE('',#7991,#7992);
#7991 = CARTESIAN_POINT('',(0.,0.80872033608));
#7992 = VECTOR('',#7993,1.);
#7993 = DIRECTION('',(1.,0.));
#7994 = ( GEOMETRIC_REPRESENTATION_CONTEXT(2) 
PARAMETRIC_REPRESENTATION_CONTEXT() REPRESENTATION_CONTEXT('2D SPACE',''
  ) );
#7995 = PCURVE('',#7996,#8001);
#7996 = PLANE('',#7997);
#7997 = AXIS2_PLACEMENT_3D('',#7998,#7999,#8000);
#7998 = CARTESIAN_POINT('',(-2.65,-2.25,0.34));
#7999 = DIRECTION('',(0.,0.,1.));
#8000 = DIRECTION('',(1.,0.,0.));
#8001 = DEFINITIONAL_REPRESENTATION('',(#8002),#8006);
#8002 = CIRCLE('',#8003,0.162249807396);
#8003 = AXIS2_PLACEMENT_2D('',#8004,#8005);
#8004 = CARTESIAN_POINT('',(0.25,0.25));
#8005 = DIRECTION('',(1.,0.));
#8006 = ( GEOMETRIC_REPRESENTATION_CONTEXT(2) 
PARAMETRIC_REPRESENTATION_CONTEXT() REPRESENTATION_CONTEXT('2D SPACE',''
  ) );
#8007 = ORIENTED_EDGE('',*,*,#8008,.F.);
#8008 = EDGE_CURVE('',#8009,#7975,#8011,.T.);
#8009 = VERTEX_POINT('',#8010);
#8010 = CARTESIAN_POINT('',(-2.237750192604,-2.,-5.551115123126E-17));
#8011 = SEAM_CURVE('',#8012,(#8017,#8024),.PCURVE_S1.);
#8012 = CIRCLE('',#8013,0.235);
#8013 = AXIS2_PLACEMENT_3D('',#8014,#8015,#8016);
#8014 = CARTESIAN_POINT('',(-2.4,-2.,0.17));
#8015 = DIRECTION('',(-2.449293598295E-16,-1.,0.));
#8016 = DIRECTION('',(1.,-2.449293598295E-16,0.));
#8017 = PCURVE('',#7984,#8018);
#8018 = DEFINITIONAL_REPRESENTATION('',(#8019),#8023);
#8019 = LINE('',#8020,#8021);
#8020 = CARTESIAN_POINT('',(6.28318530718,-6.28318530718));
#8021 = VECTOR('',#8022,1.);
#8022 = DIRECTION('',(0.,1.));
#8023 = ( GEOMETRIC_REPRESENTATION_CONTEXT(2) 
PARAMETRIC_REPRESENTATION_CONTEXT() REPRESENTATION_CONTEXT('2D SPACE',''
  ) );
#8024 = PCURVE('',#7984,#8025);
#8025 = DEFINITIONAL_REPRESENTATION('',(#8026),#8030);
#8026 = LINE('',#8027,#8028);
#8027 = CARTESIAN_POINT('',(0.,-6.28318530718));
#8028 = VECTOR('',#8029,1.);
#8029 = DIRECTION('',(0.,1.));
#8030 = ( GEOMETRIC_REPRESENTATION_CONTEXT(2) 
PARAMETRIC_REPRESENTATION_CONTEXT() REPRESENTATION_CONTEXT('2D SPACE',''
  ) );
#8031 = ORIENTED_EDGE('',*,*,#8032,.T.);
#8032 = EDGE_CURVE('',#8009,#8009,#8033,.T.);
#8033 = SURFACE_CURVE('',#8034,(#8039,#8046),.PCURVE_S1.);
#8034 = CIRCLE('',#8035,0.162249807396);
#8035 = AXIS2_PLACEMENT_3D('',#8036,#8037,#8038);
#8036 = CARTESIAN_POINT('',(-2.4,-2.,0.));
#8037 = DIRECTION('',(0.,0.,1.));
#8038 = DIRECTION('',(1.,0.,-0.));
#8039 = PCURVE('',#7984,#8040);
#8040 = DEFINITIONAL_REPRESENTATION('',(#8041),#8045);
#8041 = LINE('',#8042,#8043);
#8042 = CARTESIAN_POINT('',(0.,-0.80872033608));
#8043 = VECTOR('',#8044,1.);
#8044 = DIRECTION('',(1.,0.));
#8045 = ( GEOMETRIC_REPRESENTATION_CONTEXT(2) 
PARAMETRIC_REPRESENTATION_CONTEXT() REPRESENTATION_CONTEXT('2D SPACE',''
  ) );
#8046 = PCURVE('',#8047,#8052);
#8047 = PLANE('',#8048);
#8048 = AXIS2_PLACEMENT_3D('',#8049,#8050,#8051);
#8049 = CARTESIAN_POINT('',(-2.65,-2.25,0.));
#8050 = DIRECTION('',(0.,0.,1.));
#8051 = DIRECTION('',(1.,0.,0.));
#8052 = DEFINITIONAL_REPRESENTATION('',(#8053),#8057);
#8053 = CIRCLE('',#8054,0.162249807396);
#8054 = AXIS2_PLACEMENT_2D('',#8055,#8056);
#8055 = CARTESIAN_POINT('',(0.25,0.25));
#8056 = DIRECTION('',(1.,0.));
#8057 = ( GEOMETRIC_REPRESENTATION_CONTEXT(2) 
PARAMETRIC_REPRESENTATION_CONTEXT() REPRESENTATION_CONTEXT('2D SPACE',''
  ) );
#8058 = ORIENTED_EDGE('',*,*,#8008,.T.);
#8059 = ADVANCED_FACE('',(#8060),#7996,.T.);
#8060 = FACE_BOUND('',#8061,.T.);
#8061 = EDGE_LOOP('',(#8062));
#8062 = ORIENTED_EDGE('',*,*,#7974,.T.);
#8063 = ADVANCED_FACE('',(#8064),#8047,.F.);
#8064 = FACE_BOUND('',#8065,.F.);
#8065 = EDGE_LOOP('',(#8066));
#8066 = ORIENTED_EDGE('',*,*,#8032,.T.);
#8067 = ( GEOMETRIC_REPRESENTATION_CONTEXT(3) 
GLOBAL_UNCERTAINTY_ASSIGNED_CONTEXT((#8071)) 
GLOBAL_UNIT_ASSIGNED_CONTEXT((#8068,#8069,#8070)) REPRESENTATION_CONTEXT
('Context #1','3D Context with UNIT and UNCERTAINTY') );
#8068 = ( LENGTH_UNIT() NAMED_UNIT(*) SI_UNIT(.MILLI.,.METRE.) );
#8069 = ( NAMED_UNIT(*) PLANE_ANGLE_UNIT() SI_UNIT($,.RADIAN.) );
#8070 = ( NAMED_UNIT(*) SI_UNIT($,.STERADIAN.) SOLID_ANGLE_UNIT() );
#8071 = UNCERTAINTY_MEASURE_WITH_UNIT(LENGTH_MEASURE(1.E-07),#8068,
  'distance_accuracy_value','confusion accuracy');
#8072 = CONTEXT_DEPENDENT_SHAPE_REPRESENTATION(#8073,#8075);
#8073 = ( REPRESENTATION_RELATIONSHIP('','',#7967,#10) 
REPRESENTATION_RELATIONSHIP_WITH_TRANSFORMATION(#8074) 
SHAPE_REPRESENTATION_RELATIONSHIP() );
#8074 = ITEM_DEFINED_TRANSFORMATION('','',#11,#263);
#8075 = PRODUCT_DEFINITION_SHAPE('Placement','Placement of an item',
  #8076);
#8076 = NEXT_ASSEMBLY_USAGE_OCCURRENCE('107','Ball_L2','',#5,#7962,$);
#8077 = PRODUCT_RELATED_PRODUCT_CATEGORY('part',$,(#7964));
#8078 = SHAPE_DEFINITION_REPRESENTATION(#8079,#8085);
#8079 = PRODUCT_DEFINITION_SHAPE('','',#8080);
#8080 = PRODUCT_DEFINITION('design','',#8081,#8084);
#8081 = PRODUCT_DEFINITION_FORMATION('','',#8082);
#8082 = PRODUCT('Ball_L3','Ball_L3','',(#8083));
#8083 = PRODUCT_CONTEXT('',#2,'mechanical');
#8084 = PRODUCT_DEFINITION_CONTEXT('part definition',#2,'design');
#8085 = ADVANCED_BREP_SHAPE_REPRESENTATION('',(#11,#8086),#8185);
#8086 = MANIFOLD_SOLID_BREP('',#8087);
#8087 = CLOSED_SHELL('',(#8088,#8177,#8181));
#8088 = ADVANCED_FACE('',(#8089),#8102,.T.);
#8089 = FACE_BOUND('',#8090,.T.);
#8090 = EDGE_LOOP('',(#8091,#8125,#8149,#8176));
#8091 = ORIENTED_EDGE('',*,*,#8092,.F.);
#8092 = EDGE_CURVE('',#8093,#8093,#8095,.T.);
#8093 = VERTEX_POINT('',#8094);
#8094 = CARTESIAN_POINT('',(-1.437750192604,-2.,0.34));
#8095 = SURFACE_CURVE('',#8096,(#8101,#8113),.PCURVE_S1.);
#8096 = CIRCLE('',#8097,0.162249807396);
#8097 = AXIS2_PLACEMENT_3D('',#8098,#8099,#8100);
#8098 = CARTESIAN_POINT('',(-1.6,-2.,0.34));
#8099 = DIRECTION('',(0.,0.,1.));
#8100 = DIRECTION('',(1.,0.,-0.));
#8101 = PCURVE('',#8102,#8107);
#8102 = SPHERICAL_SURFACE('',#8103,0.235);
#8103 = AXIS2_PLACEMENT_3D('',#8104,#8105,#8106);
#8104 = CARTESIAN_POINT('',(-1.6,-2.,0.17));
#8105 = DIRECTION('',(0.,0.,1.));
#8106 = DIRECTION('',(1.,0.,0.));
#8107 = DEFINITIONAL_REPRESENTATION('',(#8108),#8112);
#8108 = LINE('',#8109,#8110);
#8109 = CARTESIAN_POINT('',(0.,0.80872033608));
#8110 = VECTOR('',#8111,1.);
#8111 = DIRECTION('',(1.,0.));
#8112 = ( GEOMETRIC_REPRESENTATION_CONTEXT(2) 
PARAMETRIC_REPRESENTATION_CONTEXT() REPRESENTATION_CONTEXT('2D SPACE',''
  ) );
#8113 = PCURVE('',#8114,#8119);
#8114 = PLANE('',#8115);
#8115 = AXIS2_PLACEMENT_3D('',#8116,#8117,#8118);
#8116 = CARTESIAN_POINT('',(-1.85,-2.25,0.34));
#8117 = DIRECTION('',(0.,0.,1.));
#8118 = DIRECTION('',(1.,0.,0.));
#8119 = DEFINITIONAL_REPRESENTATION('',(#8120),#8124);
#8120 = CIRCLE('',#8121,0.162249807396);
#8121 = AXIS2_PLACEMENT_2D('',#8122,#8123);
#8122 = CARTESIAN_POINT('',(0.25,0.25));
#8123 = DIRECTION('',(1.,0.));
#8124 = ( GEOMETRIC_REPRESENTATION_CONTEXT(2) 
PARAMETRIC_REPRESENTATION_CONTEXT() REPRESENTATION_CONTEXT('2D SPACE',''
  ) );
#8125 = ORIENTED_EDGE('',*,*,#8126,.F.);
#8126 = EDGE_CURVE('',#8127,#8093,#8129,.T.);
#8127 = VERTEX_POINT('',#8128);
#8128 = CARTESIAN_POINT('',(-1.437750192604,-2.,-5.551115123126E-17));
#8129 = SEAM_CURVE('',#8130,(#8135,#8142),.PCURVE_S1.);
#8130 = CIRCLE('',#8131,0.235);
#8131 = AXIS2_PLACEMENT_3D('',#8132,#8133,#8134);
#8132 = CARTESIAN_POINT('',(-1.6,-2.,0.17));
#8133 = DIRECTION('',(-2.449293598295E-16,-1.,0.));
#8134 = DIRECTION('',(1.,-2.449293598295E-16,0.));
#8135 = PCURVE('',#8102,#8136);
#8136 = DEFINITIONAL_REPRESENTATION('',(#8137),#8141);
#8137 = LINE('',#8138,#8139);
#8138 = CARTESIAN_POINT('',(6.28318530718,-6.28318530718));
#8139 = VECTOR('',#8140,1.);
#8140 = DIRECTION('',(0.,1.));
#8141 = ( GEOMETRIC_REPRESENTATION_CONTEXT(2) 
PARAMETRIC_REPRESENTATION_CONTEXT() REPRESENTATION_CONTEXT('2D SPACE',''
  ) );
#8142 = PCURVE('',#8102,#8143);
#8143 = DEFINITIONAL_REPRESENTATION('',(#8144),#8148);
#8144 = LINE('',#8145,#8146);
#8145 = CARTESIAN_POINT('',(0.,-6.28318530718));
#8146 = VECTOR('',#8147,1.);
#8147 = DIRECTION('',(0.,1.));
#8148 = ( GEOMETRIC_REPRESENTATION_CONTEXT(2) 
PARAMETRIC_REPRESENTATION_CONTEXT() REPRESENTATION_CONTEXT('2D SPACE',''
  ) );
#8149 = ORIENTED_EDGE('',*,*,#8150,.T.);
#8150 = EDGE_CURVE('',#8127,#8127,#8151,.T.);
#8151 = SURFACE_CURVE('',#8152,(#8157,#8164),.PCURVE_S1.);
#8152 = CIRCLE('',#8153,0.162249807396);
#8153 = AXIS2_PLACEMENT_3D('',#8154,#8155,#8156);
#8154 = CARTESIAN_POINT('',(-1.6,-2.,0.));
#8155 = DIRECTION('',(0.,0.,1.));
#8156 = DIRECTION('',(1.,0.,-0.));
#8157 = PCURVE('',#8102,#8158);
#8158 = DEFINITIONAL_REPRESENTATION('',(#8159),#8163);
#8159 = LINE('',#8160,#8161);
#8160 = CARTESIAN_POINT('',(0.,-0.80872033608));
#8161 = VECTOR('',#8162,1.);
#8162 = DIRECTION('',(1.,0.));
#8163 = ( GEOMETRIC_REPRESENTATION_CONTEXT(2) 
PARAMETRIC_REPRESENTATION_CONTEXT() REPRESENTATION_CONTEXT('2D SPACE',''
  ) );
#8164 = PCURVE('',#8165,#8170);
#8165 = PLANE('',#8166);
#8166 = AXIS2_PLACEMENT_3D('',#8167,#8168,#8169);
#8167 = CARTESIAN_POINT('',(-1.85,-2.25,0.));
#8168 = DIRECTION('',(0.,0.,1.));
#8169 = DIRECTION('',(1.,0.,0.));
#8170 = DEFINITIONAL_REPRESENTATION('',(#8171),#8175);
#8171 = CIRCLE('',#8172,0.162249807396);
#8172 = AXIS2_PLACEMENT_2D('',#8173,#8174);
#8173 = CARTESIAN_POINT('',(0.25,0.25));
#8174 = DIRECTION('',(1.,0.));
#8175 = ( GEOMETRIC_REPRESENTATION_CONTEXT(2) 
PARAMETRIC_REPRESENTATION_CONTEXT() REPRESENTATION_CONTEXT('2D SPACE',''
  ) );
#8176 = ORIENTED_EDGE('',*,*,#8126,.T.);
#8177 = ADVANCED_FACE('',(#8178),#8114,.T.);
#8178 = FACE_BOUND('',#8179,.T.);
#8179 = EDGE_LOOP('',(#8180));
#8180 = ORIENTED_EDGE('',*,*,#8092,.T.);
#8181 = ADVANCED_FACE('',(#8182),#8165,.F.);
#8182 = FACE_BOUND('',#8183,.F.);
#8183 = EDGE_LOOP('',(#8184));
#8184 = ORIENTED_EDGE('',*,*,#8150,.T.);
#8185 = ( GEOMETRIC_REPRESENTATION_CONTEXT(3) 
GLOBAL_UNCERTAINTY_ASSIGNED_CONTEXT((#8189)) 
GLOBAL_UNIT_ASSIGNED_CONTEXT((#8186,#8187,#8188)) REPRESENTATION_CONTEXT
('Context #1','3D Context with UNIT and UNCERTAINTY') );
#8186 = ( LENGTH_UNIT() NAMED_UNIT(*) SI_UNIT(.MILLI.,.METRE.) );
#8187 = ( NAMED_UNIT(*) PLANE_ANGLE_UNIT() SI_UNIT($,.RADIAN.) );
#8188 = ( NAMED_UNIT(*) SI_UNIT($,.STERADIAN.) SOLID_ANGLE_UNIT() );
#8189 = UNCERTAINTY_MEASURE_WITH_UNIT(LENGTH_MEASURE(1.E-07),#8186,
  'distance_accuracy_value','confusion accuracy');
#8190 = CONTEXT_DEPENDENT_SHAPE_REPRESENTATION(#8191,#8193);
#8191 = ( REPRESENTATION_RELATIONSHIP('','',#8085,#10) 
REPRESENTATION_RELATIONSHIP_WITH_TRANSFORMATION(#8192) 
SHAPE_REPRESENTATION_RELATIONSHIP() );
#8192 = ITEM_DEFINED_TRANSFORMATION('','',#11,#267);
#8193 = PRODUCT_DEFINITION_SHAPE('Placement','Placement of an item',
  #8194);
#8194 = NEXT_ASSEMBLY_USAGE_OCCURRENCE('108','Ball_L3','',#5,#8080,$);
#8195 = PRODUCT_RELATED_PRODUCT_CATEGORY('part',$,(#8082));
#8196 = SHAPE_DEFINITION_REPRESENTATION(#8197,#8203);
#8197 = PRODUCT_DEFINITION_SHAPE('','',#8198);
#8198 = PRODUCT_DEFINITION('design','',#8199,#8202);
#8199 = PRODUCT_DEFINITION_FORMATION('','',#8200);
#8200 = PRODUCT('Ball_L7','Ball_L7','',(#8201));
#8201 = PRODUCT_CONTEXT('',#2,'mechanical');
#8202 = PRODUCT_DEFINITION_CONTEXT('part definition',#2,'design');
#8203 = ADVANCED_BREP_SHAPE_REPRESENTATION('',(#11,#8204),#8303);
#8204 = MANIFOLD_SOLID_BREP('',#8205);
#8205 = CLOSED_SHELL('',(#8206,#8295,#8299));
#8206 = ADVANCED_FACE('',(#8207),#8220,.T.);
#8207 = FACE_BOUND('',#8208,.T.);
#8208 = EDGE_LOOP('',(#8209,#8243,#8267,#8294));
#8209 = ORIENTED_EDGE('',*,*,#8210,.F.);
#8210 = EDGE_CURVE('',#8211,#8211,#8213,.T.);
#8211 = VERTEX_POINT('',#8212);
#8212 = CARTESIAN_POINT('',(1.762249807396,-2.,0.34));
#8213 = SURFACE_CURVE('',#8214,(#8219,#8231),.PCURVE_S1.);
#8214 = CIRCLE('',#8215,0.162249807396);
#8215 = AXIS2_PLACEMENT_3D('',#8216,#8217,#8218);
#8216 = CARTESIAN_POINT('',(1.6,-2.,0.34));
#8217 = DIRECTION('',(0.,0.,1.));
#8218 = DIRECTION('',(1.,0.,-0.));
#8219 = PCURVE('',#8220,#8225);
#8220 = SPHERICAL_SURFACE('',#8221,0.235);
#8221 = AXIS2_PLACEMENT_3D('',#8222,#8223,#8224);
#8222 = CARTESIAN_POINT('',(1.6,-2.,0.17));
#8223 = DIRECTION('',(0.,0.,1.));
#8224 = DIRECTION('',(1.,0.,0.));
#8225 = DEFINITIONAL_REPRESENTATION('',(#8226),#8230);
#8226 = LINE('',#8227,#8228);
#8227 = CARTESIAN_POINT('',(0.,0.80872033608));
#8228 = VECTOR('',#8229,1.);
#8229 = DIRECTION('',(1.,0.));
#8230 = ( GEOMETRIC_REPRESENTATION_CONTEXT(2) 
PARAMETRIC_REPRESENTATION_CONTEXT() REPRESENTATION_CONTEXT('2D SPACE',''
  ) );
#8231 = PCURVE('',#8232,#8237);
#8232 = PLANE('',#8233);
#8233 = AXIS2_PLACEMENT_3D('',#8234,#8235,#8236);
#8234 = CARTESIAN_POINT('',(1.35,-2.25,0.34));
#8235 = DIRECTION('',(0.,0.,1.));
#8236 = DIRECTION('',(1.,0.,0.));
#8237 = DEFINITIONAL_REPRESENTATION('',(#8238),#8242);
#8238 = CIRCLE('',#8239,0.162249807396);
#8239 = AXIS2_PLACEMENT_2D('',#8240,#8241);
#8240 = CARTESIAN_POINT('',(0.25,0.25));
#8241 = DIRECTION('',(1.,0.));
#8242 = ( GEOMETRIC_REPRESENTATION_CONTEXT(2) 
PARAMETRIC_REPRESENTATION_CONTEXT() REPRESENTATION_CONTEXT('2D SPACE',''
  ) );
#8243 = ORIENTED_EDGE('',*,*,#8244,.F.);
#8244 = EDGE_CURVE('',#8245,#8211,#8247,.T.);
#8245 = VERTEX_POINT('',#8246);
#8246 = CARTESIAN_POINT('',(1.762249807396,-2.,-5.551115123126E-17));
#8247 = SEAM_CURVE('',#8248,(#8253,#8260),.PCURVE_S1.);
#8248 = CIRCLE('',#8249,0.235);
#8249 = AXIS2_PLACEMENT_3D('',#8250,#8251,#8252);
#8250 = CARTESIAN_POINT('',(1.6,-2.,0.17));
#8251 = DIRECTION('',(-2.449293598295E-16,-1.,0.));
#8252 = DIRECTION('',(1.,-2.449293598295E-16,0.));
#8253 = PCURVE('',#8220,#8254);
#8254 = DEFINITIONAL_REPRESENTATION('',(#8255),#8259);
#8255 = LINE('',#8256,#8257);
#8256 = CARTESIAN_POINT('',(6.28318530718,-6.28318530718));
#8257 = VECTOR('',#8258,1.);
#8258 = DIRECTION('',(0.,1.));
#8259 = ( GEOMETRIC_REPRESENTATION_CONTEXT(2) 
PARAMETRIC_REPRESENTATION_CONTEXT() REPRESENTATION_CONTEXT('2D SPACE',''
  ) );
#8260 = PCURVE('',#8220,#8261);
#8261 = DEFINITIONAL_REPRESENTATION('',(#8262),#8266);
#8262 = LINE('',#8263,#8264);
#8263 = CARTESIAN_POINT('',(0.,-6.28318530718));
#8264 = VECTOR('',#8265,1.);
#8265 = DIRECTION('',(0.,1.));
#8266 = ( GEOMETRIC_REPRESENTATION_CONTEXT(2) 
PARAMETRIC_REPRESENTATION_CONTEXT() REPRESENTATION_CONTEXT('2D SPACE',''
  ) );
#8267 = ORIENTED_EDGE('',*,*,#8268,.T.);
#8268 = EDGE_CURVE('',#8245,#8245,#8269,.T.);
#8269 = SURFACE_CURVE('',#8270,(#8275,#8282),.PCURVE_S1.);
#8270 = CIRCLE('',#8271,0.162249807396);
#8271 = AXIS2_PLACEMENT_3D('',#8272,#8273,#8274);
#8272 = CARTESIAN_POINT('',(1.6,-2.,0.));
#8273 = DIRECTION('',(0.,0.,1.));
#8274 = DIRECTION('',(1.,0.,-0.));
#8275 = PCURVE('',#8220,#8276);
#8276 = DEFINITIONAL_REPRESENTATION('',(#8277),#8281);
#8277 = LINE('',#8278,#8279);
#8278 = CARTESIAN_POINT('',(0.,-0.80872033608));
#8279 = VECTOR('',#8280,1.);
#8280 = DIRECTION('',(1.,0.));
#8281 = ( GEOMETRIC_REPRESENTATION_CONTEXT(2) 
PARAMETRIC_REPRESENTATION_CONTEXT() REPRESENTATION_CONTEXT('2D SPACE',''
  ) );
#8282 = PCURVE('',#8283,#8288);
#8283 = PLANE('',#8284);
#8284 = AXIS2_PLACEMENT_3D('',#8285,#8286,#8287);
#8285 = CARTESIAN_POINT('',(1.35,-2.25,0.));
#8286 = DIRECTION('',(0.,0.,1.));
#8287 = DIRECTION('',(1.,0.,0.));
#8288 = DEFINITIONAL_REPRESENTATION('',(#8289),#8293);
#8289 = CIRCLE('',#8290,0.162249807396);
#8290 = AXIS2_PLACEMENT_2D('',#8291,#8292);
#8291 = CARTESIAN_POINT('',(0.25,0.25));
#8292 = DIRECTION('',(1.,0.));
#8293 = ( GEOMETRIC_REPRESENTATION_CONTEXT(2) 
PARAMETRIC_REPRESENTATION_CONTEXT() REPRESENTATION_CONTEXT('2D SPACE',''
  ) );
#8294 = ORIENTED_EDGE('',*,*,#8244,.T.);
#8295 = ADVANCED_FACE('',(#8296),#8232,.T.);
#8296 = FACE_BOUND('',#8297,.T.);
#8297 = EDGE_LOOP('',(#8298));
#8298 = ORIENTED_EDGE('',*,*,#8210,.T.);
#8299 = ADVANCED_FACE('',(#8300),#8283,.F.);
#8300 = FACE_BOUND('',#8301,.F.);
#8301 = EDGE_LOOP('',(#8302));
#8302 = ORIENTED_EDGE('',*,*,#8268,.T.);
#8303 = ( GEOMETRIC_REPRESENTATION_CONTEXT(3) 
GLOBAL_UNCERTAINTY_ASSIGNED_CONTEXT((#8307)) 
GLOBAL_UNIT_ASSIGNED_CONTEXT((#8304,#8305,#8306)) REPRESENTATION_CONTEXT
('Context #1','3D Context with UNIT and UNCERTAINTY') );
#8304 = ( LENGTH_UNIT() NAMED_UNIT(*) SI_UNIT(.MILLI.,.METRE.) );
#8305 = ( NAMED_UNIT(*) PLANE_ANGLE_UNIT() SI_UNIT($,.RADIAN.) );
#8306 = ( NAMED_UNIT(*) SI_UNIT($,.STERADIAN.) SOLID_ANGLE_UNIT() );
#8307 = UNCERTAINTY_MEASURE_WITH_UNIT(LENGTH_MEASURE(1.E-07),#8304,
  'distance_accuracy_value','confusion accuracy');
#8308 = CONTEXT_DEPENDENT_SHAPE_REPRESENTATION(#8309,#8311);
#8309 = ( REPRESENTATION_RELATIONSHIP('','',#8203,#10) 
REPRESENTATION_RELATIONSHIP_WITH_TRANSFORMATION(#8310) 
SHAPE_REPRESENTATION_RELATIONSHIP() );
#8310 = ITEM_DEFINED_TRANSFORMATION('','',#11,#271);
#8311 = PRODUCT_DEFINITION_SHAPE('Placement','Placement of an item',
  #8312);
#8312 = NEXT_ASSEMBLY_USAGE_OCCURRENCE('109','Ball_L7','',#5,#8198,$);
#8313 = PRODUCT_RELATED_PRODUCT_CATEGORY('part',$,(#8200));
#8314 = SHAPE_DEFINITION_REPRESENTATION(#8315,#8321);
#8315 = PRODUCT_DEFINITION_SHAPE('','',#8316);
#8316 = PRODUCT_DEFINITION('design','',#8317,#8320);
#8317 = PRODUCT_DEFINITION_FORMATION('','',#8318);
#8318 = PRODUCT('Ball_L8','Ball_L8','',(#8319));
#8319 = PRODUCT_CONTEXT('',#2,'mechanical');
#8320 = PRODUCT_DEFINITION_CONTEXT('part definition',#2,'design');
#8321 = ADVANCED_BREP_SHAPE_REPRESENTATION('',(#11,#8322),#8421);
#8322 = MANIFOLD_SOLID_BREP('',#8323);
#8323 = CLOSED_SHELL('',(#8324,#8413,#8417));
#8324 = ADVANCED_FACE('',(#8325),#8338,.T.);
#8325 = FACE_BOUND('',#8326,.T.);
#8326 = EDGE_LOOP('',(#8327,#8361,#8385,#8412));
#8327 = ORIENTED_EDGE('',*,*,#8328,.F.);
#8328 = EDGE_CURVE('',#8329,#8329,#8331,.T.);
#8329 = VERTEX_POINT('',#8330);
#8330 = CARTESIAN_POINT('',(2.562249807396,-2.,0.34));
#8331 = SURFACE_CURVE('',#8332,(#8337,#8349),.PCURVE_S1.);
#8332 = CIRCLE('',#8333,0.162249807396);
#8333 = AXIS2_PLACEMENT_3D('',#8334,#8335,#8336);
#8334 = CARTESIAN_POINT('',(2.4,-2.,0.34));
#8335 = DIRECTION('',(0.,0.,1.));
#8336 = DIRECTION('',(1.,0.,-0.));
#8337 = PCURVE('',#8338,#8343);
#8338 = SPHERICAL_SURFACE('',#8339,0.235);
#8339 = AXIS2_PLACEMENT_3D('',#8340,#8341,#8342);
#8340 = CARTESIAN_POINT('',(2.4,-2.,0.17));
#8341 = DIRECTION('',(0.,0.,1.));
#8342 = DIRECTION('',(1.,0.,0.));
#8343 = DEFINITIONAL_REPRESENTATION('',(#8344),#8348);
#8344 = LINE('',#8345,#8346);
#8345 = CARTESIAN_POINT('',(0.,0.80872033608));
#8346 = VECTOR('',#8347,1.);
#8347 = DIRECTION('',(1.,0.));
#8348 = ( GEOMETRIC_REPRESENTATION_CONTEXT(2) 
PARAMETRIC_REPRESENTATION_CONTEXT() REPRESENTATION_CONTEXT('2D SPACE',''
  ) );
#8349 = PCURVE('',#8350,#8355);
#8350 = PLANE('',#8351);
#8351 = AXIS2_PLACEMENT_3D('',#8352,#8353,#8354);
#8352 = CARTESIAN_POINT('',(2.15,-2.25,0.34));
#8353 = DIRECTION('',(0.,0.,1.));
#8354 = DIRECTION('',(1.,0.,0.));
#8355 = DEFINITIONAL_REPRESENTATION('',(#8356),#8360);
#8356 = CIRCLE('',#8357,0.162249807396);
#8357 = AXIS2_PLACEMENT_2D('',#8358,#8359);
#8358 = CARTESIAN_POINT('',(0.25,0.25));
#8359 = DIRECTION('',(1.,0.));
#8360 = ( GEOMETRIC_REPRESENTATION_CONTEXT(2) 
PARAMETRIC_REPRESENTATION_CONTEXT() REPRESENTATION_CONTEXT('2D SPACE',''
  ) );
#8361 = ORIENTED_EDGE('',*,*,#8362,.F.);
#8362 = EDGE_CURVE('',#8363,#8329,#8365,.T.);
#8363 = VERTEX_POINT('',#8364);
#8364 = CARTESIAN_POINT('',(2.562249807396,-2.,-5.551115123126E-17));
#8365 = SEAM_CURVE('',#8366,(#8371,#8378),.PCURVE_S1.);
#8366 = CIRCLE('',#8367,0.235);
#8367 = AXIS2_PLACEMENT_3D('',#8368,#8369,#8370);
#8368 = CARTESIAN_POINT('',(2.4,-2.,0.17));
#8369 = DIRECTION('',(-2.449293598295E-16,-1.,0.));
#8370 = DIRECTION('',(1.,-2.449293598295E-16,0.));
#8371 = PCURVE('',#8338,#8372);
#8372 = DEFINITIONAL_REPRESENTATION('',(#8373),#8377);
#8373 = LINE('',#8374,#8375);
#8374 = CARTESIAN_POINT('',(6.28318530718,-6.28318530718));
#8375 = VECTOR('',#8376,1.);
#8376 = DIRECTION('',(0.,1.));
#8377 = ( GEOMETRIC_REPRESENTATION_CONTEXT(2) 
PARAMETRIC_REPRESENTATION_CONTEXT() REPRESENTATION_CONTEXT('2D SPACE',''
  ) );
#8378 = PCURVE('',#8338,#8379);
#8379 = DEFINITIONAL_REPRESENTATION('',(#8380),#8384);
#8380 = LINE('',#8381,#8382);
#8381 = CARTESIAN_POINT('',(0.,-6.28318530718));
#8382 = VECTOR('',#8383,1.);
#8383 = DIRECTION('',(0.,1.));
#8384 = ( GEOMETRIC_REPRESENTATION_CONTEXT(2) 
PARAMETRIC_REPRESENTATION_CONTEXT() REPRESENTATION_CONTEXT('2D SPACE',''
  ) );
#8385 = ORIENTED_EDGE('',*,*,#8386,.T.);
#8386 = EDGE_CURVE('',#8363,#8363,#8387,.T.);
#8387 = SURFACE_CURVE('',#8388,(#8393,#8400),.PCURVE_S1.);
#8388 = CIRCLE('',#8389,0.162249807396);
#8389 = AXIS2_PLACEMENT_3D('',#8390,#8391,#8392);
#8390 = CARTESIAN_POINT('',(2.4,-2.,0.));
#8391 = DIRECTION('',(0.,0.,1.));
#8392 = DIRECTION('',(1.,0.,-0.));
#8393 = PCURVE('',#8338,#8394);
#8394 = DEFINITIONAL_REPRESENTATION('',(#8395),#8399);
#8395 = LINE('',#8396,#8397);
#8396 = CARTESIAN_POINT('',(0.,-0.80872033608));
#8397 = VECTOR('',#8398,1.);
#8398 = DIRECTION('',(1.,0.));
#8399 = ( GEOMETRIC_REPRESENTATION_CONTEXT(2) 
PARAMETRIC_REPRESENTATION_CONTEXT() REPRESENTATION_CONTEXT('2D SPACE',''
  ) );
#8400 = PCURVE('',#8401,#8406);
#8401 = PLANE('',#8402);
#8402 = AXIS2_PLACEMENT_3D('',#8403,#8404,#8405);
#8403 = CARTESIAN_POINT('',(2.15,-2.25,0.));
#8404 = DIRECTION('',(0.,0.,1.));
#8405 = DIRECTION('',(1.,0.,0.));
#8406 = DEFINITIONAL_REPRESENTATION('',(#8407),#8411);
#8407 = CIRCLE('',#8408,0.162249807396);
#8408 = AXIS2_PLACEMENT_2D('',#8409,#8410);
#8409 = CARTESIAN_POINT('',(0.25,0.25));
#8410 = DIRECTION('',(1.,0.));
#8411 = ( GEOMETRIC_REPRESENTATION_CONTEXT(2) 
PARAMETRIC_REPRESENTATION_CONTEXT() REPRESENTATION_CONTEXT('2D SPACE',''
  ) );
#8412 = ORIENTED_EDGE('',*,*,#8362,.T.);
#8413 = ADVANCED_FACE('',(#8414),#8350,.T.);
#8414 = FACE_BOUND('',#8415,.T.);
#8415 = EDGE_LOOP('',(#8416));
#8416 = ORIENTED_EDGE('',*,*,#8328,.T.);
#8417 = ADVANCED_FACE('',(#8418),#8401,.F.);
#8418 = FACE_BOUND('',#8419,.F.);
#8419 = EDGE_LOOP('',(#8420));
#8420 = ORIENTED_EDGE('',*,*,#8386,.T.);
#8421 = ( GEOMETRIC_REPRESENTATION_CONTEXT(3) 
GLOBAL_UNCERTAINTY_ASSIGNED_CONTEXT((#8425)) 
GLOBAL_UNIT_ASSIGNED_CONTEXT((#8422,#8423,#8424)) REPRESENTATION_CONTEXT
('Context #1','3D Context with UNIT and UNCERTAINTY') );
#8422 = ( LENGTH_UNIT() NAMED_UNIT(*) SI_UNIT(.MILLI.,.METRE.) );
#8423 = ( NAMED_UNIT(*) PLANE_ANGLE_UNIT() SI_UNIT($,.RADIAN.) );
#8424 = ( NAMED_UNIT(*) SI_UNIT($,.STERADIAN.) SOLID_ANGLE_UNIT() );
#8425 = UNCERTAINTY_MEASURE_WITH_UNIT(LENGTH_MEASURE(1.E-07),#8422,
  'distance_accuracy_value','confusion accuracy');
#8426 = CONTEXT_DEPENDENT_SHAPE_REPRESENTATION(#8427,#8429);
#8427 = ( REPRESENTATION_RELATIONSHIP('','',#8321,#10) 
REPRESENTATION_RELATIONSHIP_WITH_TRANSFORMATION(#8428) 
SHAPE_REPRESENTATION_RELATIONSHIP() );
#8428 = ITEM_DEFINED_TRANSFORMATION('','',#11,#275);
#8429 = PRODUCT_DEFINITION_SHAPE('Placement','Placement of an item',
  #8430);
#8430 = NEXT_ASSEMBLY_USAGE_OCCURRENCE('110','Ball_L8','',#5,#8316,$);
#8431 = PRODUCT_RELATED_PRODUCT_CATEGORY('part',$,(#8318));
#8432 = SHAPE_DEFINITION_REPRESENTATION(#8433,#8439);
#8433 = PRODUCT_DEFINITION_SHAPE('','',#8434);
#8434 = PRODUCT_DEFINITION('design','',#8435,#8438);
#8435 = PRODUCT_DEFINITION_FORMATION('','',#8436);
#8436 = PRODUCT('Ball_L9','Ball_L9','',(#8437));
#8437 = PRODUCT_CONTEXT('',#2,'mechanical');
#8438 = PRODUCT_DEFINITION_CONTEXT('part definition',#2,'design');
#8439 = ADVANCED_BREP_SHAPE_REPRESENTATION('',(#11,#8440),#8539);
#8440 = MANIFOLD_SOLID_BREP('',#8441);
#8441 = CLOSED_SHELL('',(#8442,#8531,#8535));
#8442 = ADVANCED_FACE('',(#8443),#8456,.T.);
#8443 = FACE_BOUND('',#8444,.T.);
#8444 = EDGE_LOOP('',(#8445,#8479,#8503,#8530));
#8445 = ORIENTED_EDGE('',*,*,#8446,.F.);
#8446 = EDGE_CURVE('',#8447,#8447,#8449,.T.);
#8447 = VERTEX_POINT('',#8448);
#8448 = CARTESIAN_POINT('',(3.362249807396,-2.,0.34));
#8449 = SURFACE_CURVE('',#8450,(#8455,#8467),.PCURVE_S1.);
#8450 = CIRCLE('',#8451,0.162249807396);
#8451 = AXIS2_PLACEMENT_3D('',#8452,#8453,#8454);
#8452 = CARTESIAN_POINT('',(3.2,-2.,0.34));
#8453 = DIRECTION('',(0.,0.,1.));
#8454 = DIRECTION('',(1.,0.,-0.));
#8455 = PCURVE('',#8456,#8461);
#8456 = SPHERICAL_SURFACE('',#8457,0.235);
#8457 = AXIS2_PLACEMENT_3D('',#8458,#8459,#8460);
#8458 = CARTESIAN_POINT('',(3.2,-2.,0.17));
#8459 = DIRECTION('',(0.,0.,1.));
#8460 = DIRECTION('',(1.,0.,0.));
#8461 = DEFINITIONAL_REPRESENTATION('',(#8462),#8466);
#8462 = LINE('',#8463,#8464);
#8463 = CARTESIAN_POINT('',(0.,0.80872033608));
#8464 = VECTOR('',#8465,1.);
#8465 = DIRECTION('',(1.,0.));
#8466 = ( GEOMETRIC_REPRESENTATION_CONTEXT(2) 
PARAMETRIC_REPRESENTATION_CONTEXT() REPRESENTATION_CONTEXT('2D SPACE',''
  ) );
#8467 = PCURVE('',#8468,#8473);
#8468 = PLANE('',#8469);
#8469 = AXIS2_PLACEMENT_3D('',#8470,#8471,#8472);
#8470 = CARTESIAN_POINT('',(2.95,-2.25,0.34));
#8471 = DIRECTION('',(0.,0.,1.));
#8472 = DIRECTION('',(1.,0.,0.));
#8473 = DEFINITIONAL_REPRESENTATION('',(#8474),#8478);
#8474 = CIRCLE('',#8475,0.162249807396);
#8475 = AXIS2_PLACEMENT_2D('',#8476,#8477);
#8476 = CARTESIAN_POINT('',(0.25,0.25));
#8477 = DIRECTION('',(1.,0.));
#8478 = ( GEOMETRIC_REPRESENTATION_CONTEXT(2) 
PARAMETRIC_REPRESENTATION_CONTEXT() REPRESENTATION_CONTEXT('2D SPACE',''
  ) );
#8479 = ORIENTED_EDGE('',*,*,#8480,.F.);
#8480 = EDGE_CURVE('',#8481,#8447,#8483,.T.);
#8481 = VERTEX_POINT('',#8482);
#8482 = CARTESIAN_POINT('',(3.362249807396,-2.,-5.551115123126E-17));
#8483 = SEAM_CURVE('',#8484,(#8489,#8496),.PCURVE_S1.);
#8484 = CIRCLE('',#8485,0.235);
#8485 = AXIS2_PLACEMENT_3D('',#8486,#8487,#8488);
#8486 = CARTESIAN_POINT('',(3.2,-2.,0.17));
#8487 = DIRECTION('',(-2.449293598295E-16,-1.,0.));
#8488 = DIRECTION('',(1.,-2.449293598295E-16,0.));
#8489 = PCURVE('',#8456,#8490);
#8490 = DEFINITIONAL_REPRESENTATION('',(#8491),#8495);
#8491 = LINE('',#8492,#8493);
#8492 = CARTESIAN_POINT('',(6.28318530718,-6.28318530718));
#8493 = VECTOR('',#8494,1.);
#8494 = DIRECTION('',(0.,1.));
#8495 = ( GEOMETRIC_REPRESENTATION_CONTEXT(2) 
PARAMETRIC_REPRESENTATION_CONTEXT() REPRESENTATION_CONTEXT('2D SPACE',''
  ) );
#8496 = PCURVE('',#8456,#8497);
#8497 = DEFINITIONAL_REPRESENTATION('',(#8498),#8502);
#8498 = LINE('',#8499,#8500);
#8499 = CARTESIAN_POINT('',(0.,-6.28318530718));
#8500 = VECTOR('',#8501,1.);
#8501 = DIRECTION('',(0.,1.));
#8502 = ( GEOMETRIC_REPRESENTATION_CONTEXT(2) 
PARAMETRIC_REPRESENTATION_CONTEXT() REPRESENTATION_CONTEXT('2D SPACE',''
  ) );
#8503 = ORIENTED_EDGE('',*,*,#8504,.T.);
#8504 = EDGE_CURVE('',#8481,#8481,#8505,.T.);
#8505 = SURFACE_CURVE('',#8506,(#8511,#8518),.PCURVE_S1.);
#8506 = CIRCLE('',#8507,0.162249807396);
#8507 = AXIS2_PLACEMENT_3D('',#8508,#8509,#8510);
#8508 = CARTESIAN_POINT('',(3.2,-2.,0.));
#8509 = DIRECTION('',(0.,0.,1.));
#8510 = DIRECTION('',(1.,0.,-0.));
#8511 = PCURVE('',#8456,#8512);
#8512 = DEFINITIONAL_REPRESENTATION('',(#8513),#8517);
#8513 = LINE('',#8514,#8515);
#8514 = CARTESIAN_POINT('',(0.,-0.80872033608));
#8515 = VECTOR('',#8516,1.);
#8516 = DIRECTION('',(1.,0.));
#8517 = ( GEOMETRIC_REPRESENTATION_CONTEXT(2) 
PARAMETRIC_REPRESENTATION_CONTEXT() REPRESENTATION_CONTEXT('2D SPACE',''
  ) );
#8518 = PCURVE('',#8519,#8524);
#8519 = PLANE('',#8520);
#8520 = AXIS2_PLACEMENT_3D('',#8521,#8522,#8523);
#8521 = CARTESIAN_POINT('',(2.95,-2.25,0.));
#8522 = DIRECTION('',(0.,0.,1.));
#8523 = DIRECTION('',(1.,0.,0.));
#8524 = DEFINITIONAL_REPRESENTATION('',(#8525),#8529);
#8525 = CIRCLE('',#8526,0.162249807396);
#8526 = AXIS2_PLACEMENT_2D('',#8527,#8528);
#8527 = CARTESIAN_POINT('',(0.25,0.25));
#8528 = DIRECTION('',(1.,0.));
#8529 = ( GEOMETRIC_REPRESENTATION_CONTEXT(2) 
PARAMETRIC_REPRESENTATION_CONTEXT() REPRESENTATION_CONTEXT('2D SPACE',''
  ) );
#8530 = ORIENTED_EDGE('',*,*,#8480,.T.);
#8531 = ADVANCED_FACE('',(#8532),#8468,.T.);
#8532 = FACE_BOUND('',#8533,.T.);
#8533 = EDGE_LOOP('',(#8534));
#8534 = ORIENTED_EDGE('',*,*,#8446,.T.);
#8535 = ADVANCED_FACE('',(#8536),#8519,.F.);
#8536 = FACE_BOUND('',#8537,.F.);
#8537 = EDGE_LOOP('',(#8538));
#8538 = ORIENTED_EDGE('',*,*,#8504,.T.);
#8539 = ( GEOMETRIC_REPRESENTATION_CONTEXT(3) 
GLOBAL_UNCERTAINTY_ASSIGNED_CONTEXT((#8543)) 
GLOBAL_UNIT_ASSIGNED_CONTEXT((#8540,#8541,#8542)) REPRESENTATION_CONTEXT
('Context #1','3D Context with UNIT and UNCERTAINTY') );
#8540 = ( LENGTH_UNIT() NAMED_UNIT(*) SI_UNIT(.MILLI.,.METRE.) );
#8541 = ( NAMED_UNIT(*) PLANE_ANGLE_UNIT() SI_UNIT($,.RADIAN.) );
#8542 = ( NAMED_UNIT(*) SI_UNIT($,.STERADIAN.) SOLID_ANGLE_UNIT() );
#8543 = UNCERTAINTY_MEASURE_WITH_UNIT(LENGTH_MEASURE(1.E-07),#8540,
  'distance_accuracy_value','confusion accuracy');
#8544 = CONTEXT_DEPENDENT_SHAPE_REPRESENTATION(#8545,#8547);
#8545 = ( REPRESENTATION_RELATIONSHIP('','',#8439,#10) 
REPRESENTATION_RELATIONSHIP_WITH_TRANSFORMATION(#8546) 
SHAPE_REPRESENTATION_RELATIONSHIP() );
#8546 = ITEM_DEFINED_TRANSFORMATION('','',#11,#279);
#8547 = PRODUCT_DEFINITION_SHAPE('Placement','Placement of an item',
  #8548);
#8548 = NEXT_ASSEMBLY_USAGE_OCCURRENCE('111','Ball_L9','',#5,#8434,$);
#8549 = PRODUCT_RELATED_PRODUCT_CATEGORY('part',$,(#8436));
#8550 = SHAPE_DEFINITION_REPRESENTATION(#8551,#8557);
#8551 = PRODUCT_DEFINITION_SHAPE('','',#8552);
#8552 = PRODUCT_DEFINITION('design','',#8553,#8556);
#8553 = PRODUCT_DEFINITION_FORMATION('','',#8554);
#8554 = PRODUCT('Ball_M1','Ball_M1','',(#8555));
#8555 = PRODUCT_CONTEXT('',#2,'mechanical');
#8556 = PRODUCT_DEFINITION_CONTEXT('part definition',#2,'design');
#8557 = ADVANCED_BREP_SHAPE_REPRESENTATION('',(#11,#8558),#8657);
#8558 = MANIFOLD_SOLID_BREP('',#8559);
#8559 = CLOSED_SHELL('',(#8560,#8649,#8653));
#8560 = ADVANCED_FACE('',(#8561),#8574,.T.);
#8561 = FACE_BOUND('',#8562,.T.);
#8562 = EDGE_LOOP('',(#8563,#8597,#8621,#8648));
#8563 = ORIENTED_EDGE('',*,*,#8564,.F.);
#8564 = EDGE_CURVE('',#8565,#8565,#8567,.T.);
#8565 = VERTEX_POINT('',#8566);
#8566 = CARTESIAN_POINT('',(-3.037750192604,-2.8,0.34));
#8567 = SURFACE_CURVE('',#8568,(#8573,#8585),.PCURVE_S1.);
#8568 = CIRCLE('',#8569,0.162249807396);
#8569 = AXIS2_PLACEMENT_3D('',#8570,#8571,#8572);
#8570 = CARTESIAN_POINT('',(-3.2,-2.8,0.34));
#8571 = DIRECTION('',(0.,0.,1.));
#8572 = DIRECTION('',(1.,0.,-0.));
#8573 = PCURVE('',#8574,#8579);
#8574 = SPHERICAL_SURFACE('',#8575,0.235);
#8575 = AXIS2_PLACEMENT_3D('',#8576,#8577,#8578);
#8576 = CARTESIAN_POINT('',(-3.2,-2.8,0.17));
#8577 = DIRECTION('',(0.,0.,1.));
#8578 = DIRECTION('',(1.,0.,0.));
#8579 = DEFINITIONAL_REPRESENTATION('',(#8580),#8584);
#8580 = LINE('',#8581,#8582);
#8581 = CARTESIAN_POINT('',(0.,0.80872033608));
#8582 = VECTOR('',#8583,1.);
#8583 = DIRECTION('',(1.,0.));
#8584 = ( GEOMETRIC_REPRESENTATION_CONTEXT(2) 
PARAMETRIC_REPRESENTATION_CONTEXT() REPRESENTATION_CONTEXT('2D SPACE',''
  ) );
#8585 = PCURVE('',#8586,#8591);
#8586 = PLANE('',#8587);
#8587 = AXIS2_PLACEMENT_3D('',#8588,#8589,#8590);
#8588 = CARTESIAN_POINT('',(-3.45,-3.05,0.34));
#8589 = DIRECTION('',(0.,0.,1.));
#8590 = DIRECTION('',(1.,0.,0.));
#8591 = DEFINITIONAL_REPRESENTATION('',(#8592),#8596);
#8592 = CIRCLE('',#8593,0.162249807396);
#8593 = AXIS2_PLACEMENT_2D('',#8594,#8595);
#8594 = CARTESIAN_POINT('',(0.25,0.25));
#8595 = DIRECTION('',(1.,0.));
#8596 = ( GEOMETRIC_REPRESENTATION_CONTEXT(2) 
PARAMETRIC_REPRESENTATION_CONTEXT() REPRESENTATION_CONTEXT('2D SPACE',''
  ) );
#8597 = ORIENTED_EDGE('',*,*,#8598,.F.);
#8598 = EDGE_CURVE('',#8599,#8565,#8601,.T.);
#8599 = VERTEX_POINT('',#8600);
#8600 = CARTESIAN_POINT('',(-3.037750192604,-2.8,-5.551115123126E-17));
#8601 = SEAM_CURVE('',#8602,(#8607,#8614),.PCURVE_S1.);
#8602 = CIRCLE('',#8603,0.235);
#8603 = AXIS2_PLACEMENT_3D('',#8604,#8605,#8606);
#8604 = CARTESIAN_POINT('',(-3.2,-2.8,0.17));
#8605 = DIRECTION('',(-2.449293598295E-16,-1.,0.));
#8606 = DIRECTION('',(1.,-2.449293598295E-16,0.));
#8607 = PCURVE('',#8574,#8608);
#8608 = DEFINITIONAL_REPRESENTATION('',(#8609),#8613);
#8609 = LINE('',#8610,#8611);
#8610 = CARTESIAN_POINT('',(6.28318530718,-6.28318530718));
#8611 = VECTOR('',#8612,1.);
#8612 = DIRECTION('',(0.,1.));
#8613 = ( GEOMETRIC_REPRESENTATION_CONTEXT(2) 
PARAMETRIC_REPRESENTATION_CONTEXT() REPRESENTATION_CONTEXT('2D SPACE',''
  ) );
#8614 = PCURVE('',#8574,#8615);
#8615 = DEFINITIONAL_REPRESENTATION('',(#8616),#8620);
#8616 = LINE('',#8617,#8618);
#8617 = CARTESIAN_POINT('',(0.,-6.28318530718));
#8618 = VECTOR('',#8619,1.);
#8619 = DIRECTION('',(0.,1.));
#8620 = ( GEOMETRIC_REPRESENTATION_CONTEXT(2) 
PARAMETRIC_REPRESENTATION_CONTEXT() REPRESENTATION_CONTEXT('2D SPACE',''
  ) );
#8621 = ORIENTED_EDGE('',*,*,#8622,.T.);
#8622 = EDGE_CURVE('',#8599,#8599,#8623,.T.);
#8623 = SURFACE_CURVE('',#8624,(#8629,#8636),.PCURVE_S1.);
#8624 = CIRCLE('',#8625,0.162249807396);
#8625 = AXIS2_PLACEMENT_3D('',#8626,#8627,#8628);
#8626 = CARTESIAN_POINT('',(-3.2,-2.8,0.));
#8627 = DIRECTION('',(0.,0.,1.));
#8628 = DIRECTION('',(1.,0.,-0.));
#8629 = PCURVE('',#8574,#8630);
#8630 = DEFINITIONAL_REPRESENTATION('',(#8631),#8635);
#8631 = LINE('',#8632,#8633);
#8632 = CARTESIAN_POINT('',(0.,-0.80872033608));
#8633 = VECTOR('',#8634,1.);
#8634 = DIRECTION('',(1.,0.));
#8635 = ( GEOMETRIC_REPRESENTATION_CONTEXT(2) 
PARAMETRIC_REPRESENTATION_CONTEXT() REPRESENTATION_CONTEXT('2D SPACE',''
  ) );
#8636 = PCURVE('',#8637,#8642);
#8637 = PLANE('',#8638);
#8638 = AXIS2_PLACEMENT_3D('',#8639,#8640,#8641);
#8639 = CARTESIAN_POINT('',(-3.45,-3.05,0.));
#8640 = DIRECTION('',(0.,0.,1.));
#8641 = DIRECTION('',(1.,0.,0.));
#8642 = DEFINITIONAL_REPRESENTATION('',(#8643),#8647);
#8643 = CIRCLE('',#8644,0.162249807396);
#8644 = AXIS2_PLACEMENT_2D('',#8645,#8646);
#8645 = CARTESIAN_POINT('',(0.25,0.25));
#8646 = DIRECTION('',(1.,0.));
#8647 = ( GEOMETRIC_REPRESENTATION_CONTEXT(2) 
PARAMETRIC_REPRESENTATION_CONTEXT() REPRESENTATION_CONTEXT('2D SPACE',''
  ) );
#8648 = ORIENTED_EDGE('',*,*,#8598,.T.);
#8649 = ADVANCED_FACE('',(#8650),#8586,.T.);
#8650 = FACE_BOUND('',#8651,.T.);
#8651 = EDGE_LOOP('',(#8652));
#8652 = ORIENTED_EDGE('',*,*,#8564,.T.);
#8653 = ADVANCED_FACE('',(#8654),#8637,.F.);
#8654 = FACE_BOUND('',#8655,.F.);
#8655 = EDGE_LOOP('',(#8656));
#8656 = ORIENTED_EDGE('',*,*,#8622,.T.);
#8657 = ( GEOMETRIC_REPRESENTATION_CONTEXT(3) 
GLOBAL_UNCERTAINTY_ASSIGNED_CONTEXT((#8661)) 
GLOBAL_UNIT_ASSIGNED_CONTEXT((#8658,#8659,#8660)) REPRESENTATION_CONTEXT
('Context #1','3D Context with UNIT and UNCERTAINTY') );
#8658 = ( LENGTH_UNIT() NAMED_UNIT(*) SI_UNIT(.MILLI.,.METRE.) );
#8659 = ( NAMED_UNIT(*) PLANE_ANGLE_UNIT() SI_UNIT($,.RADIAN.) );
#8660 = ( NAMED_UNIT(*) SI_UNIT($,.STERADIAN.) SOLID_ANGLE_UNIT() );
#8661 = UNCERTAINTY_MEASURE_WITH_UNIT(LENGTH_MEASURE(1.E-07),#8658,
  'distance_accuracy_value','confusion accuracy');
#8662 = CONTEXT_DEPENDENT_SHAPE_REPRESENTATION(#8663,#8665);
#8663 = ( REPRESENTATION_RELATIONSHIP('','',#8557,#10) 
REPRESENTATION_RELATIONSHIP_WITH_TRANSFORMATION(#8664) 
SHAPE_REPRESENTATION_RELATIONSHIP() );
#8664 = ITEM_DEFINED_TRANSFORMATION('','',#11,#283);
#8665 = PRODUCT_DEFINITION_SHAPE('Placement','Placement of an item',
  #8666);
#8666 = NEXT_ASSEMBLY_USAGE_OCCURRENCE('112','Ball_M1','',#5,#8552,$);
#8667 = PRODUCT_RELATED_PRODUCT_CATEGORY('part',$,(#8554));
#8668 = SHAPE_DEFINITION_REPRESENTATION(#8669,#8675);
#8669 = PRODUCT_DEFINITION_SHAPE('','',#8670);
#8670 = PRODUCT_DEFINITION('design','',#8671,#8674);
#8671 = PRODUCT_DEFINITION_FORMATION('','',#8672);
#8672 = PRODUCT('Ball_M2','Ball_M2','',(#8673));
#8673 = PRODUCT_CONTEXT('',#2,'mechanical');
#8674 = PRODUCT_DEFINITION_CONTEXT('part definition',#2,'design');
#8675 = ADVANCED_BREP_SHAPE_REPRESENTATION('',(#11,#8676),#8775);
#8676 = MANIFOLD_SOLID_BREP('',#8677);
#8677 = CLOSED_SHELL('',(#8678,#8767,#8771));
#8678 = ADVANCED_FACE('',(#8679),#8692,.T.);
#8679 = FACE_BOUND('',#8680,.T.);
#8680 = EDGE_LOOP('',(#8681,#8715,#8739,#8766));
#8681 = ORIENTED_EDGE('',*,*,#8682,.F.);
#8682 = EDGE_CURVE('',#8683,#8683,#8685,.T.);
#8683 = VERTEX_POINT('',#8684);
#8684 = CARTESIAN_POINT('',(-2.237750192604,-2.8,0.34));
#8685 = SURFACE_CURVE('',#8686,(#8691,#8703),.PCURVE_S1.);
#8686 = CIRCLE('',#8687,0.162249807396);
#8687 = AXIS2_PLACEMENT_3D('',#8688,#8689,#8690);
#8688 = CARTESIAN_POINT('',(-2.4,-2.8,0.34));
#8689 = DIRECTION('',(0.,0.,1.));
#8690 = DIRECTION('',(1.,0.,-0.));
#8691 = PCURVE('',#8692,#8697);
#8692 = SPHERICAL_SURFACE('',#8693,0.235);
#8693 = AXIS2_PLACEMENT_3D('',#8694,#8695,#8696);
#8694 = CARTESIAN_POINT('',(-2.4,-2.8,0.17));
#8695 = DIRECTION('',(0.,0.,1.));
#8696 = DIRECTION('',(1.,0.,0.));
#8697 = DEFINITIONAL_REPRESENTATION('',(#8698),#8702);
#8698 = LINE('',#8699,#8700);
#8699 = CARTESIAN_POINT('',(0.,0.80872033608));
#8700 = VECTOR('',#8701,1.);
#8701 = DIRECTION('',(1.,0.));
#8702 = ( GEOMETRIC_REPRESENTATION_CONTEXT(2) 
PARAMETRIC_REPRESENTATION_CONTEXT() REPRESENTATION_CONTEXT('2D SPACE',''
  ) );
#8703 = PCURVE('',#8704,#8709);
#8704 = PLANE('',#8705);
#8705 = AXIS2_PLACEMENT_3D('',#8706,#8707,#8708);
#8706 = CARTESIAN_POINT('',(-2.65,-3.05,0.34));
#8707 = DIRECTION('',(0.,0.,1.));
#8708 = DIRECTION('',(1.,0.,0.));
#8709 = DEFINITIONAL_REPRESENTATION('',(#8710),#8714);
#8710 = CIRCLE('',#8711,0.162249807396);
#8711 = AXIS2_PLACEMENT_2D('',#8712,#8713);
#8712 = CARTESIAN_POINT('',(0.25,0.25));
#8713 = DIRECTION('',(1.,0.));
#8714 = ( GEOMETRIC_REPRESENTATION_CONTEXT(2) 
PARAMETRIC_REPRESENTATION_CONTEXT() REPRESENTATION_CONTEXT('2D SPACE',''
  ) );
#8715 = ORIENTED_EDGE('',*,*,#8716,.F.);
#8716 = EDGE_CURVE('',#8717,#8683,#8719,.T.);
#8717 = VERTEX_POINT('',#8718);
#8718 = CARTESIAN_POINT('',(-2.237750192604,-2.8,-5.551115123126E-17));
#8719 = SEAM_CURVE('',#8720,(#8725,#8732),.PCURVE_S1.);
#8720 = CIRCLE('',#8721,0.235);
#8721 = AXIS2_PLACEMENT_3D('',#8722,#8723,#8724);
#8722 = CARTESIAN_POINT('',(-2.4,-2.8,0.17));
#8723 = DIRECTION('',(-2.449293598295E-16,-1.,0.));
#8724 = DIRECTION('',(1.,-2.449293598295E-16,0.));
#8725 = PCURVE('',#8692,#8726);
#8726 = DEFINITIONAL_REPRESENTATION('',(#8727),#8731);
#8727 = LINE('',#8728,#8729);
#8728 = CARTESIAN_POINT('',(6.28318530718,-6.28318530718));
#8729 = VECTOR('',#8730,1.);
#8730 = DIRECTION('',(0.,1.));
#8731 = ( GEOMETRIC_REPRESENTATION_CONTEXT(2) 
PARAMETRIC_REPRESENTATION_CONTEXT() REPRESENTATION_CONTEXT('2D SPACE',''
  ) );
#8732 = PCURVE('',#8692,#8733);
#8733 = DEFINITIONAL_REPRESENTATION('',(#8734),#8738);
#8734 = LINE('',#8735,#8736);
#8735 = CARTESIAN_POINT('',(0.,-6.28318530718));
#8736 = VECTOR('',#8737,1.);
#8737 = DIRECTION('',(0.,1.));
#8738 = ( GEOMETRIC_REPRESENTATION_CONTEXT(2) 
PARAMETRIC_REPRESENTATION_CONTEXT() REPRESENTATION_CONTEXT('2D SPACE',''
  ) );
#8739 = ORIENTED_EDGE('',*,*,#8740,.T.);
#8740 = EDGE_CURVE('',#8717,#8717,#8741,.T.);
#8741 = SURFACE_CURVE('',#8742,(#8747,#8754),.PCURVE_S1.);
#8742 = CIRCLE('',#8743,0.162249807396);
#8743 = AXIS2_PLACEMENT_3D('',#8744,#8745,#8746);
#8744 = CARTESIAN_POINT('',(-2.4,-2.8,0.));
#8745 = DIRECTION('',(0.,0.,1.));
#8746 = DIRECTION('',(1.,0.,-0.));
#8747 = PCURVE('',#8692,#8748);
#8748 = DEFINITIONAL_REPRESENTATION('',(#8749),#8753);
#8749 = LINE('',#8750,#8751);
#8750 = CARTESIAN_POINT('',(0.,-0.80872033608));
#8751 = VECTOR('',#8752,1.);
#8752 = DIRECTION('',(1.,0.));
#8753 = ( GEOMETRIC_REPRESENTATION_CONTEXT(2) 
PARAMETRIC_REPRESENTATION_CONTEXT() REPRESENTATION_CONTEXT('2D SPACE',''
  ) );
#8754 = PCURVE('',#8755,#8760);
#8755 = PLANE('',#8756);
#8756 = AXIS2_PLACEMENT_3D('',#8757,#8758,#8759);
#8757 = CARTESIAN_POINT('',(-2.65,-3.05,0.));
#8758 = DIRECTION('',(0.,0.,1.));
#8759 = DIRECTION('',(1.,0.,0.));
#8760 = DEFINITIONAL_REPRESENTATION('',(#8761),#8765);
#8761 = CIRCLE('',#8762,0.162249807396);
#8762 = AXIS2_PLACEMENT_2D('',#8763,#8764);
#8763 = CARTESIAN_POINT('',(0.25,0.25));
#8764 = DIRECTION('',(1.,0.));
#8765 = ( GEOMETRIC_REPRESENTATION_CONTEXT(2) 
PARAMETRIC_REPRESENTATION_CONTEXT() REPRESENTATION_CONTEXT('2D SPACE',''
  ) );
#8766 = ORIENTED_EDGE('',*,*,#8716,.T.);
#8767 = ADVANCED_FACE('',(#8768),#8704,.T.);
#8768 = FACE_BOUND('',#8769,.T.);
#8769 = EDGE_LOOP('',(#8770));
#8770 = ORIENTED_EDGE('',*,*,#8682,.T.);
#8771 = ADVANCED_FACE('',(#8772),#8755,.F.);
#8772 = FACE_BOUND('',#8773,.F.);
#8773 = EDGE_LOOP('',(#8774));
#8774 = ORIENTED_EDGE('',*,*,#8740,.T.);
#8775 = ( GEOMETRIC_REPRESENTATION_CONTEXT(3) 
GLOBAL_UNCERTAINTY_ASSIGNED_CONTEXT((#8779)) 
GLOBAL_UNIT_ASSIGNED_CONTEXT((#8776,#8777,#8778)) REPRESENTATION_CONTEXT
('Context #1','3D Context with UNIT and UNCERTAINTY') );
#8776 = ( LENGTH_UNIT() NAMED_UNIT(*) SI_UNIT(.MILLI.,.METRE.) );
#8777 = ( NAMED_UNIT(*) PLANE_ANGLE_UNIT() SI_UNIT($,.RADIAN.) );
#8778 = ( NAMED_UNIT(*) SI_UNIT($,.STERADIAN.) SOLID_ANGLE_UNIT() );
#8779 = UNCERTAINTY_MEASURE_WITH_UNIT(LENGTH_MEASURE(1.E-07),#8776,
  'distance_accuracy_value','confusion accuracy');
#8780 = CONTEXT_DEPENDENT_SHAPE_REPRESENTATION(#8781,#8783);
#8781 = ( REPRESENTATION_RELATIONSHIP('','',#8675,#10) 
REPRESENTATION_RELATIONSHIP_WITH_TRANSFORMATION(#8782) 
SHAPE_REPRESENTATION_RELATIONSHIP() );
#8782 = ITEM_DEFINED_TRANSFORMATION('','',#11,#287);
#8783 = PRODUCT_DEFINITION_SHAPE('Placement','Placement of an item',
  #8784);
#8784 = NEXT_ASSEMBLY_USAGE_OCCURRENCE('113','Ball_M2','',#5,#8670,$);
#8785 = PRODUCT_RELATED_PRODUCT_CATEGORY('part',$,(#8672));
#8786 = SHAPE_DEFINITION_REPRESENTATION(#8787,#8793);
#8787 = PRODUCT_DEFINITION_SHAPE('','',#8788);
#8788 = PRODUCT_DEFINITION('design','',#8789,#8792);
#8789 = PRODUCT_DEFINITION_FORMATION('','',#8790);
#8790 = PRODUCT('Ball_M3','Ball_M3','',(#8791));
#8791 = PRODUCT_CONTEXT('',#2,'mechanical');
#8792 = PRODUCT_DEFINITION_CONTEXT('part definition',#2,'design');
#8793 = ADVANCED_BREP_SHAPE_REPRESENTATION('',(#11,#8794),#8893);
#8794 = MANIFOLD_SOLID_BREP('',#8795);
#8795 = CLOSED_SHELL('',(#8796,#8885,#8889));
#8796 = ADVANCED_FACE('',(#8797),#8810,.T.);
#8797 = FACE_BOUND('',#8798,.T.);
#8798 = EDGE_LOOP('',(#8799,#8833,#8857,#8884));
#8799 = ORIENTED_EDGE('',*,*,#8800,.F.);
#8800 = EDGE_CURVE('',#8801,#8801,#8803,.T.);
#8801 = VERTEX_POINT('',#8802);
#8802 = CARTESIAN_POINT('',(-1.437750192604,-2.8,0.34));
#8803 = SURFACE_CURVE('',#8804,(#8809,#8821),.PCURVE_S1.);
#8804 = CIRCLE('',#8805,0.162249807396);
#8805 = AXIS2_PLACEMENT_3D('',#8806,#8807,#8808);
#8806 = CARTESIAN_POINT('',(-1.6,-2.8,0.34));
#8807 = DIRECTION('',(0.,0.,1.));
#8808 = DIRECTION('',(1.,0.,-0.));
#8809 = PCURVE('',#8810,#8815);
#8810 = SPHERICAL_SURFACE('',#8811,0.235);
#8811 = AXIS2_PLACEMENT_3D('',#8812,#8813,#8814);
#8812 = CARTESIAN_POINT('',(-1.6,-2.8,0.17));
#8813 = DIRECTION('',(0.,0.,1.));
#8814 = DIRECTION('',(1.,0.,0.));
#8815 = DEFINITIONAL_REPRESENTATION('',(#8816),#8820);
#8816 = LINE('',#8817,#8818);
#8817 = CARTESIAN_POINT('',(0.,0.80872033608));
#8818 = VECTOR('',#8819,1.);
#8819 = DIRECTION('',(1.,0.));
#8820 = ( GEOMETRIC_REPRESENTATION_CONTEXT(2) 
PARAMETRIC_REPRESENTATION_CONTEXT() REPRESENTATION_CONTEXT('2D SPACE',''
  ) );
#8821 = PCURVE('',#8822,#8827);
#8822 = PLANE('',#8823);
#8823 = AXIS2_PLACEMENT_3D('',#8824,#8825,#8826);
#8824 = CARTESIAN_POINT('',(-1.85,-3.05,0.34));
#8825 = DIRECTION('',(0.,0.,1.));
#8826 = DIRECTION('',(1.,0.,0.));
#8827 = DEFINITIONAL_REPRESENTATION('',(#8828),#8832);
#8828 = CIRCLE('',#8829,0.162249807396);
#8829 = AXIS2_PLACEMENT_2D('',#8830,#8831);
#8830 = CARTESIAN_POINT('',(0.25,0.25));
#8831 = DIRECTION('',(1.,0.));
#8832 = ( GEOMETRIC_REPRESENTATION_CONTEXT(2) 
PARAMETRIC_REPRESENTATION_CONTEXT() REPRESENTATION_CONTEXT('2D SPACE',''
  ) );
#8833 = ORIENTED_EDGE('',*,*,#8834,.F.);
#8834 = EDGE_CURVE('',#8835,#8801,#8837,.T.);
#8835 = VERTEX_POINT('',#8836);
#8836 = CARTESIAN_POINT('',(-1.437750192604,-2.8,-5.551115123126E-17));
#8837 = SEAM_CURVE('',#8838,(#8843,#8850),.PCURVE_S1.);
#8838 = CIRCLE('',#8839,0.235);
#8839 = AXIS2_PLACEMENT_3D('',#8840,#8841,#8842);
#8840 = CARTESIAN_POINT('',(-1.6,-2.8,0.17));
#8841 = DIRECTION('',(-2.449293598295E-16,-1.,0.));
#8842 = DIRECTION('',(1.,-2.449293598295E-16,0.));
#8843 = PCURVE('',#8810,#8844);
#8844 = DEFINITIONAL_REPRESENTATION('',(#8845),#8849);
#8845 = LINE('',#8846,#8847);
#8846 = CARTESIAN_POINT('',(6.28318530718,-6.28318530718));
#8847 = VECTOR('',#8848,1.);
#8848 = DIRECTION('',(0.,1.));
#8849 = ( GEOMETRIC_REPRESENTATION_CONTEXT(2) 
PARAMETRIC_REPRESENTATION_CONTEXT() REPRESENTATION_CONTEXT('2D SPACE',''
  ) );
#8850 = PCURVE('',#8810,#8851);
#8851 = DEFINITIONAL_REPRESENTATION('',(#8852),#8856);
#8852 = LINE('',#8853,#8854);
#8853 = CARTESIAN_POINT('',(0.,-6.28318530718));
#8854 = VECTOR('',#8855,1.);
#8855 = DIRECTION('',(0.,1.));
#8856 = ( GEOMETRIC_REPRESENTATION_CONTEXT(2) 
PARAMETRIC_REPRESENTATION_CONTEXT() REPRESENTATION_CONTEXT('2D SPACE',''
  ) );
#8857 = ORIENTED_EDGE('',*,*,#8858,.T.);
#8858 = EDGE_CURVE('',#8835,#8835,#8859,.T.);
#8859 = SURFACE_CURVE('',#8860,(#8865,#8872),.PCURVE_S1.);
#8860 = CIRCLE('',#8861,0.162249807396);
#8861 = AXIS2_PLACEMENT_3D('',#8862,#8863,#8864);
#8862 = CARTESIAN_POINT('',(-1.6,-2.8,0.));
#8863 = DIRECTION('',(0.,0.,1.));
#8864 = DIRECTION('',(1.,0.,-0.));
#8865 = PCURVE('',#8810,#8866);
#8866 = DEFINITIONAL_REPRESENTATION('',(#8867),#8871);
#8867 = LINE('',#8868,#8869);
#8868 = CARTESIAN_POINT('',(0.,-0.80872033608));
#8869 = VECTOR('',#8870,1.);
#8870 = DIRECTION('',(1.,0.));
#8871 = ( GEOMETRIC_REPRESENTATION_CONTEXT(2) 
PARAMETRIC_REPRESENTATION_CONTEXT() REPRESENTATION_CONTEXT('2D SPACE',''
  ) );
#8872 = PCURVE('',#8873,#8878);
#8873 = PLANE('',#8874);
#8874 = AXIS2_PLACEMENT_3D('',#8875,#8876,#8877);
#8875 = CARTESIAN_POINT('',(-1.85,-3.05,0.));
#8876 = DIRECTION('',(0.,0.,1.));
#8877 = DIRECTION('',(1.,0.,0.));
#8878 = DEFINITIONAL_REPRESENTATION('',(#8879),#8883);
#8879 = CIRCLE('',#8880,0.162249807396);
#8880 = AXIS2_PLACEMENT_2D('',#8881,#8882);
#8881 = CARTESIAN_POINT('',(0.25,0.25));
#8882 = DIRECTION('',(1.,0.));
#8883 = ( GEOMETRIC_REPRESENTATION_CONTEXT(2) 
PARAMETRIC_REPRESENTATION_CONTEXT() REPRESENTATION_CONTEXT('2D SPACE',''
  ) );
#8884 = ORIENTED_EDGE('',*,*,#8834,.T.);
#8885 = ADVANCED_FACE('',(#8886),#8822,.T.);
#8886 = FACE_BOUND('',#8887,.T.);
#8887 = EDGE_LOOP('',(#8888));
#8888 = ORIENTED_EDGE('',*,*,#8800,.T.);
#8889 = ADVANCED_FACE('',(#8890),#8873,.F.);
#8890 = FACE_BOUND('',#8891,.F.);
#8891 = EDGE_LOOP('',(#8892));
#8892 = ORIENTED_EDGE('',*,*,#8858,.T.);
#8893 = ( GEOMETRIC_REPRESENTATION_CONTEXT(3) 
GLOBAL_UNCERTAINTY_ASSIGNED_CONTEXT((#8897)) 
GLOBAL_UNIT_ASSIGNED_CONTEXT((#8894,#8895,#8896)) REPRESENTATION_CONTEXT
('Context #1','3D Context with UNIT and UNCERTAINTY') );
#8894 = ( LENGTH_UNIT() NAMED_UNIT(*) SI_UNIT(.MILLI.,.METRE.) );
#8895 = ( NAMED_UNIT(*) PLANE_ANGLE_UNIT() SI_UNIT($,.RADIAN.) );
#8896 = ( NAMED_UNIT(*) SI_UNIT($,.STERADIAN.) SOLID_ANGLE_UNIT() );
#8897 = UNCERTAINTY_MEASURE_WITH_UNIT(LENGTH_MEASURE(1.E-07),#8894,
  'distance_accuracy_value','confusion accuracy');
#8898 = CONTEXT_DEPENDENT_SHAPE_REPRESENTATION(#8899,#8901);
#8899 = ( REPRESENTATION_RELATIONSHIP('','',#8793,#10) 
REPRESENTATION_RELATIONSHIP_WITH_TRANSFORMATION(#8900) 
SHAPE_REPRESENTATION_RELATIONSHIP() );
#8900 = ITEM_DEFINED_TRANSFORMATION('','',#11,#291);
#8901 = PRODUCT_DEFINITION_SHAPE('Placement','Placement of an item',
  #8902);
#8902 = NEXT_ASSEMBLY_USAGE_OCCURRENCE('114','Ball_M3','',#5,#8788,$);
#8903 = PRODUCT_RELATED_PRODUCT_CATEGORY('part',$,(#8790));
#8904 = SHAPE_DEFINITION_REPRESENTATION(#8905,#8911);
#8905 = PRODUCT_DEFINITION_SHAPE('','',#8906);
#8906 = PRODUCT_DEFINITION('design','',#8907,#8910);
#8907 = PRODUCT_DEFINITION_FORMATION('','',#8908);
#8908 = PRODUCT('Ball_M7','Ball_M7','',(#8909));
#8909 = PRODUCT_CONTEXT('',#2,'mechanical');
#8910 = PRODUCT_DEFINITION_CONTEXT('part definition',#2,'design');
#8911 = ADVANCED_BREP_SHAPE_REPRESENTATION('',(#11,#8912),#9011);
#8912 = MANIFOLD_SOLID_BREP('',#8913);
#8913 = CLOSED_SHELL('',(#8914,#9003,#9007));
#8914 = ADVANCED_FACE('',(#8915),#8928,.T.);
#8915 = FACE_BOUND('',#8916,.T.);
#8916 = EDGE_LOOP('',(#8917,#8951,#8975,#9002));
#8917 = ORIENTED_EDGE('',*,*,#8918,.F.);
#8918 = EDGE_CURVE('',#8919,#8919,#8921,.T.);
#8919 = VERTEX_POINT('',#8920);
#8920 = CARTESIAN_POINT('',(1.762249807396,-2.8,0.34));
#8921 = SURFACE_CURVE('',#8922,(#8927,#8939),.PCURVE_S1.);
#8922 = CIRCLE('',#8923,0.162249807396);
#8923 = AXIS2_PLACEMENT_3D('',#8924,#8925,#8926);
#8924 = CARTESIAN_POINT('',(1.6,-2.8,0.34));
#8925 = DIRECTION('',(0.,0.,1.));
#8926 = DIRECTION('',(1.,0.,-0.));
#8927 = PCURVE('',#8928,#8933);
#8928 = SPHERICAL_SURFACE('',#8929,0.235);
#8929 = AXIS2_PLACEMENT_3D('',#8930,#8931,#8932);
#8930 = CARTESIAN_POINT('',(1.6,-2.8,0.17));
#8931 = DIRECTION('',(0.,0.,1.));
#8932 = DIRECTION('',(1.,0.,0.));
#8933 = DEFINITIONAL_REPRESENTATION('',(#8934),#8938);
#8934 = LINE('',#8935,#8936);
#8935 = CARTESIAN_POINT('',(0.,0.80872033608));
#8936 = VECTOR('',#8937,1.);
#8937 = DIRECTION('',(1.,0.));
#8938 = ( GEOMETRIC_REPRESENTATION_CONTEXT(2) 
PARAMETRIC_REPRESENTATION_CONTEXT() REPRESENTATION_CONTEXT('2D SPACE',''
  ) );
#8939 = PCURVE('',#8940,#8945);
#8940 = PLANE('',#8941);
#8941 = AXIS2_PLACEMENT_3D('',#8942,#8943,#8944);
#8942 = CARTESIAN_POINT('',(1.35,-3.05,0.34));
#8943 = DIRECTION('',(0.,0.,1.));
#8944 = DIRECTION('',(1.,0.,0.));
#8945 = DEFINITIONAL_REPRESENTATION('',(#8946),#8950);
#8946 = CIRCLE('',#8947,0.162249807396);
#8947 = AXIS2_PLACEMENT_2D('',#8948,#8949);
#8948 = CARTESIAN_POINT('',(0.25,0.25));
#8949 = DIRECTION('',(1.,0.));
#8950 = ( GEOMETRIC_REPRESENTATION_CONTEXT(2) 
PARAMETRIC_REPRESENTATION_CONTEXT() REPRESENTATION_CONTEXT('2D SPACE',''
  ) );
#8951 = ORIENTED_EDGE('',*,*,#8952,.F.);
#8952 = EDGE_CURVE('',#8953,#8919,#8955,.T.);
#8953 = VERTEX_POINT('',#8954);
#8954 = CARTESIAN_POINT('',(1.762249807396,-2.8,-5.551115123126E-17));
#8955 = SEAM_CURVE('',#8956,(#8961,#8968),.PCURVE_S1.);
#8956 = CIRCLE('',#8957,0.235);
#8957 = AXIS2_PLACEMENT_3D('',#8958,#8959,#8960);
#8958 = CARTESIAN_POINT('',(1.6,-2.8,0.17));
#8959 = DIRECTION('',(-2.449293598295E-16,-1.,0.));
#8960 = DIRECTION('',(1.,-2.449293598295E-16,0.));
#8961 = PCURVE('',#8928,#8962);
#8962 = DEFINITIONAL_REPRESENTATION('',(#8963),#8967);
#8963 = LINE('',#8964,#8965);
#8964 = CARTESIAN_POINT('',(6.28318530718,-6.28318530718));
#8965 = VECTOR('',#8966,1.);
#8966 = DIRECTION('',(0.,1.));
#8967 = ( GEOMETRIC_REPRESENTATION_CONTEXT(2) 
PARAMETRIC_REPRESENTATION_CONTEXT() REPRESENTATION_CONTEXT('2D SPACE',''
  ) );
#8968 = PCURVE('',#8928,#8969);
#8969 = DEFINITIONAL_REPRESENTATION('',(#8970),#8974);
#8970 = LINE('',#8971,#8972);
#8971 = CARTESIAN_POINT('',(0.,-6.28318530718));
#8972 = VECTOR('',#8973,1.);
#8973 = DIRECTION('',(0.,1.));
#8974 = ( GEOMETRIC_REPRESENTATION_CONTEXT(2) 
PARAMETRIC_REPRESENTATION_CONTEXT() REPRESENTATION_CONTEXT('2D SPACE',''
  ) );
#8975 = ORIENTED_EDGE('',*,*,#8976,.T.);
#8976 = EDGE_CURVE('',#8953,#8953,#8977,.T.);
#8977 = SURFACE_CURVE('',#8978,(#8983,#8990),.PCURVE_S1.);
#8978 = CIRCLE('',#8979,0.162249807396);
#8979 = AXIS2_PLACEMENT_3D('',#8980,#8981,#8982);
#8980 = CARTESIAN_POINT('',(1.6,-2.8,0.));
#8981 = DIRECTION('',(0.,0.,1.));
#8982 = DIRECTION('',(1.,0.,-0.));
#8983 = PCURVE('',#8928,#8984);
#8984 = DEFINITIONAL_REPRESENTATION('',(#8985),#8989);
#8985 = LINE('',#8986,#8987);
#8986 = CARTESIAN_POINT('',(0.,-0.80872033608));
#8987 = VECTOR('',#8988,1.);
#8988 = DIRECTION('',(1.,0.));
#8989 = ( GEOMETRIC_REPRESENTATION_CONTEXT(2) 
PARAMETRIC_REPRESENTATION_CONTEXT() REPRESENTATION_CONTEXT('2D SPACE',''
  ) );
#8990 = PCURVE('',#8991,#8996);
#8991 = PLANE('',#8992);
#8992 = AXIS2_PLACEMENT_3D('',#8993,#8994,#8995);
#8993 = CARTESIAN_POINT('',(1.35,-3.05,0.));
#8994 = DIRECTION('',(0.,0.,1.));
#8995 = DIRECTION('',(1.,0.,0.));
#8996 = DEFINITIONAL_REPRESENTATION('',(#8997),#9001);
#8997 = CIRCLE('',#8998,0.162249807396);
#8998 = AXIS2_PLACEMENT_2D('',#8999,#9000);
#8999 = CARTESIAN_POINT('',(0.25,0.25));
#9000 = DIRECTION('',(1.,0.));
#9001 = ( GEOMETRIC_REPRESENTATION_CONTEXT(2) 
PARAMETRIC_REPRESENTATION_CONTEXT() REPRESENTATION_CONTEXT('2D SPACE',''
  ) );
#9002 = ORIENTED_EDGE('',*,*,#8952,.T.);
#9003 = ADVANCED_FACE('',(#9004),#8940,.T.);
#9004 = FACE_BOUND('',#9005,.T.);
#9005 = EDGE_LOOP('',(#9006));
#9006 = ORIENTED_EDGE('',*,*,#8918,.T.);
#9007 = ADVANCED_FACE('',(#9008),#8991,.F.);
#9008 = FACE_BOUND('',#9009,.F.);
#9009 = EDGE_LOOP('',(#9010));
#9010 = ORIENTED_EDGE('',*,*,#8976,.T.);
#9011 = ( GEOMETRIC_REPRESENTATION_CONTEXT(3) 
GLOBAL_UNCERTAINTY_ASSIGNED_CONTEXT((#9015)) 
GLOBAL_UNIT_ASSIGNED_CONTEXT((#9012,#9013,#9014)) REPRESENTATION_CONTEXT
('Context #1','3D Context with UNIT and UNCERTAINTY') );
#9012 = ( LENGTH_UNIT() NAMED_UNIT(*) SI_UNIT(.MILLI.,.METRE.) );
#9013 = ( NAMED_UNIT(*) PLANE_ANGLE_UNIT() SI_UNIT($,.RADIAN.) );
#9014 = ( NAMED_UNIT(*) SI_UNIT($,.STERADIAN.) SOLID_ANGLE_UNIT() );
#9015 = UNCERTAINTY_MEASURE_WITH_UNIT(LENGTH_MEASURE(1.E-07),#9012,
  'distance_accuracy_value','confusion accuracy');
#9016 = CONTEXT_DEPENDENT_SHAPE_REPRESENTATION(#9017,#9019);
#9017 = ( REPRESENTATION_RELATIONSHIP('','',#8911,#10) 
REPRESENTATION_RELATIONSHIP_WITH_TRANSFORMATION(#9018) 
SHAPE_REPRESENTATION_RELATIONSHIP() );
#9018 = ITEM_DEFINED_TRANSFORMATION('','',#11,#295);
#9019 = PRODUCT_DEFINITION_SHAPE('Placement','Placement of an item',
  #9020);
#9020 = NEXT_ASSEMBLY_USAGE_OCCURRENCE('115','Ball_M7','',#5,#8906,$);
#9021 = PRODUCT_RELATED_PRODUCT_CATEGORY('part',$,(#8908));
#9022 = SHAPE_DEFINITION_REPRESENTATION(#9023,#9029);
#9023 = PRODUCT_DEFINITION_SHAPE('','',#9024);
#9024 = PRODUCT_DEFINITION('design','',#9025,#9028);
#9025 = PRODUCT_DEFINITION_FORMATION('','',#9026);
#9026 = PRODUCT('Ball_M8','Ball_M8','',(#9027));
#9027 = PRODUCT_CONTEXT('',#2,'mechanical');
#9028 = PRODUCT_DEFINITION_CONTEXT('part definition',#2,'design');
#9029 = ADVANCED_BREP_SHAPE_REPRESENTATION('',(#11,#9030),#9129);
#9030 = MANIFOLD_SOLID_BREP('',#9031);
#9031 = CLOSED_SHELL('',(#9032,#9121,#9125));
#9032 = ADVANCED_FACE('',(#9033),#9046,.T.);
#9033 = FACE_BOUND('',#9034,.T.);
#9034 = EDGE_LOOP('',(#9035,#9069,#9093,#9120));
#9035 = ORIENTED_EDGE('',*,*,#9036,.F.);
#9036 = EDGE_CURVE('',#9037,#9037,#9039,.T.);
#9037 = VERTEX_POINT('',#9038);
#9038 = CARTESIAN_POINT('',(2.562249807396,-2.8,0.34));
#9039 = SURFACE_CURVE('',#9040,(#9045,#9057),.PCURVE_S1.);
#9040 = CIRCLE('',#9041,0.162249807396);
#9041 = AXIS2_PLACEMENT_3D('',#9042,#9043,#9044);
#9042 = CARTESIAN_POINT('',(2.4,-2.8,0.34));
#9043 = DIRECTION('',(0.,0.,1.));
#9044 = DIRECTION('',(1.,0.,-0.));
#9045 = PCURVE('',#9046,#9051);
#9046 = SPHERICAL_SURFACE('',#9047,0.235);
#9047 = AXIS2_PLACEMENT_3D('',#9048,#9049,#9050);
#9048 = CARTESIAN_POINT('',(2.4,-2.8,0.17));
#9049 = DIRECTION('',(0.,0.,1.));
#9050 = DIRECTION('',(1.,0.,0.));
#9051 = DEFINITIONAL_REPRESENTATION('',(#9052),#9056);
#9052 = LINE('',#9053,#9054);
#9053 = CARTESIAN_POINT('',(0.,0.80872033608));
#9054 = VECTOR('',#9055,1.);
#9055 = DIRECTION('',(1.,0.));
#9056 = ( GEOMETRIC_REPRESENTATION_CONTEXT(2) 
PARAMETRIC_REPRESENTATION_CONTEXT() REPRESENTATION_CONTEXT('2D SPACE',''
  ) );
#9057 = PCURVE('',#9058,#9063);
#9058 = PLANE('',#9059);
#9059 = AXIS2_PLACEMENT_3D('',#9060,#9061,#9062);
#9060 = CARTESIAN_POINT('',(2.15,-3.05,0.34));
#9061 = DIRECTION('',(0.,0.,1.));
#9062 = DIRECTION('',(1.,0.,0.));
#9063 = DEFINITIONAL_REPRESENTATION('',(#9064),#9068);
#9064 = CIRCLE('',#9065,0.162249807396);
#9065 = AXIS2_PLACEMENT_2D('',#9066,#9067);
#9066 = CARTESIAN_POINT('',(0.25,0.25));
#9067 = DIRECTION('',(1.,0.));
#9068 = ( GEOMETRIC_REPRESENTATION_CONTEXT(2) 
PARAMETRIC_REPRESENTATION_CONTEXT() REPRESENTATION_CONTEXT('2D SPACE',''
  ) );
#9069 = ORIENTED_EDGE('',*,*,#9070,.F.);
#9070 = EDGE_CURVE('',#9071,#9037,#9073,.T.);
#9071 = VERTEX_POINT('',#9072);
#9072 = CARTESIAN_POINT('',(2.562249807396,-2.8,-5.551115123126E-17));
#9073 = SEAM_CURVE('',#9074,(#9079,#9086),.PCURVE_S1.);
#9074 = CIRCLE('',#9075,0.235);
#9075 = AXIS2_PLACEMENT_3D('',#9076,#9077,#9078);
#9076 = CARTESIAN_POINT('',(2.4,-2.8,0.17));
#9077 = DIRECTION('',(-2.449293598295E-16,-1.,0.));
#9078 = DIRECTION('',(1.,-2.449293598295E-16,0.));
#9079 = PCURVE('',#9046,#9080);
#9080 = DEFINITIONAL_REPRESENTATION('',(#9081),#9085);
#9081 = LINE('',#9082,#9083);
#9082 = CARTESIAN_POINT('',(6.28318530718,-6.28318530718));
#9083 = VECTOR('',#9084,1.);
#9084 = DIRECTION('',(0.,1.));
#9085 = ( GEOMETRIC_REPRESENTATION_CONTEXT(2) 
PARAMETRIC_REPRESENTATION_CONTEXT() REPRESENTATION_CONTEXT('2D SPACE',''
  ) );
#9086 = PCURVE('',#9046,#9087);
#9087 = DEFINITIONAL_REPRESENTATION('',(#9088),#9092);
#9088 = LINE('',#9089,#9090);
#9089 = CARTESIAN_POINT('',(0.,-6.28318530718));
#9090 = VECTOR('',#9091,1.);
#9091 = DIRECTION('',(0.,1.));
#9092 = ( GEOMETRIC_REPRESENTATION_CONTEXT(2) 
PARAMETRIC_REPRESENTATION_CONTEXT() REPRESENTATION_CONTEXT('2D SPACE',''
  ) );
#9093 = ORIENTED_EDGE('',*,*,#9094,.T.);
#9094 = EDGE_CURVE('',#9071,#9071,#9095,.T.);
#9095 = SURFACE_CURVE('',#9096,(#9101,#9108),.PCURVE_S1.);
#9096 = CIRCLE('',#9097,0.162249807396);
#9097 = AXIS2_PLACEMENT_3D('',#9098,#9099,#9100);
#9098 = CARTESIAN_POINT('',(2.4,-2.8,0.));
#9099 = DIRECTION('',(0.,0.,1.));
#9100 = DIRECTION('',(1.,0.,-0.));
#9101 = PCURVE('',#9046,#9102);
#9102 = DEFINITIONAL_REPRESENTATION('',(#9103),#9107);
#9103 = LINE('',#9104,#9105);
#9104 = CARTESIAN_POINT('',(0.,-0.80872033608));
#9105 = VECTOR('',#9106,1.);
#9106 = DIRECTION('',(1.,0.));
#9107 = ( GEOMETRIC_REPRESENTATION_CONTEXT(2) 
PARAMETRIC_REPRESENTATION_CONTEXT() REPRESENTATION_CONTEXT('2D SPACE',''
  ) );
#9108 = PCURVE('',#9109,#9114);
#9109 = PLANE('',#9110);
#9110 = AXIS2_PLACEMENT_3D('',#9111,#9112,#9113);
#9111 = CARTESIAN_POINT('',(2.15,-3.05,0.));
#9112 = DIRECTION('',(0.,0.,1.));
#9113 = DIRECTION('',(1.,0.,0.));
#9114 = DEFINITIONAL_REPRESENTATION('',(#9115),#9119);
#9115 = CIRCLE('',#9116,0.162249807396);
#9116 = AXIS2_PLACEMENT_2D('',#9117,#9118);
#9117 = CARTESIAN_POINT('',(0.25,0.25));
#9118 = DIRECTION('',(1.,0.));
#9119 = ( GEOMETRIC_REPRESENTATION_CONTEXT(2) 
PARAMETRIC_REPRESENTATION_CONTEXT() REPRESENTATION_CONTEXT('2D SPACE',''
  ) );
#9120 = ORIENTED_EDGE('',*,*,#9070,.T.);
#9121 = ADVANCED_FACE('',(#9122),#9058,.T.);
#9122 = FACE_BOUND('',#9123,.T.);
#9123 = EDGE_LOOP('',(#9124));
#9124 = ORIENTED_EDGE('',*,*,#9036,.T.);
#9125 = ADVANCED_FACE('',(#9126),#9109,.F.);
#9126 = FACE_BOUND('',#9127,.F.);
#9127 = EDGE_LOOP('',(#9128));
#9128 = ORIENTED_EDGE('',*,*,#9094,.T.);
#9129 = ( GEOMETRIC_REPRESENTATION_CONTEXT(3) 
GLOBAL_UNCERTAINTY_ASSIGNED_CONTEXT((#9133)) 
GLOBAL_UNIT_ASSIGNED_CONTEXT((#9130,#9131,#9132)) REPRESENTATION_CONTEXT
('Context #1','3D Context with UNIT and UNCERTAINTY') );
#9130 = ( LENGTH_UNIT() NAMED_UNIT(*) SI_UNIT(.MILLI.,.METRE.) );
#9131 = ( NAMED_UNIT(*) PLANE_ANGLE_UNIT() SI_UNIT($,.RADIAN.) );
#9132 = ( NAMED_UNIT(*) SI_UNIT($,.STERADIAN.) SOLID_ANGLE_UNIT() );
#9133 = UNCERTAINTY_MEASURE_WITH_UNIT(LENGTH_MEASURE(1.E-07),#9130,
  'distance_accuracy_value','confusion accuracy');
#9134 = CONTEXT_DEPENDENT_SHAPE_REPRESENTATION(#9135,#9137);
#9135 = ( REPRESENTATION_RELATIONSHIP('','',#9029,#10) 
REPRESENTATION_RELATIONSHIP_WITH_TRANSFORMATION(#9136) 
SHAPE_REPRESENTATION_RELATIONSHIP() );
#9136 = ITEM_DEFINED_TRANSFORMATION('','',#11,#299);
#9137 = PRODUCT_DEFINITION_SHAPE('Placement','Placement of an item',
  #9138);
#9138 = NEXT_ASSEMBLY_USAGE_OCCURRENCE('116','Ball_M8','',#5,#9024,$);
#9139 = PRODUCT_RELATED_PRODUCT_CATEGORY('part',$,(#9026));
#9140 = SHAPE_DEFINITION_REPRESENTATION(#9141,#9147);
#9141 = PRODUCT_DEFINITION_SHAPE('','',#9142);
#9142 = PRODUCT_DEFINITION('design','',#9143,#9146);
#9143 = PRODUCT_DEFINITION_FORMATION('','',#9144);
#9144 = PRODUCT('Ball_M9','Ball_M9','',(#9145));
#9145 = PRODUCT_CONTEXT('',#2,'mechanical');
#9146 = PRODUCT_DEFINITION_CONTEXT('part definition',#2,'design');
#9147 = ADVANCED_BREP_SHAPE_REPRESENTATION('',(#11,#9148),#9247);
#9148 = MANIFOLD_SOLID_BREP('',#9149);
#9149 = CLOSED_SHELL('',(#9150,#9239,#9243));
#9150 = ADVANCED_FACE('',(#9151),#9164,.T.);
#9151 = FACE_BOUND('',#9152,.T.);
#9152 = EDGE_LOOP('',(#9153,#9187,#9211,#9238));
#9153 = ORIENTED_EDGE('',*,*,#9154,.F.);
#9154 = EDGE_CURVE('',#9155,#9155,#9157,.T.);
#9155 = VERTEX_POINT('',#9156);
#9156 = CARTESIAN_POINT('',(3.362249807396,-2.8,0.34));
#9157 = SURFACE_CURVE('',#9158,(#9163,#9175),.PCURVE_S1.);
#9158 = CIRCLE('',#9159,0.162249807396);
#9159 = AXIS2_PLACEMENT_3D('',#9160,#9161,#9162);
#9160 = CARTESIAN_POINT('',(3.2,-2.8,0.34));
#9161 = DIRECTION('',(0.,0.,1.));
#9162 = DIRECTION('',(1.,0.,-0.));
#9163 = PCURVE('',#9164,#9169);
#9164 = SPHERICAL_SURFACE('',#9165,0.235);
#9165 = AXIS2_PLACEMENT_3D('',#9166,#9167,#9168);
#9166 = CARTESIAN_POINT('',(3.2,-2.8,0.17));
#9167 = DIRECTION('',(0.,0.,1.));
#9168 = DIRECTION('',(1.,0.,0.));
#9169 = DEFINITIONAL_REPRESENTATION('',(#9170),#9174);
#9170 = LINE('',#9171,#9172);
#9171 = CARTESIAN_POINT('',(0.,0.80872033608));
#9172 = VECTOR('',#9173,1.);
#9173 = DIRECTION('',(1.,0.));
#9174 = ( GEOMETRIC_REPRESENTATION_CONTEXT(2) 
PARAMETRIC_REPRESENTATION_CONTEXT() REPRESENTATION_CONTEXT('2D SPACE',''
  ) );
#9175 = PCURVE('',#9176,#9181);
#9176 = PLANE('',#9177);
#9177 = AXIS2_PLACEMENT_3D('',#9178,#9179,#9180);
#9178 = CARTESIAN_POINT('',(2.95,-3.05,0.34));
#9179 = DIRECTION('',(0.,0.,1.));
#9180 = DIRECTION('',(1.,0.,0.));
#9181 = DEFINITIONAL_REPRESENTATION('',(#9182),#9186);
#9182 = CIRCLE('',#9183,0.162249807396);
#9183 = AXIS2_PLACEMENT_2D('',#9184,#9185);
#9184 = CARTESIAN_POINT('',(0.25,0.25));
#9185 = DIRECTION('',(1.,0.));
#9186 = ( GEOMETRIC_REPRESENTATION_CONTEXT(2) 
PARAMETRIC_REPRESENTATION_CONTEXT() REPRESENTATION_CONTEXT('2D SPACE',''
  ) );
#9187 = ORIENTED_EDGE('',*,*,#9188,.F.);
#9188 = EDGE_CURVE('',#9189,#9155,#9191,.T.);
#9189 = VERTEX_POINT('',#9190);
#9190 = CARTESIAN_POINT('',(3.362249807396,-2.8,-5.551115123126E-17));
#9191 = SEAM_CURVE('',#9192,(#9197,#9204),.PCURVE_S1.);
#9192 = CIRCLE('',#9193,0.235);
#9193 = AXIS2_PLACEMENT_3D('',#9194,#9195,#9196);
#9194 = CARTESIAN_POINT('',(3.2,-2.8,0.17));
#9195 = DIRECTION('',(-2.449293598295E-16,-1.,0.));
#9196 = DIRECTION('',(1.,-2.449293598295E-16,0.));
#9197 = PCURVE('',#9164,#9198);
#9198 = DEFINITIONAL_REPRESENTATION('',(#9199),#9203);
#9199 = LINE('',#9200,#9201);
#9200 = CARTESIAN_POINT('',(6.28318530718,-6.28318530718));
#9201 = VECTOR('',#9202,1.);
#9202 = DIRECTION('',(0.,1.));
#9203 = ( GEOMETRIC_REPRESENTATION_CONTEXT(2) 
PARAMETRIC_REPRESENTATION_CONTEXT() REPRESENTATION_CONTEXT('2D SPACE',''
  ) );
#9204 = PCURVE('',#9164,#9205);
#9205 = DEFINITIONAL_REPRESENTATION('',(#9206),#9210);
#9206 = LINE('',#9207,#9208);
#9207 = CARTESIAN_POINT('',(0.,-6.28318530718));
#9208 = VECTOR('',#9209,1.);
#9209 = DIRECTION('',(0.,1.));
#9210 = ( GEOMETRIC_REPRESENTATION_CONTEXT(2) 
PARAMETRIC_REPRESENTATION_CONTEXT() REPRESENTATION_CONTEXT('2D SPACE',''
  ) );
#9211 = ORIENTED_EDGE('',*,*,#9212,.T.);
#9212 = EDGE_CURVE('',#9189,#9189,#9213,.T.);
#9213 = SURFACE_CURVE('',#9214,(#9219,#9226),.PCURVE_S1.);
#9214 = CIRCLE('',#9215,0.162249807396);
#9215 = AXIS2_PLACEMENT_3D('',#9216,#9217,#9218);
#9216 = CARTESIAN_POINT('',(3.2,-2.8,0.));
#9217 = DIRECTION('',(0.,0.,1.));
#9218 = DIRECTION('',(1.,0.,-0.));
#9219 = PCURVE('',#9164,#9220);
#9220 = DEFINITIONAL_REPRESENTATION('',(#9221),#9225);
#9221 = LINE('',#9222,#9223);
#9222 = CARTESIAN_POINT('',(0.,-0.80872033608));
#9223 = VECTOR('',#9224,1.);
#9224 = DIRECTION('',(1.,0.));
#9225 = ( GEOMETRIC_REPRESENTATION_CONTEXT(2) 
PARAMETRIC_REPRESENTATION_CONTEXT() REPRESENTATION_CONTEXT('2D SPACE',''
  ) );
#9226 = PCURVE('',#9227,#9232);
#9227 = PLANE('',#9228);
#9228 = AXIS2_PLACEMENT_3D('',#9229,#9230,#9231);
#9229 = CARTESIAN_POINT('',(2.95,-3.05,0.));
#9230 = DIRECTION('',(0.,0.,1.));
#9231 = DIRECTION('',(1.,0.,0.));
#9232 = DEFINITIONAL_REPRESENTATION('',(#9233),#9237);
#9233 = CIRCLE('',#9234,0.162249807396);
#9234 = AXIS2_PLACEMENT_2D('',#9235,#9236);
#9235 = CARTESIAN_POINT('',(0.25,0.25));
#9236 = DIRECTION('',(1.,0.));
#9237 = ( GEOMETRIC_REPRESENTATION_CONTEXT(2) 
PARAMETRIC_REPRESENTATION_CONTEXT() REPRESENTATION_CONTEXT('2D SPACE',''
  ) );
#9238 = ORIENTED_EDGE('',*,*,#9188,.T.);
#9239 = ADVANCED_FACE('',(#9240),#9176,.T.);
#9240 = FACE_BOUND('',#9241,.T.);
#9241 = EDGE_LOOP('',(#9242));
#9242 = ORIENTED_EDGE('',*,*,#9154,.T.);
#9243 = ADVANCED_FACE('',(#9244),#9227,.F.);
#9244 = FACE_BOUND('',#9245,.F.);
#9245 = EDGE_LOOP('',(#9246));
#9246 = ORIENTED_EDGE('',*,*,#9212,.T.);
#9247 = ( GEOMETRIC_REPRESENTATION_CONTEXT(3) 
GLOBAL_UNCERTAINTY_ASSIGNED_CONTEXT((#9251)) 
GLOBAL_UNIT_ASSIGNED_CONTEXT((#9248,#9249,#9250)) REPRESENTATION_CONTEXT
('Context #1','3D Context with UNIT and UNCERTAINTY') );
#9248 = ( LENGTH_UNIT() NAMED_UNIT(*) SI_UNIT(.MILLI.,.METRE.) );
#9249 = ( NAMED_UNIT(*) PLANE_ANGLE_UNIT() SI_UNIT($,.RADIAN.) );
#9250 = ( NAMED_UNIT(*) SI_UNIT($,.STERADIAN.) SOLID_ANGLE_UNIT() );
#9251 = UNCERTAINTY_MEASURE_WITH_UNIT(LENGTH_MEASURE(1.E-07),#9248,
  'distance_accuracy_value','confusion accuracy');
#9252 = CONTEXT_DEPENDENT_SHAPE_REPRESENTATION(#9253,#9255);
#9253 = ( REPRESENTATION_RELATIONSHIP('','',#9147,#10) 
REPRESENTATION_RELATIONSHIP_WITH_TRANSFORMATION(#9254) 
SHAPE_REPRESENTATION_RELATIONSHIP() );
#9254 = ITEM_DEFINED_TRANSFORMATION('','',#11,#303);
#9255 = PRODUCT_DEFINITION_SHAPE('Placement','Placement of an item',
  #9256);
#9256 = NEXT_ASSEMBLY_USAGE_OCCURRENCE('117','Ball_M9','',#5,#9142,$);
#9257 = PRODUCT_RELATED_PRODUCT_CATEGORY('part',$,(#9144));
#9258 = SHAPE_DEFINITION_REPRESENTATION(#9259,#9265);
#9259 = PRODUCT_DEFINITION_SHAPE('','',#9260);
#9260 = PRODUCT_DEFINITION('design','',#9261,#9264);
#9261 = PRODUCT_DEFINITION_FORMATION('','',#9262);
#9262 = PRODUCT('Ball_N1','Ball_N1','',(#9263));
#9263 = PRODUCT_CONTEXT('',#2,'mechanical');
#9264 = PRODUCT_DEFINITION_CONTEXT('part definition',#2,'design');
#9265 = ADVANCED_BREP_SHAPE_REPRESENTATION('',(#11,#9266),#9365);
#9266 = MANIFOLD_SOLID_BREP('',#9267);
#9267 = CLOSED_SHELL('',(#9268,#9357,#9361));
#9268 = ADVANCED_FACE('',(#9269),#9282,.T.);
#9269 = FACE_BOUND('',#9270,.T.);
#9270 = EDGE_LOOP('',(#9271,#9305,#9329,#9356));
#9271 = ORIENTED_EDGE('',*,*,#9272,.F.);
#9272 = EDGE_CURVE('',#9273,#9273,#9275,.T.);
#9273 = VERTEX_POINT('',#9274);
#9274 = CARTESIAN_POINT('',(-3.037750192604,-3.6,0.34));
#9275 = SURFACE_CURVE('',#9276,(#9281,#9293),.PCURVE_S1.);
#9276 = CIRCLE('',#9277,0.162249807396);
#9277 = AXIS2_PLACEMENT_3D('',#9278,#9279,#9280);
#9278 = CARTESIAN_POINT('',(-3.2,-3.6,0.34));
#9279 = DIRECTION('',(0.,0.,1.));
#9280 = DIRECTION('',(1.,0.,-0.));
#9281 = PCURVE('',#9282,#9287);
#9282 = SPHERICAL_SURFACE('',#9283,0.235);
#9283 = AXIS2_PLACEMENT_3D('',#9284,#9285,#9286);
#9284 = CARTESIAN_POINT('',(-3.2,-3.6,0.17));
#9285 = DIRECTION('',(0.,0.,1.));
#9286 = DIRECTION('',(1.,0.,0.));
#9287 = DEFINITIONAL_REPRESENTATION('',(#9288),#9292);
#9288 = LINE('',#9289,#9290);
#9289 = CARTESIAN_POINT('',(0.,0.80872033608));
#9290 = VECTOR('',#9291,1.);
#9291 = DIRECTION('',(1.,0.));
#9292 = ( GEOMETRIC_REPRESENTATION_CONTEXT(2) 
PARAMETRIC_REPRESENTATION_CONTEXT() REPRESENTATION_CONTEXT('2D SPACE',''
  ) );
#9293 = PCURVE('',#9294,#9299);
#9294 = PLANE('',#9295);
#9295 = AXIS2_PLACEMENT_3D('',#9296,#9297,#9298);
#9296 = CARTESIAN_POINT('',(-3.45,-3.85,0.34));
#9297 = DIRECTION('',(0.,0.,1.));
#9298 = DIRECTION('',(1.,0.,0.));
#9299 = DEFINITIONAL_REPRESENTATION('',(#9300),#9304);
#9300 = CIRCLE('',#9301,0.162249807396);
#9301 = AXIS2_PLACEMENT_2D('',#9302,#9303);
#9302 = CARTESIAN_POINT('',(0.25,0.25));
#9303 = DIRECTION('',(1.,0.));
#9304 = ( GEOMETRIC_REPRESENTATION_CONTEXT(2) 
PARAMETRIC_REPRESENTATION_CONTEXT() REPRESENTATION_CONTEXT('2D SPACE',''
  ) );
#9305 = ORIENTED_EDGE('',*,*,#9306,.F.);
#9306 = EDGE_CURVE('',#9307,#9273,#9309,.T.);
#9307 = VERTEX_POINT('',#9308);
#9308 = CARTESIAN_POINT('',(-3.037750192604,-3.6,-5.551115123126E-17));
#9309 = SEAM_CURVE('',#9310,(#9315,#9322),.PCURVE_S1.);
#9310 = CIRCLE('',#9311,0.235);
#9311 = AXIS2_PLACEMENT_3D('',#9312,#9313,#9314);
#9312 = CARTESIAN_POINT('',(-3.2,-3.6,0.17));
#9313 = DIRECTION('',(-2.449293598295E-16,-1.,0.));
#9314 = DIRECTION('',(1.,-2.449293598295E-16,0.));
#9315 = PCURVE('',#9282,#9316);
#9316 = DEFINITIONAL_REPRESENTATION('',(#9317),#9321);
#9317 = LINE('',#9318,#9319);
#9318 = CARTESIAN_POINT('',(6.28318530718,-6.28318530718));
#9319 = VECTOR('',#9320,1.);
#9320 = DIRECTION('',(0.,1.));
#9321 = ( GEOMETRIC_REPRESENTATION_CONTEXT(2) 
PARAMETRIC_REPRESENTATION_CONTEXT() REPRESENTATION_CONTEXT('2D SPACE',''
  ) );
#9322 = PCURVE('',#9282,#9323);
#9323 = DEFINITIONAL_REPRESENTATION('',(#9324),#9328);
#9324 = LINE('',#9325,#9326);
#9325 = CARTESIAN_POINT('',(0.,-6.28318530718));
#9326 = VECTOR('',#9327,1.);
#9327 = DIRECTION('',(0.,1.));
#9328 = ( GEOMETRIC_REPRESENTATION_CONTEXT(2) 
PARAMETRIC_REPRESENTATION_CONTEXT() REPRESENTATION_CONTEXT('2D SPACE',''
  ) );
#9329 = ORIENTED_EDGE('',*,*,#9330,.T.);
#9330 = EDGE_CURVE('',#9307,#9307,#9331,.T.);
#9331 = SURFACE_CURVE('',#9332,(#9337,#9344),.PCURVE_S1.);
#9332 = CIRCLE('',#9333,0.162249807396);
#9333 = AXIS2_PLACEMENT_3D('',#9334,#9335,#9336);
#9334 = CARTESIAN_POINT('',(-3.2,-3.6,0.));
#9335 = DIRECTION('',(0.,0.,1.));
#9336 = DIRECTION('',(1.,0.,-0.));
#9337 = PCURVE('',#9282,#9338);
#9338 = DEFINITIONAL_REPRESENTATION('',(#9339),#9343);
#9339 = LINE('',#9340,#9341);
#9340 = CARTESIAN_POINT('',(0.,-0.80872033608));
#9341 = VECTOR('',#9342,1.);
#9342 = DIRECTION('',(1.,0.));
#9343 = ( GEOMETRIC_REPRESENTATION_CONTEXT(2) 
PARAMETRIC_REPRESENTATION_CONTEXT() REPRESENTATION_CONTEXT('2D SPACE',''
  ) );
#9344 = PCURVE('',#9345,#9350);
#9345 = PLANE('',#9346);
#9346 = AXIS2_PLACEMENT_3D('',#9347,#9348,#9349);
#9347 = CARTESIAN_POINT('',(-3.45,-3.85,0.));
#9348 = DIRECTION('',(0.,0.,1.));
#9349 = DIRECTION('',(1.,0.,0.));
#9350 = DEFINITIONAL_REPRESENTATION('',(#9351),#9355);
#9351 = CIRCLE('',#9352,0.162249807396);
#9352 = AXIS2_PLACEMENT_2D('',#9353,#9354);
#9353 = CARTESIAN_POINT('',(0.25,0.25));
#9354 = DIRECTION('',(1.,0.));
#9355 = ( GEOMETRIC_REPRESENTATION_CONTEXT(2) 
PARAMETRIC_REPRESENTATION_CONTEXT() REPRESENTATION_CONTEXT('2D SPACE',''
  ) );
#9356 = ORIENTED_EDGE('',*,*,#9306,.T.);
#9357 = ADVANCED_FACE('',(#9358),#9294,.T.);
#9358 = FACE_BOUND('',#9359,.T.);
#9359 = EDGE_LOOP('',(#9360));
#9360 = ORIENTED_EDGE('',*,*,#9272,.T.);
#9361 = ADVANCED_FACE('',(#9362),#9345,.F.);
#9362 = FACE_BOUND('',#9363,.F.);
#9363 = EDGE_LOOP('',(#9364));
#9364 = ORIENTED_EDGE('',*,*,#9330,.T.);
#9365 = ( GEOMETRIC_REPRESENTATION_CONTEXT(3) 
GLOBAL_UNCERTAINTY_ASSIGNED_CONTEXT((#9369)) 
GLOBAL_UNIT_ASSIGNED_CONTEXT((#9366,#9367,#9368)) REPRESENTATION_CONTEXT
('Context #1','3D Context with UNIT and UNCERTAINTY') );
#9366 = ( LENGTH_UNIT() NAMED_UNIT(*) SI_UNIT(.MILLI.,.METRE.) );
#9367 = ( NAMED_UNIT(*) PLANE_ANGLE_UNIT() SI_UNIT($,.RADIAN.) );
#9368 = ( NAMED_UNIT(*) SI_UNIT($,.STERADIAN.) SOLID_ANGLE_UNIT() );
#9369 = UNCERTAINTY_MEASURE_WITH_UNIT(LENGTH_MEASURE(1.E-07),#9366,
  'distance_accuracy_value','confusion accuracy');
#9370 = CONTEXT_DEPENDENT_SHAPE_REPRESENTATION(#9371,#9373);
#9371 = ( REPRESENTATION_RELATIONSHIP('','',#9265,#10) 
REPRESENTATION_RELATIONSHIP_WITH_TRANSFORMATION(#9372) 
SHAPE_REPRESENTATION_RELATIONSHIP() );
#9372 = ITEM_DEFINED_TRANSFORMATION('','',#11,#307);
#9373 = PRODUCT_DEFINITION_SHAPE('Placement','Placement of an item',
  #9374);
#9374 = NEXT_ASSEMBLY_USAGE_OCCURRENCE('118','Ball_N1','',#5,#9260,$);
#9375 = PRODUCT_RELATED_PRODUCT_CATEGORY('part',$,(#9262));
#9376 = SHAPE_DEFINITION_REPRESENTATION(#9377,#9383);
#9377 = PRODUCT_DEFINITION_SHAPE('','',#9378);
#9378 = PRODUCT_DEFINITION('design','',#9379,#9382);
#9379 = PRODUCT_DEFINITION_FORMATION('','',#9380);
#9380 = PRODUCT('Ball_N2','Ball_N2','',(#9381));
#9381 = PRODUCT_CONTEXT('',#2,'mechanical');
#9382 = PRODUCT_DEFINITION_CONTEXT('part definition',#2,'design');
#9383 = ADVANCED_BREP_SHAPE_REPRESENTATION('',(#11,#9384),#9483);
#9384 = MANIFOLD_SOLID_BREP('',#9385);
#9385 = CLOSED_SHELL('',(#9386,#9475,#9479));
#9386 = ADVANCED_FACE('',(#9387),#9400,.T.);
#9387 = FACE_BOUND('',#9388,.T.);
#9388 = EDGE_LOOP('',(#9389,#9423,#9447,#9474));
#9389 = ORIENTED_EDGE('',*,*,#9390,.F.);
#9390 = EDGE_CURVE('',#9391,#9391,#9393,.T.);
#9391 = VERTEX_POINT('',#9392);
#9392 = CARTESIAN_POINT('',(-2.237750192604,-3.6,0.34));
#9393 = SURFACE_CURVE('',#9394,(#9399,#9411),.PCURVE_S1.);
#9394 = CIRCLE('',#9395,0.162249807396);
#9395 = AXIS2_PLACEMENT_3D('',#9396,#9397,#9398);
#9396 = CARTESIAN_POINT('',(-2.4,-3.6,0.34));
#9397 = DIRECTION('',(0.,0.,1.));
#9398 = DIRECTION('',(1.,0.,-0.));
#9399 = PCURVE('',#9400,#9405);
#9400 = SPHERICAL_SURFACE('',#9401,0.235);
#9401 = AXIS2_PLACEMENT_3D('',#9402,#9403,#9404);
#9402 = CARTESIAN_POINT('',(-2.4,-3.6,0.17));
#9403 = DIRECTION('',(0.,0.,1.));
#9404 = DIRECTION('',(1.,0.,0.));
#9405 = DEFINITIONAL_REPRESENTATION('',(#9406),#9410);
#9406 = LINE('',#9407,#9408);
#9407 = CARTESIAN_POINT('',(0.,0.80872033608));
#9408 = VECTOR('',#9409,1.);
#9409 = DIRECTION('',(1.,0.));
#9410 = ( GEOMETRIC_REPRESENTATION_CONTEXT(2) 
PARAMETRIC_REPRESENTATION_CONTEXT() REPRESENTATION_CONTEXT('2D SPACE',''
  ) );
#9411 = PCURVE('',#9412,#9417);
#9412 = PLANE('',#9413);
#9413 = AXIS2_PLACEMENT_3D('',#9414,#9415,#9416);
#9414 = CARTESIAN_POINT('',(-2.65,-3.85,0.34));
#9415 = DIRECTION('',(0.,0.,1.));
#9416 = DIRECTION('',(1.,0.,0.));
#9417 = DEFINITIONAL_REPRESENTATION('',(#9418),#9422);
#9418 = CIRCLE('',#9419,0.162249807396);
#9419 = AXIS2_PLACEMENT_2D('',#9420,#9421);
#9420 = CARTESIAN_POINT('',(0.25,0.25));
#9421 = DIRECTION('',(1.,0.));
#9422 = ( GEOMETRIC_REPRESENTATION_CONTEXT(2) 
PARAMETRIC_REPRESENTATION_CONTEXT() REPRESENTATION_CONTEXT('2D SPACE',''
  ) );
#9423 = ORIENTED_EDGE('',*,*,#9424,.F.);
#9424 = EDGE_CURVE('',#9425,#9391,#9427,.T.);
#9425 = VERTEX_POINT('',#9426);
#9426 = CARTESIAN_POINT('',(-2.237750192604,-3.6,-5.551115123126E-17));
#9427 = SEAM_CURVE('',#9428,(#9433,#9440),.PCURVE_S1.);
#9428 = CIRCLE('',#9429,0.235);
#9429 = AXIS2_PLACEMENT_3D('',#9430,#9431,#9432);
#9430 = CARTESIAN_POINT('',(-2.4,-3.6,0.17));
#9431 = DIRECTION('',(-2.449293598295E-16,-1.,0.));
#9432 = DIRECTION('',(1.,-2.449293598295E-16,0.));
#9433 = PCURVE('',#9400,#9434);
#9434 = DEFINITIONAL_REPRESENTATION('',(#9435),#9439);
#9435 = LINE('',#9436,#9437);
#9436 = CARTESIAN_POINT('',(6.28318530718,-6.28318530718));
#9437 = VECTOR('',#9438,1.);
#9438 = DIRECTION('',(0.,1.));
#9439 = ( GEOMETRIC_REPRESENTATION_CONTEXT(2) 
PARAMETRIC_REPRESENTATION_CONTEXT() REPRESENTATION_CONTEXT('2D SPACE',''
  ) );
#9440 = PCURVE('',#9400,#9441);
#9441 = DEFINITIONAL_REPRESENTATION('',(#9442),#9446);
#9442 = LINE('',#9443,#9444);
#9443 = CARTESIAN_POINT('',(0.,-6.28318530718));
#9444 = VECTOR('',#9445,1.);
#9445 = DIRECTION('',(0.,1.));
#9446 = ( GEOMETRIC_REPRESENTATION_CONTEXT(2) 
PARAMETRIC_REPRESENTATION_CONTEXT() REPRESENTATION_CONTEXT('2D SPACE',''
  ) );
#9447 = ORIENTED_EDGE('',*,*,#9448,.T.);
#9448 = EDGE_CURVE('',#9425,#9425,#9449,.T.);
#9449 = SURFACE_CURVE('',#9450,(#9455,#9462),.PCURVE_S1.);
#9450 = CIRCLE('',#9451,0.162249807396);
#9451 = AXIS2_PLACEMENT_3D('',#9452,#9453,#9454);
#9452 = CARTESIAN_POINT('',(-2.4,-3.6,0.));
#9453 = DIRECTION('',(0.,0.,1.));
#9454 = DIRECTION('',(1.,0.,-0.));
#9455 = PCURVE('',#9400,#9456);
#9456 = DEFINITIONAL_REPRESENTATION('',(#9457),#9461);
#9457 = LINE('',#9458,#9459);
#9458 = CARTESIAN_POINT('',(0.,-0.80872033608));
#9459 = VECTOR('',#9460,1.);
#9460 = DIRECTION('',(1.,0.));
#9461 = ( GEOMETRIC_REPRESENTATION_CONTEXT(2) 
PARAMETRIC_REPRESENTATION_CONTEXT() REPRESENTATION_CONTEXT('2D SPACE',''
  ) );
#9462 = PCURVE('',#9463,#9468);
#9463 = PLANE('',#9464);
#9464 = AXIS2_PLACEMENT_3D('',#9465,#9466,#9467);
#9465 = CARTESIAN_POINT('',(-2.65,-3.85,0.));
#9466 = DIRECTION('',(0.,0.,1.));
#9467 = DIRECTION('',(1.,0.,0.));
#9468 = DEFINITIONAL_REPRESENTATION('',(#9469),#9473);
#9469 = CIRCLE('',#9470,0.162249807396);
#9470 = AXIS2_PLACEMENT_2D('',#9471,#9472);
#9471 = CARTESIAN_POINT('',(0.25,0.25));
#9472 = DIRECTION('',(1.,0.));
#9473 = ( GEOMETRIC_REPRESENTATION_CONTEXT(2) 
PARAMETRIC_REPRESENTATION_CONTEXT() REPRESENTATION_CONTEXT('2D SPACE',''
  ) );
#9474 = ORIENTED_EDGE('',*,*,#9424,.T.);
#9475 = ADVANCED_FACE('',(#9476),#9412,.T.);
#9476 = FACE_BOUND('',#9477,.T.);
#9477 = EDGE_LOOP('',(#9478));
#9478 = ORIENTED_EDGE('',*,*,#9390,.T.);
#9479 = ADVANCED_FACE('',(#9480),#9463,.F.);
#9480 = FACE_BOUND('',#9481,.F.);
#9481 = EDGE_LOOP('',(#9482));
#9482 = ORIENTED_EDGE('',*,*,#9448,.T.);
#9483 = ( GEOMETRIC_REPRESENTATION_CONTEXT(3) 
GLOBAL_UNCERTAINTY_ASSIGNED_CONTEXT((#9487)) 
GLOBAL_UNIT_ASSIGNED_CONTEXT((#9484,#9485,#9486)) REPRESENTATION_CONTEXT
('Context #1','3D Context with UNIT and UNCERTAINTY') );
#9484 = ( LENGTH_UNIT() NAMED_UNIT(*) SI_UNIT(.MILLI.,.METRE.) );
#9485 = ( NAMED_UNIT(*) PLANE_ANGLE_UNIT() SI_UNIT($,.RADIAN.) );
#9486 = ( NAMED_UNIT(*) SI_UNIT($,.STERADIAN.) SOLID_ANGLE_UNIT() );
#9487 = UNCERTAINTY_MEASURE_WITH_UNIT(LENGTH_MEASURE(1.E-07),#9484,
  'distance_accuracy_value','confusion accuracy');
#9488 = CONTEXT_DEPENDENT_SHAPE_REPRESENTATION(#9489,#9491);
#9489 = ( REPRESENTATION_RELATIONSHIP('','',#9383,#10) 
REPRESENTATION_RELATIONSHIP_WITH_TRANSFORMATION(#9490) 
SHAPE_REPRESENTATION_RELATIONSHIP() );
#9490 = ITEM_DEFINED_TRANSFORMATION('','',#11,#311);
#9491 = PRODUCT_DEFINITION_SHAPE('Placement','Placement of an item',
  #9492);
#9492 = NEXT_ASSEMBLY_USAGE_OCCURRENCE('119','Ball_N2','',#5,#9378,$);
#9493 = PRODUCT_RELATED_PRODUCT_CATEGORY('part',$,(#9380));
#9494 = SHAPE_DEFINITION_REPRESENTATION(#9495,#9501);
#9495 = PRODUCT_DEFINITION_SHAPE('','',#9496);
#9496 = PRODUCT_DEFINITION('design','',#9497,#9500);
#9497 = PRODUCT_DEFINITION_FORMATION('','',#9498);
#9498 = PRODUCT('Ball_N3','Ball_N3','',(#9499));
#9499 = PRODUCT_CONTEXT('',#2,'mechanical');
#9500 = PRODUCT_DEFINITION_CONTEXT('part definition',#2,'design');
#9501 = ADVANCED_BREP_SHAPE_REPRESENTATION('',(#11,#9502),#9601);
#9502 = MANIFOLD_SOLID_BREP('',#9503);
#9503 = CLOSED_SHELL('',(#9504,#9593,#9597));
#9504 = ADVANCED_FACE('',(#9505),#9518,.T.);
#9505 = FACE_BOUND('',#9506,.T.);
#9506 = EDGE_LOOP('',(#9507,#9541,#9565,#9592));
#9507 = ORIENTED_EDGE('',*,*,#9508,.F.);
#9508 = EDGE_CURVE('',#9509,#9509,#9511,.T.);
#9509 = VERTEX_POINT('',#9510);
#9510 = CARTESIAN_POINT('',(-1.437750192604,-3.6,0.34));
#9511 = SURFACE_CURVE('',#9512,(#9517,#9529),.PCURVE_S1.);
#9512 = CIRCLE('',#9513,0.162249807396);
#9513 = AXIS2_PLACEMENT_3D('',#9514,#9515,#9516);
#9514 = CARTESIAN_POINT('',(-1.6,-3.6,0.34));
#9515 = DIRECTION('',(0.,0.,1.));
#9516 = DIRECTION('',(1.,0.,-0.));
#9517 = PCURVE('',#9518,#9523);
#9518 = SPHERICAL_SURFACE('',#9519,0.235);
#9519 = AXIS2_PLACEMENT_3D('',#9520,#9521,#9522);
#9520 = CARTESIAN_POINT('',(-1.6,-3.6,0.17));
#9521 = DIRECTION('',(0.,0.,1.));
#9522 = DIRECTION('',(1.,0.,0.));
#9523 = DEFINITIONAL_REPRESENTATION('',(#9524),#9528);
#9524 = LINE('',#9525,#9526);
#9525 = CARTESIAN_POINT('',(0.,0.80872033608));
#9526 = VECTOR('',#9527,1.);
#9527 = DIRECTION('',(1.,0.));
#9528 = ( GEOMETRIC_REPRESENTATION_CONTEXT(2) 
PARAMETRIC_REPRESENTATION_CONTEXT() REPRESENTATION_CONTEXT('2D SPACE',''
  ) );
#9529 = PCURVE('',#9530,#9535);
#9530 = PLANE('',#9531);
#9531 = AXIS2_PLACEMENT_3D('',#9532,#9533,#9534);
#9532 = CARTESIAN_POINT('',(-1.85,-3.85,0.34));
#9533 = DIRECTION('',(0.,0.,1.));
#9534 = DIRECTION('',(1.,0.,0.));
#9535 = DEFINITIONAL_REPRESENTATION('',(#9536),#9540);
#9536 = CIRCLE('',#9537,0.162249807396);
#9537 = AXIS2_PLACEMENT_2D('',#9538,#9539);
#9538 = CARTESIAN_POINT('',(0.25,0.25));
#9539 = DIRECTION('',(1.,0.));
#9540 = ( GEOMETRIC_REPRESENTATION_CONTEXT(2) 
PARAMETRIC_REPRESENTATION_CONTEXT() REPRESENTATION_CONTEXT('2D SPACE',''
  ) );
#9541 = ORIENTED_EDGE('',*,*,#9542,.F.);
#9542 = EDGE_CURVE('',#9543,#9509,#9545,.T.);
#9543 = VERTEX_POINT('',#9544);
#9544 = CARTESIAN_POINT('',(-1.437750192604,-3.6,-5.551115123126E-17));
#9545 = SEAM_CURVE('',#9546,(#9551,#9558),.PCURVE_S1.);
#9546 = CIRCLE('',#9547,0.235);
#9547 = AXIS2_PLACEMENT_3D('',#9548,#9549,#9550);
#9548 = CARTESIAN_POINT('',(-1.6,-3.6,0.17));
#9549 = DIRECTION('',(-2.449293598295E-16,-1.,0.));
#9550 = DIRECTION('',(1.,-2.449293598295E-16,0.));
#9551 = PCURVE('',#9518,#9552);
#9552 = DEFINITIONAL_REPRESENTATION('',(#9553),#9557);
#9553 = LINE('',#9554,#9555);
#9554 = CARTESIAN_POINT('',(6.28318530718,-6.28318530718));
#9555 = VECTOR('',#9556,1.);
#9556 = DIRECTION('',(0.,1.));
#9557 = ( GEOMETRIC_REPRESENTATION_CONTEXT(2) 
PARAMETRIC_REPRESENTATION_CONTEXT() REPRESENTATION_CONTEXT('2D SPACE',''
  ) );
#9558 = PCURVE('',#9518,#9559);
#9559 = DEFINITIONAL_REPRESENTATION('',(#9560),#9564);
#9560 = LINE('',#9561,#9562);
#9561 = CARTESIAN_POINT('',(0.,-6.28318530718));
#9562 = VECTOR('',#9563,1.);
#9563 = DIRECTION('',(0.,1.));
#9564 = ( GEOMETRIC_REPRESENTATION_CONTEXT(2) 
PARAMETRIC_REPRESENTATION_CONTEXT() REPRESENTATION_CONTEXT('2D SPACE',''
  ) );
#9565 = ORIENTED_EDGE('',*,*,#9566,.T.);
#9566 = EDGE_CURVE('',#9543,#9543,#9567,.T.);
#9567 = SURFACE_CURVE('',#9568,(#9573,#9580),.PCURVE_S1.);
#9568 = CIRCLE('',#9569,0.162249807396);
#9569 = AXIS2_PLACEMENT_3D('',#9570,#9571,#9572);
#9570 = CARTESIAN_POINT('',(-1.6,-3.6,0.));
#9571 = DIRECTION('',(0.,0.,1.));
#9572 = DIRECTION('',(1.,0.,-0.));
#9573 = PCURVE('',#9518,#9574);
#9574 = DEFINITIONAL_REPRESENTATION('',(#9575),#9579);
#9575 = LINE('',#9576,#9577);
#9576 = CARTESIAN_POINT('',(0.,-0.80872033608));
#9577 = VECTOR('',#9578,1.);
#9578 = DIRECTION('',(1.,0.));
#9579 = ( GEOMETRIC_REPRESENTATION_CONTEXT(2) 
PARAMETRIC_REPRESENTATION_CONTEXT() REPRESENTATION_CONTEXT('2D SPACE',''
  ) );
#9580 = PCURVE('',#9581,#9586);
#9581 = PLANE('',#9582);
#9582 = AXIS2_PLACEMENT_3D('',#9583,#9584,#9585);
#9583 = CARTESIAN_POINT('',(-1.85,-3.85,0.));
#9584 = DIRECTION('',(0.,0.,1.));
#9585 = DIRECTION('',(1.,0.,0.));
#9586 = DEFINITIONAL_REPRESENTATION('',(#9587),#9591);
#9587 = CIRCLE('',#9588,0.162249807396);
#9588 = AXIS2_PLACEMENT_2D('',#9589,#9590);
#9589 = CARTESIAN_POINT('',(0.25,0.25));
#9590 = DIRECTION('',(1.,0.));
#9591 = ( GEOMETRIC_REPRESENTATION_CONTEXT(2) 
PARAMETRIC_REPRESENTATION_CONTEXT() REPRESENTATION_CONTEXT('2D SPACE',''
  ) );
#9592 = ORIENTED_EDGE('',*,*,#9542,.T.);
#9593 = ADVANCED_FACE('',(#9594),#9530,.T.);
#9594 = FACE_BOUND('',#9595,.T.);
#9595 = EDGE_LOOP('',(#9596));
#9596 = ORIENTED_EDGE('',*,*,#9508,.T.);
#9597 = ADVANCED_FACE('',(#9598),#9581,.F.);
#9598 = FACE_BOUND('',#9599,.F.);
#9599 = EDGE_LOOP('',(#9600));
#9600 = ORIENTED_EDGE('',*,*,#9566,.T.);
#9601 = ( GEOMETRIC_REPRESENTATION_CONTEXT(3) 
GLOBAL_UNCERTAINTY_ASSIGNED_CONTEXT((#9605)) 
GLOBAL_UNIT_ASSIGNED_CONTEXT((#9602,#9603,#9604)) REPRESENTATION_CONTEXT
('Context #1','3D Context with UNIT and UNCERTAINTY') );
#9602 = ( LENGTH_UNIT() NAMED_UNIT(*) SI_UNIT(.MILLI.,.METRE.) );
#9603 = ( NAMED_UNIT(*) PLANE_ANGLE_UNIT() SI_UNIT($,.RADIAN.) );
#9604 = ( NAMED_UNIT(*) SI_UNIT($,.STERADIAN.) SOLID_ANGLE_UNIT() );
#9605 = UNCERTAINTY_MEASURE_WITH_UNIT(LENGTH_MEASURE(1.E-07),#9602,
  'distance_accuracy_value','confusion accuracy');
#9606 = CONTEXT_DEPENDENT_SHAPE_REPRESENTATION(#9607,#9609);
#9607 = ( REPRESENTATION_RELATIONSHIP('','',#9501,#10) 
REPRESENTATION_RELATIONSHIP_WITH_TRANSFORMATION(#9608) 
SHAPE_REPRESENTATION_RELATIONSHIP() );
#9608 = ITEM_DEFINED_TRANSFORMATION('','',#11,#315);
#9609 = PRODUCT_DEFINITION_SHAPE('Placement','Placement of an item',
  #9610);
#9610 = NEXT_ASSEMBLY_USAGE_OCCURRENCE('120','Ball_N3','',#5,#9496,$);
#9611 = PRODUCT_RELATED_PRODUCT_CATEGORY('part',$,(#9498));
#9612 = SHAPE_DEFINITION_REPRESENTATION(#9613,#9619);
#9613 = PRODUCT_DEFINITION_SHAPE('','',#9614);
#9614 = PRODUCT_DEFINITION('design','',#9615,#9618);
#9615 = PRODUCT_DEFINITION_FORMATION('','',#9616);
#9616 = PRODUCT('Ball_N7','Ball_N7','',(#9617));
#9617 = PRODUCT_CONTEXT('',#2,'mechanical');
#9618 = PRODUCT_DEFINITION_CONTEXT('part definition',#2,'design');
#9619 = ADVANCED_BREP_SHAPE_REPRESENTATION('',(#11,#9620),#9719);
#9620 = MANIFOLD_SOLID_BREP('',#9621);
#9621 = CLOSED_SHELL('',(#9622,#9711,#9715));
#9622 = ADVANCED_FACE('',(#9623),#9636,.T.);
#9623 = FACE_BOUND('',#9624,.T.);
#9624 = EDGE_LOOP('',(#9625,#9659,#9683,#9710));
#9625 = ORIENTED_EDGE('',*,*,#9626,.F.);
#9626 = EDGE_CURVE('',#9627,#9627,#9629,.T.);
#9627 = VERTEX_POINT('',#9628);
#9628 = CARTESIAN_POINT('',(1.762249807396,-3.6,0.34));
#9629 = SURFACE_CURVE('',#9630,(#9635,#9647),.PCURVE_S1.);
#9630 = CIRCLE('',#9631,0.162249807396);
#9631 = AXIS2_PLACEMENT_3D('',#9632,#9633,#9634);
#9632 = CARTESIAN_POINT('',(1.6,-3.6,0.34));
#9633 = DIRECTION('',(0.,0.,1.));
#9634 = DIRECTION('',(1.,0.,-0.));
#9635 = PCURVE('',#9636,#9641);
#9636 = SPHERICAL_SURFACE('',#9637,0.235);
#9637 = AXIS2_PLACEMENT_3D('',#9638,#9639,#9640);
#9638 = CARTESIAN_POINT('',(1.6,-3.6,0.17));
#9639 = DIRECTION('',(0.,0.,1.));
#9640 = DIRECTION('',(1.,0.,0.));
#9641 = DEFINITIONAL_REPRESENTATION('',(#9642),#9646);
#9642 = LINE('',#9643,#9644);
#9643 = CARTESIAN_POINT('',(0.,0.80872033608));
#9644 = VECTOR('',#9645,1.);
#9645 = DIRECTION('',(1.,0.));
#9646 = ( GEOMETRIC_REPRESENTATION_CONTEXT(2) 
PARAMETRIC_REPRESENTATION_CONTEXT() REPRESENTATION_CONTEXT('2D SPACE',''
  ) );
#9647 = PCURVE('',#9648,#9653);
#9648 = PLANE('',#9649);
#9649 = AXIS2_PLACEMENT_3D('',#9650,#9651,#9652);
#9650 = CARTESIAN_POINT('',(1.35,-3.85,0.34));
#9651 = DIRECTION('',(0.,0.,1.));
#9652 = DIRECTION('',(1.,0.,0.));
#9653 = DEFINITIONAL_REPRESENTATION('',(#9654),#9658);
#9654 = CIRCLE('',#9655,0.162249807396);
#9655 = AXIS2_PLACEMENT_2D('',#9656,#9657);
#9656 = CARTESIAN_POINT('',(0.25,0.25));
#9657 = DIRECTION('',(1.,0.));
#9658 = ( GEOMETRIC_REPRESENTATION_CONTEXT(2) 
PARAMETRIC_REPRESENTATION_CONTEXT() REPRESENTATION_CONTEXT('2D SPACE',''
  ) );
#9659 = ORIENTED_EDGE('',*,*,#9660,.F.);
#9660 = EDGE_CURVE('',#9661,#9627,#9663,.T.);
#9661 = VERTEX_POINT('',#9662);
#9662 = CARTESIAN_POINT('',(1.762249807396,-3.6,-5.551115123126E-17));
#9663 = SEAM_CURVE('',#9664,(#9669,#9676),.PCURVE_S1.);
#9664 = CIRCLE('',#9665,0.235);
#9665 = AXIS2_PLACEMENT_3D('',#9666,#9667,#9668);
#9666 = CARTESIAN_POINT('',(1.6,-3.6,0.17));
#9667 = DIRECTION('',(-2.449293598295E-16,-1.,0.));
#9668 = DIRECTION('',(1.,-2.449293598295E-16,0.));
#9669 = PCURVE('',#9636,#9670);
#9670 = DEFINITIONAL_REPRESENTATION('',(#9671),#9675);
#9671 = LINE('',#9672,#9673);
#9672 = CARTESIAN_POINT('',(6.28318530718,-6.28318530718));
#9673 = VECTOR('',#9674,1.);
#9674 = DIRECTION('',(0.,1.));
#9675 = ( GEOMETRIC_REPRESENTATION_CONTEXT(2) 
PARAMETRIC_REPRESENTATION_CONTEXT() REPRESENTATION_CONTEXT('2D SPACE',''
  ) );
#9676 = PCURVE('',#9636,#9677);
#9677 = DEFINITIONAL_REPRESENTATION('',(#9678),#9682);
#9678 = LINE('',#9679,#9680);
#9679 = CARTESIAN_POINT('',(0.,-6.28318530718));
#9680 = VECTOR('',#9681,1.);
#9681 = DIRECTION('',(0.,1.));
#9682 = ( GEOMETRIC_REPRESENTATION_CONTEXT(2) 
PARAMETRIC_REPRESENTATION_CONTEXT() REPRESENTATION_CONTEXT('2D SPACE',''
  ) );
#9683 = ORIENTED_EDGE('',*,*,#9684,.T.);
#9684 = EDGE_CURVE('',#9661,#9661,#9685,.T.);
#9685 = SURFACE_CURVE('',#9686,(#9691,#9698),.PCURVE_S1.);
#9686 = CIRCLE('',#9687,0.162249807396);
#9687 = AXIS2_PLACEMENT_3D('',#9688,#9689,#9690);
#9688 = CARTESIAN_POINT('',(1.6,-3.6,0.));
#9689 = DIRECTION('',(0.,0.,1.));
#9690 = DIRECTION('',(1.,0.,-0.));
#9691 = PCURVE('',#9636,#9692);
#9692 = DEFINITIONAL_REPRESENTATION('',(#9693),#9697);
#9693 = LINE('',#9694,#9695);
#9694 = CARTESIAN_POINT('',(0.,-0.80872033608));
#9695 = VECTOR('',#9696,1.);
#9696 = DIRECTION('',(1.,0.));
#9697 = ( GEOMETRIC_REPRESENTATION_CONTEXT(2) 
PARAMETRIC_REPRESENTATION_CONTEXT() REPRESENTATION_CONTEXT('2D SPACE',''
  ) );
#9698 = PCURVE('',#9699,#9704);
#9699 = PLANE('',#9700);
#9700 = AXIS2_PLACEMENT_3D('',#9701,#9702,#9703);
#9701 = CARTESIAN_POINT('',(1.35,-3.85,0.));
#9702 = DIRECTION('',(0.,0.,1.));
#9703 = DIRECTION('',(1.,0.,0.));
#9704 = DEFINITIONAL_REPRESENTATION('',(#9705),#9709);
#9705 = CIRCLE('',#9706,0.162249807396);
#9706 = AXIS2_PLACEMENT_2D('',#9707,#9708);
#9707 = CARTESIAN_POINT('',(0.25,0.25));
#9708 = DIRECTION('',(1.,0.));
#9709 = ( GEOMETRIC_REPRESENTATION_CONTEXT(2) 
PARAMETRIC_REPRESENTATION_CONTEXT() REPRESENTATION_CONTEXT('2D SPACE',''
  ) );
#9710 = ORIENTED_EDGE('',*,*,#9660,.T.);
#9711 = ADVANCED_FACE('',(#9712),#9648,.T.);
#9712 = FACE_BOUND('',#9713,.T.);
#9713 = EDGE_LOOP('',(#9714));
#9714 = ORIENTED_EDGE('',*,*,#9626,.T.);
#9715 = ADVANCED_FACE('',(#9716),#9699,.F.);
#9716 = FACE_BOUND('',#9717,.F.);
#9717 = EDGE_LOOP('',(#9718));
#9718 = ORIENTED_EDGE('',*,*,#9684,.T.);
#9719 = ( GEOMETRIC_REPRESENTATION_CONTEXT(3) 
GLOBAL_UNCERTAINTY_ASSIGNED_CONTEXT((#9723)) 
GLOBAL_UNIT_ASSIGNED_CONTEXT((#9720,#9721,#9722)) REPRESENTATION_CONTEXT
('Context #1','3D Context with UNIT and UNCERTAINTY') );
#9720 = ( LENGTH_UNIT() NAMED_UNIT(*) SI_UNIT(.MILLI.,.METRE.) );
#9721 = ( NAMED_UNIT(*) PLANE_ANGLE_UNIT() SI_UNIT($,.RADIAN.) );
#9722 = ( NAMED_UNIT(*) SI_UNIT($,.STERADIAN.) SOLID_ANGLE_UNIT() );
#9723 = UNCERTAINTY_MEASURE_WITH_UNIT(LENGTH_MEASURE(1.E-07),#9720,
  'distance_accuracy_value','confusion accuracy');
#9724 = CONTEXT_DEPENDENT_SHAPE_REPRESENTATION(#9725,#9727);
#9725 = ( REPRESENTATION_RELATIONSHIP('','',#9619,#10) 
REPRESENTATION_RELATIONSHIP_WITH_TRANSFORMATION(#9726) 
SHAPE_REPRESENTATION_RELATIONSHIP() );
#9726 = ITEM_DEFINED_TRANSFORMATION('','',#11,#319);
#9727 = PRODUCT_DEFINITION_SHAPE('Placement','Placement of an item',
  #9728);
#9728 = NEXT_ASSEMBLY_USAGE_OCCURRENCE('121','Ball_N7','',#5,#9614,$);
#9729 = PRODUCT_RELATED_PRODUCT_CATEGORY('part',$,(#9616));
#9730 = SHAPE_DEFINITION_REPRESENTATION(#9731,#9737);
#9731 = PRODUCT_DEFINITION_SHAPE('','',#9732);
#9732 = PRODUCT_DEFINITION('design','',#9733,#9736);
#9733 = PRODUCT_DEFINITION_FORMATION('','',#9734);
#9734 = PRODUCT('Ball_N8','Ball_N8','',(#9735));
#9735 = PRODUCT_CONTEXT('',#2,'mechanical');
#9736 = PRODUCT_DEFINITION_CONTEXT('part definition',#2,'design');
#9737 = ADVANCED_BREP_SHAPE_REPRESENTATION('',(#11,#9738),#9837);
#9738 = MANIFOLD_SOLID_BREP('',#9739);
#9739 = CLOSED_SHELL('',(#9740,#9829,#9833));
#9740 = ADVANCED_FACE('',(#9741),#9754,.T.);
#9741 = FACE_BOUND('',#9742,.T.);
#9742 = EDGE_LOOP('',(#9743,#9777,#9801,#9828));
#9743 = ORIENTED_EDGE('',*,*,#9744,.F.);
#9744 = EDGE_CURVE('',#9745,#9745,#9747,.T.);
#9745 = VERTEX_POINT('',#9746);
#9746 = CARTESIAN_POINT('',(2.562249807396,-3.6,0.34));
#9747 = SURFACE_CURVE('',#9748,(#9753,#9765),.PCURVE_S1.);
#9748 = CIRCLE('',#9749,0.162249807396);
#9749 = AXIS2_PLACEMENT_3D('',#9750,#9751,#9752);
#9750 = CARTESIAN_POINT('',(2.4,-3.6,0.34));
#9751 = DIRECTION('',(0.,0.,1.));
#9752 = DIRECTION('',(1.,0.,-0.));
#9753 = PCURVE('',#9754,#9759);
#9754 = SPHERICAL_SURFACE('',#9755,0.235);
#9755 = AXIS2_PLACEMENT_3D('',#9756,#9757,#9758);
#9756 = CARTESIAN_POINT('',(2.4,-3.6,0.17));
#9757 = DIRECTION('',(0.,0.,1.));
#9758 = DIRECTION('',(1.,0.,0.));
#9759 = DEFINITIONAL_REPRESENTATION('',(#9760),#9764);
#9760 = LINE('',#9761,#9762);
#9761 = CARTESIAN_POINT('',(0.,0.80872033608));
#9762 = VECTOR('',#9763,1.);
#9763 = DIRECTION('',(1.,0.));
#9764 = ( GEOMETRIC_REPRESENTATION_CONTEXT(2) 
PARAMETRIC_REPRESENTATION_CONTEXT() REPRESENTATION_CONTEXT('2D SPACE',''
  ) );
#9765 = PCURVE('',#9766,#9771);
#9766 = PLANE('',#9767);
#9767 = AXIS2_PLACEMENT_3D('',#9768,#9769,#9770);
#9768 = CARTESIAN_POINT('',(2.15,-3.85,0.34));
#9769 = DIRECTION('',(0.,0.,1.));
#9770 = DIRECTION('',(1.,0.,0.));
#9771 = DEFINITIONAL_REPRESENTATION('',(#9772),#9776);
#9772 = CIRCLE('',#9773,0.162249807396);
#9773 = AXIS2_PLACEMENT_2D('',#9774,#9775);
#9774 = CARTESIAN_POINT('',(0.25,0.25));
#9775 = DIRECTION('',(1.,0.));
#9776 = ( GEOMETRIC_REPRESENTATION_CONTEXT(2) 
PARAMETRIC_REPRESENTATION_CONTEXT() REPRESENTATION_CONTEXT('2D SPACE',''
  ) );
#9777 = ORIENTED_EDGE('',*,*,#9778,.F.);
#9778 = EDGE_CURVE('',#9779,#9745,#9781,.T.);
#9779 = VERTEX_POINT('',#9780);
#9780 = CARTESIAN_POINT('',(2.562249807396,-3.6,-5.551115123126E-17));
#9781 = SEAM_CURVE('',#9782,(#9787,#9794),.PCURVE_S1.);
#9782 = CIRCLE('',#9783,0.235);
#9783 = AXIS2_PLACEMENT_3D('',#9784,#9785,#9786);
#9784 = CARTESIAN_POINT('',(2.4,-3.6,0.17));
#9785 = DIRECTION('',(-2.449293598295E-16,-1.,0.));
#9786 = DIRECTION('',(1.,-2.449293598295E-16,0.));
#9787 = PCURVE('',#9754,#9788);
#9788 = DEFINITIONAL_REPRESENTATION('',(#9789),#9793);
#9789 = LINE('',#9790,#9791);
#9790 = CARTESIAN_POINT('',(6.28318530718,-6.28318530718));
#9791 = VECTOR('',#9792,1.);
#9792 = DIRECTION('',(0.,1.));
#9793 = ( GEOMETRIC_REPRESENTATION_CONTEXT(2) 
PARAMETRIC_REPRESENTATION_CONTEXT() REPRESENTATION_CONTEXT('2D SPACE',''
  ) );
#9794 = PCURVE('',#9754,#9795);
#9795 = DEFINITIONAL_REPRESENTATION('',(#9796),#9800);
#9796 = LINE('',#9797,#9798);
#9797 = CARTESIAN_POINT('',(0.,-6.28318530718));
#9798 = VECTOR('',#9799,1.);
#9799 = DIRECTION('',(0.,1.));
#9800 = ( GEOMETRIC_REPRESENTATION_CONTEXT(2) 
PARAMETRIC_REPRESENTATION_CONTEXT() REPRESENTATION_CONTEXT('2D SPACE',''
  ) );
#9801 = ORIENTED_EDGE('',*,*,#9802,.T.);
#9802 = EDGE_CURVE('',#9779,#9779,#9803,.T.);
#9803 = SURFACE_CURVE('',#9804,(#9809,#9816),.PCURVE_S1.);
#9804 = CIRCLE('',#9805,0.162249807396);
#9805 = AXIS2_PLACEMENT_3D('',#9806,#9807,#9808);
#9806 = CARTESIAN_POINT('',(2.4,-3.6,0.));
#9807 = DIRECTION('',(0.,0.,1.));
#9808 = DIRECTION('',(1.,0.,-0.));
#9809 = PCURVE('',#9754,#9810);
#9810 = DEFINITIONAL_REPRESENTATION('',(#9811),#9815);
#9811 = LINE('',#9812,#9813);
#9812 = CARTESIAN_POINT('',(0.,-0.80872033608));
#9813 = VECTOR('',#9814,1.);
#9814 = DIRECTION('',(1.,0.));
#9815 = ( GEOMETRIC_REPRESENTATION_CONTEXT(2) 
PARAMETRIC_REPRESENTATION_CONTEXT() REPRESENTATION_CONTEXT('2D SPACE',''
  ) );
#9816 = PCURVE('',#9817,#9822);
#9817 = PLANE('',#9818);
#9818 = AXIS2_PLACEMENT_3D('',#9819,#9820,#9821);
#9819 = CARTESIAN_POINT('',(2.15,-3.85,0.));
#9820 = DIRECTION('',(0.,0.,1.));
#9821 = DIRECTION('',(1.,0.,0.));
#9822 = DEFINITIONAL_REPRESENTATION('',(#9823),#9827);
#9823 = CIRCLE('',#9824,0.162249807396);
#9824 = AXIS2_PLACEMENT_2D('',#9825,#9826);
#9825 = CARTESIAN_POINT('',(0.25,0.25));
#9826 = DIRECTION('',(1.,0.));
#9827 = ( GEOMETRIC_REPRESENTATION_CONTEXT(2) 
PARAMETRIC_REPRESENTATION_CONTEXT() REPRESENTATION_CONTEXT('2D SPACE',''
  ) );
#9828 = ORIENTED_EDGE('',*,*,#9778,.T.);
#9829 = ADVANCED_FACE('',(#9830),#9766,.T.);
#9830 = FACE_BOUND('',#9831,.T.);
#9831 = EDGE_LOOP('',(#9832));
#9832 = ORIENTED_EDGE('',*,*,#9744,.T.);
#9833 = ADVANCED_FACE('',(#9834),#9817,.F.);
#9834 = FACE_BOUND('',#9835,.F.);
#9835 = EDGE_LOOP('',(#9836));
#9836 = ORIENTED_EDGE('',*,*,#9802,.T.);
#9837 = ( GEOMETRIC_REPRESENTATION_CONTEXT(3) 
GLOBAL_UNCERTAINTY_ASSIGNED_CONTEXT((#9841)) 
GLOBAL_UNIT_ASSIGNED_CONTEXT((#9838,#9839,#9840)) REPRESENTATION_CONTEXT
('Context #1','3D Context with UNIT and UNCERTAINTY') );
#9838 = ( LENGTH_UNIT() NAMED_UNIT(*) SI_UNIT(.MILLI.,.METRE.) );
#9839 = ( NAMED_UNIT(*) PLANE_ANGLE_UNIT() SI_UNIT($,.RADIAN.) );
#9840 = ( NAMED_UNIT(*) SI_UNIT($,.STERADIAN.) SOLID_ANGLE_UNIT() );
#9841 = UNCERTAINTY_MEASURE_WITH_UNIT(LENGTH_MEASURE(1.E-07),#9838,
  'distance_accuracy_value','confusion accuracy');
#9842 = CONTEXT_DEPENDENT_SHAPE_REPRESENTATION(#9843,#9845);
#9843 = ( REPRESENTATION_RELATIONSHIP('','',#9737,#10) 
REPRESENTATION_RELATIONSHIP_WITH_TRANSFORMATION(#9844) 
SHAPE_REPRESENTATION_RELATIONSHIP() );
#9844 = ITEM_DEFINED_TRANSFORMATION('','',#11,#323);
#9845 = PRODUCT_DEFINITION_SHAPE('Placement','Placement of an item',
  #9846);
#9846 = NEXT_ASSEMBLY_USAGE_OCCURRENCE('122','Ball_N8','',#5,#9732,$);
#9847 = PRODUCT_RELATED_PRODUCT_CATEGORY('part',$,(#9734));
#9848 = SHAPE_DEFINITION_REPRESENTATION(#9849,#9855);
#9849 = PRODUCT_DEFINITION_SHAPE('','',#9850);
#9850 = PRODUCT_DEFINITION('design','',#9851,#9854);
#9851 = PRODUCT_DEFINITION_FORMATION('','',#9852);
#9852 = PRODUCT('Ball_N9','Ball_N9','',(#9853));
#9853 = PRODUCT_CONTEXT('',#2,'mechanical');
#9854 = PRODUCT_DEFINITION_CONTEXT('part definition',#2,'design');
#9855 = ADVANCED_BREP_SHAPE_REPRESENTATION('',(#11,#9856),#9955);
#9856 = MANIFOLD_SOLID_BREP('',#9857);
#9857 = CLOSED_SHELL('',(#9858,#9947,#9951));
#9858 = ADVANCED_FACE('',(#9859),#9872,.T.);
#9859 = FACE_BOUND('',#9860,.T.);
#9860 = EDGE_LOOP('',(#9861,#9895,#9919,#9946));
#9861 = ORIENTED_EDGE('',*,*,#9862,.F.);
#9862 = EDGE_CURVE('',#9863,#9863,#9865,.T.);
#9863 = VERTEX_POINT('',#9864);
#9864 = CARTESIAN_POINT('',(3.362249807396,-3.6,0.34));
#9865 = SURFACE_CURVE('',#9866,(#9871,#9883),.PCURVE_S1.);
#9866 = CIRCLE('',#9867,0.162249807396);
#9867 = AXIS2_PLACEMENT_3D('',#9868,#9869,#9870);
#9868 = CARTESIAN_POINT('',(3.2,-3.6,0.34));
#9869 = DIRECTION('',(0.,0.,1.));
#9870 = DIRECTION('',(1.,0.,-0.));
#9871 = PCURVE('',#9872,#9877);
#9872 = SPHERICAL_SURFACE('',#9873,0.235);
#9873 = AXIS2_PLACEMENT_3D('',#9874,#9875,#9876);
#9874 = CARTESIAN_POINT('',(3.2,-3.6,0.17));
#9875 = DIRECTION('',(0.,0.,1.));
#9876 = DIRECTION('',(1.,0.,0.));
#9877 = DEFINITIONAL_REPRESENTATION('',(#9878),#9882);
#9878 = LINE('',#9879,#9880);
#9879 = CARTESIAN_POINT('',(0.,0.80872033608));
#9880 = VECTOR('',#9881,1.);
#9881 = DIRECTION('',(1.,0.));
#9882 = ( GEOMETRIC_REPRESENTATION_CONTEXT(2) 
PARAMETRIC_REPRESENTATION_CONTEXT() REPRESENTATION_CONTEXT('2D SPACE',''
  ) );
#9883 = PCURVE('',#9884,#9889);
#9884 = PLANE('',#9885);
#9885 = AXIS2_PLACEMENT_3D('',#9886,#9887,#9888);
#9886 = CARTESIAN_POINT('',(2.95,-3.85,0.34));
#9887 = DIRECTION('',(0.,0.,1.));
#9888 = DIRECTION('',(1.,0.,0.));
#9889 = DEFINITIONAL_REPRESENTATION('',(#9890),#9894);
#9890 = CIRCLE('',#9891,0.162249807396);
#9891 = AXIS2_PLACEMENT_2D('',#9892,#9893);
#9892 = CARTESIAN_POINT('',(0.25,0.25));
#9893 = DIRECTION('',(1.,0.));
#9894 = ( GEOMETRIC_REPRESENTATION_CONTEXT(2) 
PARAMETRIC_REPRESENTATION_CONTEXT() REPRESENTATION_CONTEXT('2D SPACE',''
  ) );
#9895 = ORIENTED_EDGE('',*,*,#9896,.F.);
#9896 = EDGE_CURVE('',#9897,#9863,#9899,.T.);
#9897 = VERTEX_POINT('',#9898);
#9898 = CARTESIAN_POINT('',(3.362249807396,-3.6,-5.551115123126E-17));
#9899 = SEAM_CURVE('',#9900,(#9905,#9912),.PCURVE_S1.);
#9900 = CIRCLE('',#9901,0.235);
#9901 = AXIS2_PLACEMENT_3D('',#9902,#9903,#9904);
#9902 = CARTESIAN_POINT('',(3.2,-3.6,0.17));
#9903 = DIRECTION('',(-2.449293598295E-16,-1.,0.));
#9904 = DIRECTION('',(1.,-2.449293598295E-16,0.));
#9905 = PCURVE('',#9872,#9906);
#9906 = DEFINITIONAL_REPRESENTATION('',(#9907),#9911);
#9907 = LINE('',#9908,#9909);
#9908 = CARTESIAN_POINT('',(6.28318530718,-6.28318530718));
#9909 = VECTOR('',#9910,1.);
#9910 = DIRECTION('',(0.,1.));
#9911 = ( GEOMETRIC_REPRESENTATION_CONTEXT(2) 
PARAMETRIC_REPRESENTATION_CONTEXT() REPRESENTATION_CONTEXT('2D SPACE',''
  ) );
#9912 = PCURVE('',#9872,#9913);
#9913 = DEFINITIONAL_REPRESENTATION('',(#9914),#9918);
#9914 = LINE('',#9915,#9916);
#9915 = CARTESIAN_POINT('',(0.,-6.28318530718));
#9916 = VECTOR('',#9917,1.);
#9917 = DIRECTION('',(0.,1.));
#9918 = ( GEOMETRIC_REPRESENTATION_CONTEXT(2) 
PARAMETRIC_REPRESENTATION_CONTEXT() REPRESENTATION_CONTEXT('2D SPACE',''
  ) );
#9919 = ORIENTED_EDGE('',*,*,#9920,.T.);
#9920 = EDGE_CURVE('',#9897,#9897,#9921,.T.);
#9921 = SURFACE_CURVE('',#9922,(#9927,#9934),.PCURVE_S1.);
#9922 = CIRCLE('',#9923,0.162249807396);
#9923 = AXIS2_PLACEMENT_3D('',#9924,#9925,#9926);
#9924 = CARTESIAN_POINT('',(3.2,-3.6,0.));
#9925 = DIRECTION('',(0.,0.,1.));
#9926 = DIRECTION('',(1.,0.,-0.));
#9927 = PCURVE('',#9872,#9928);
#9928 = DEFINITIONAL_REPRESENTATION('',(#9929),#9933);
#9929 = LINE('',#9930,#9931);
#9930 = CARTESIAN_POINT('',(0.,-0.80872033608));
#9931 = VECTOR('',#9932,1.);
#9932 = DIRECTION('',(1.,0.));
#9933 = ( GEOMETRIC_REPRESENTATION_CONTEXT(2) 
PARAMETRIC_REPRESENTATION_CONTEXT() REPRESENTATION_CONTEXT('2D SPACE',''
  ) );
#9934 = PCURVE('',#9935,#9940);
#9935 = PLANE('',#9936);
#9936 = AXIS2_PLACEMENT_3D('',#9937,#9938,#9939);
#9937 = CARTESIAN_POINT('',(2.95,-3.85,0.));
#9938 = DIRECTION('',(0.,0.,1.));
#9939 = DIRECTION('',(1.,0.,0.));
#9940 = DEFINITIONAL_REPRESENTATION('',(#9941),#9945);
#9941 = CIRCLE('',#9942,0.162249807396);
#9942 = AXIS2_PLACEMENT_2D('',#9943,#9944);
#9943 = CARTESIAN_POINT('',(0.25,0.25));
#9944 = DIRECTION('',(1.,0.));
#9945 = ( GEOMETRIC_REPRESENTATION_CONTEXT(2) 
PARAMETRIC_REPRESENTATION_CONTEXT() REPRESENTATION_CONTEXT('2D SPACE',''
  ) );
#9946 = ORIENTED_EDGE('',*,*,#9896,.T.);
#9947 = ADVANCED_FACE('',(#9948),#9884,.T.);
#9948 = FACE_BOUND('',#9949,.T.);
#9949 = EDGE_LOOP('',(#9950));
#9950 = ORIENTED_EDGE('',*,*,#9862,.T.);
#9951 = ADVANCED_FACE('',(#9952),#9935,.F.);
#9952 = FACE_BOUND('',#9953,.F.);
#9953 = EDGE_LOOP('',(#9954));
#9954 = ORIENTED_EDGE('',*,*,#9920,.T.);
#9955 = ( GEOMETRIC_REPRESENTATION_CONTEXT(3) 
GLOBAL_UNCERTAINTY_ASSIGNED_CONTEXT((#9959)) 
GLOBAL_UNIT_ASSIGNED_CONTEXT((#9956,#9957,#9958)) REPRESENTATION_CONTEXT
('Context #1','3D Context with UNIT and UNCERTAINTY') );
#9956 = ( LENGTH_UNIT() NAMED_UNIT(*) SI_UNIT(.MILLI.,.METRE.) );
#9957 = ( NAMED_UNIT(*) PLANE_ANGLE_UNIT() SI_UNIT($,.RADIAN.) );
#9958 = ( NAMED_UNIT(*) SI_UNIT($,.STERADIAN.) SOLID_ANGLE_UNIT() );
#9959 = UNCERTAINTY_MEASURE_WITH_UNIT(LENGTH_MEASURE(1.E-07),#9956,
  'distance_accuracy_value','confusion accuracy');
#9960 = CONTEXT_DEPENDENT_SHAPE_REPRESENTATION(#9961,#9963);
#9961 = ( REPRESENTATION_RELATIONSHIP('','',#9855,#10) 
REPRESENTATION_RELATIONSHIP_WITH_TRANSFORMATION(#9962) 
SHAPE_REPRESENTATION_RELATIONSHIP() );
#9962 = ITEM_DEFINED_TRANSFORMATION('','',#11,#327);
#9963 = PRODUCT_DEFINITION_SHAPE('Placement','Placement of an item',
  #9964);
#9964 = NEXT_ASSEMBLY_USAGE_OCCURRENCE('123','Ball_N9','',#5,#9850,$);
#9965 = PRODUCT_RELATED_PRODUCT_CATEGORY('part',$,(#9852));
#9966 = SHAPE_DEFINITION_REPRESENTATION(#9967,#9973);
#9967 = PRODUCT_DEFINITION_SHAPE('','',#9968);
#9968 = PRODUCT_DEFINITION('design','',#9969,#9972);
#9969 = PRODUCT_DEFINITION_FORMATION('','',#9970);
#9970 = PRODUCT('Ball_P1','Ball_P1','',(#9971));
#9971 = PRODUCT_CONTEXT('',#2,'mechanical');
#9972 = PRODUCT_DEFINITION_CONTEXT('part definition',#2,'design');
#9973 = ADVANCED_BREP_SHAPE_REPRESENTATION('',(#11,#9974),#10073);
#9974 = MANIFOLD_SOLID_BREP('',#9975);
#9975 = CLOSED_SHELL('',(#9976,#10065,#10069));
#9976 = ADVANCED_FACE('',(#9977),#9990,.T.);
#9977 = FACE_BOUND('',#9978,.T.);
#9978 = EDGE_LOOP('',(#9979,#10013,#10037,#10064));
#9979 = ORIENTED_EDGE('',*,*,#9980,.F.);
#9980 = EDGE_CURVE('',#9981,#9981,#9983,.T.);
#9981 = VERTEX_POINT('',#9982);
#9982 = CARTESIAN_POINT('',(-3.037750192604,-4.4,0.34));
#9983 = SURFACE_CURVE('',#9984,(#9989,#10001),.PCURVE_S1.);
#9984 = CIRCLE('',#9985,0.162249807396);
#9985 = AXIS2_PLACEMENT_3D('',#9986,#9987,#9988);
#9986 = CARTESIAN_POINT('',(-3.2,-4.4,0.34));
#9987 = DIRECTION('',(0.,0.,1.));
#9988 = DIRECTION('',(1.,0.,-0.));
#9989 = PCURVE('',#9990,#9995);
#9990 = SPHERICAL_SURFACE('',#9991,0.235);
#9991 = AXIS2_PLACEMENT_3D('',#9992,#9993,#9994);
#9992 = CARTESIAN_POINT('',(-3.2,-4.4,0.17));
#9993 = DIRECTION('',(0.,0.,1.));
#9994 = DIRECTION('',(1.,0.,0.));
#9995 = DEFINITIONAL_REPRESENTATION('',(#9996),#10000);
#9996 = LINE('',#9997,#9998);
#9997 = CARTESIAN_POINT('',(0.,0.80872033608));
#9998 = VECTOR('',#9999,1.);
#9999 = DIRECTION('',(1.,0.));
#10000 = ( GEOMETRIC_REPRESENTATION_CONTEXT(2) 
PARAMETRIC_REPRESENTATION_CONTEXT() REPRESENTATION_CONTEXT('2D SPACE',''
  ) );
#10001 = PCURVE('',#10002,#10007);
#10002 = PLANE('',#10003);
#10003 = AXIS2_PLACEMENT_3D('',#10004,#10005,#10006);
#10004 = CARTESIAN_POINT('',(-3.45,-4.65,0.34));
#10005 = DIRECTION('',(0.,0.,1.));
#10006 = DIRECTION('',(1.,0.,0.));
#10007 = DEFINITIONAL_REPRESENTATION('',(#10008),#10012);
#10008 = CIRCLE('',#10009,0.162249807396);
#10009 = AXIS2_PLACEMENT_2D('',#10010,#10011);
#10010 = CARTESIAN_POINT('',(0.25,0.25));
#10011 = DIRECTION('',(1.,0.));
#10012 = ( GEOMETRIC_REPRESENTATION_CONTEXT(2) 
PARAMETRIC_REPRESENTATION_CONTEXT() REPRESENTATION_CONTEXT('2D SPACE',''
  ) );
#10013 = ORIENTED_EDGE('',*,*,#10014,.F.);
#10014 = EDGE_CURVE('',#10015,#9981,#10017,.T.);
#10015 = VERTEX_POINT('',#10016);
#10016 = CARTESIAN_POINT('',(-3.037750192604,-4.4,-5.551115123126E-17));
#10017 = SEAM_CURVE('',#10018,(#10023,#10030),.PCURVE_S1.);
#10018 = CIRCLE('',#10019,0.235);
#10019 = AXIS2_PLACEMENT_3D('',#10020,#10021,#10022);
#10020 = CARTESIAN_POINT('',(-3.2,-4.4,0.17));
#10021 = DIRECTION('',(-2.449293598295E-16,-1.,0.));
#10022 = DIRECTION('',(1.,-2.449293598295E-16,0.));
#10023 = PCURVE('',#9990,#10024);
#10024 = DEFINITIONAL_REPRESENTATION('',(#10025),#10029);
#10025 = LINE('',#10026,#10027);
#10026 = CARTESIAN_POINT('',(6.28318530718,-6.28318530718));
#10027 = VECTOR('',#10028,1.);
#10028 = DIRECTION('',(0.,1.));
#10029 = ( GEOMETRIC_REPRESENTATION_CONTEXT(2) 
PARAMETRIC_REPRESENTATION_CONTEXT() REPRESENTATION_CONTEXT('2D SPACE',''
  ) );
#10030 = PCURVE('',#9990,#10031);
#10031 = DEFINITIONAL_REPRESENTATION('',(#10032),#10036);
#10032 = LINE('',#10033,#10034);
#10033 = CARTESIAN_POINT('',(0.,-6.28318530718));
#10034 = VECTOR('',#10035,1.);
#10035 = DIRECTION('',(0.,1.));
#10036 = ( GEOMETRIC_REPRESENTATION_CONTEXT(2) 
PARAMETRIC_REPRESENTATION_CONTEXT() REPRESENTATION_CONTEXT('2D SPACE',''
  ) );
#10037 = ORIENTED_EDGE('',*,*,#10038,.T.);
#10038 = EDGE_CURVE('',#10015,#10015,#10039,.T.);
#10039 = SURFACE_CURVE('',#10040,(#10045,#10052),.PCURVE_S1.);
#10040 = CIRCLE('',#10041,0.162249807396);
#10041 = AXIS2_PLACEMENT_3D('',#10042,#10043,#10044);
#10042 = CARTESIAN_POINT('',(-3.2,-4.4,0.));
#10043 = DIRECTION('',(0.,0.,1.));
#10044 = DIRECTION('',(1.,0.,-0.));
#10045 = PCURVE('',#9990,#10046);
#10046 = DEFINITIONAL_REPRESENTATION('',(#10047),#10051);
#10047 = LINE('',#10048,#10049);
#10048 = CARTESIAN_POINT('',(0.,-0.80872033608));
#10049 = VECTOR('',#10050,1.);
#10050 = DIRECTION('',(1.,0.));
#10051 = ( GEOMETRIC_REPRESENTATION_CONTEXT(2) 
PARAMETRIC_REPRESENTATION_CONTEXT() REPRESENTATION_CONTEXT('2D SPACE',''
  ) );
#10052 = PCURVE('',#10053,#10058);
#10053 = PLANE('',#10054);
#10054 = AXIS2_PLACEMENT_3D('',#10055,#10056,#10057);
#10055 = CARTESIAN_POINT('',(-3.45,-4.65,0.));
#10056 = DIRECTION('',(0.,0.,1.));
#10057 = DIRECTION('',(1.,0.,0.));
#10058 = DEFINITIONAL_REPRESENTATION('',(#10059),#10063);
#10059 = CIRCLE('',#10060,0.162249807396);
#10060 = AXIS2_PLACEMENT_2D('',#10061,#10062);
#10061 = CARTESIAN_POINT('',(0.25,0.25));
#10062 = DIRECTION('',(1.,0.));
#10063 = ( GEOMETRIC_REPRESENTATION_CONTEXT(2) 
PARAMETRIC_REPRESENTATION_CONTEXT() REPRESENTATION_CONTEXT('2D SPACE',''
  ) );
#10064 = ORIENTED_EDGE('',*,*,#10014,.T.);
#10065 = ADVANCED_FACE('',(#10066),#10002,.T.);
#10066 = FACE_BOUND('',#10067,.T.);
#10067 = EDGE_LOOP('',(#10068));
#10068 = ORIENTED_EDGE('',*,*,#9980,.T.);
#10069 = ADVANCED_FACE('',(#10070),#10053,.F.);
#10070 = FACE_BOUND('',#10071,.F.);
#10071 = EDGE_LOOP('',(#10072));
#10072 = ORIENTED_EDGE('',*,*,#10038,.T.);
#10073 = ( GEOMETRIC_REPRESENTATION_CONTEXT(3) 
GLOBAL_UNCERTAINTY_ASSIGNED_CONTEXT((#10077)) 
GLOBAL_UNIT_ASSIGNED_CONTEXT((#10074,#10075,#10076)) 
REPRESENTATION_CONTEXT('Context #1',
  '3D Context with UNIT and UNCERTAINTY') );
#10074 = ( LENGTH_UNIT() NAMED_UNIT(*) SI_UNIT(.MILLI.,.METRE.) );
#10075 = ( NAMED_UNIT(*) PLANE_ANGLE_UNIT() SI_UNIT($,.RADIAN.) );
#10076 = ( NAMED_UNIT(*) SI_UNIT($,.STERADIAN.) SOLID_ANGLE_UNIT() );
#10077 = UNCERTAINTY_MEASURE_WITH_UNIT(LENGTH_MEASURE(1.E-07),#10074,
  'distance_accuracy_value','confusion accuracy');
#10078 = CONTEXT_DEPENDENT_SHAPE_REPRESENTATION(#10079,#10081);
#10079 = ( REPRESENTATION_RELATIONSHIP('','',#9973,#10) 
REPRESENTATION_RELATIONSHIP_WITH_TRANSFORMATION(#10080) 
SHAPE_REPRESENTATION_RELATIONSHIP() );
#10080 = ITEM_DEFINED_TRANSFORMATION('','',#11,#331);
#10081 = PRODUCT_DEFINITION_SHAPE('Placement','Placement of an item',
  #10082);
#10082 = NEXT_ASSEMBLY_USAGE_OCCURRENCE('124','Ball_P1','',#5,#9968,$);
#10083 = PRODUCT_RELATED_PRODUCT_CATEGORY('part',$,(#9970));
#10084 = SHAPE_DEFINITION_REPRESENTATION(#10085,#10091);
#10085 = PRODUCT_DEFINITION_SHAPE('','',#10086);
#10086 = PRODUCT_DEFINITION('design','',#10087,#10090);
#10087 = PRODUCT_DEFINITION_FORMATION('','',#10088);
#10088 = PRODUCT('Ball_P2','Ball_P2','',(#10089));
#10089 = PRODUCT_CONTEXT('',#2,'mechanical');
#10090 = PRODUCT_DEFINITION_CONTEXT('part definition',#2,'design');
#10091 = ADVANCED_BREP_SHAPE_REPRESENTATION('',(#11,#10092),#10191);
#10092 = MANIFOLD_SOLID_BREP('',#10093);
#10093 = CLOSED_SHELL('',(#10094,#10183,#10187));
#10094 = ADVANCED_FACE('',(#10095),#10108,.T.);
#10095 = FACE_BOUND('',#10096,.T.);
#10096 = EDGE_LOOP('',(#10097,#10131,#10155,#10182));
#10097 = ORIENTED_EDGE('',*,*,#10098,.F.);
#10098 = EDGE_CURVE('',#10099,#10099,#10101,.T.);
#10099 = VERTEX_POINT('',#10100);
#10100 = CARTESIAN_POINT('',(-2.237750192604,-4.4,0.34));
#10101 = SURFACE_CURVE('',#10102,(#10107,#10119),.PCURVE_S1.);
#10102 = CIRCLE('',#10103,0.162249807396);
#10103 = AXIS2_PLACEMENT_3D('',#10104,#10105,#10106);
#10104 = CARTESIAN_POINT('',(-2.4,-4.4,0.34));
#10105 = DIRECTION('',(0.,0.,1.));
#10106 = DIRECTION('',(1.,0.,-0.));
#10107 = PCURVE('',#10108,#10113);
#10108 = SPHERICAL_SURFACE('',#10109,0.235);
#10109 = AXIS2_PLACEMENT_3D('',#10110,#10111,#10112);
#10110 = CARTESIAN_POINT('',(-2.4,-4.4,0.17));
#10111 = DIRECTION('',(0.,0.,1.));
#10112 = DIRECTION('',(1.,0.,0.));
#10113 = DEFINITIONAL_REPRESENTATION('',(#10114),#10118);
#10114 = LINE('',#10115,#10116);
#10115 = CARTESIAN_POINT('',(0.,0.80872033608));
#10116 = VECTOR('',#10117,1.);
#10117 = DIRECTION('',(1.,0.));
#10118 = ( GEOMETRIC_REPRESENTATION_CONTEXT(2) 
PARAMETRIC_REPRESENTATION_CONTEXT() REPRESENTATION_CONTEXT('2D SPACE',''
  ) );
#10119 = PCURVE('',#10120,#10125);
#10120 = PLANE('',#10121);
#10121 = AXIS2_PLACEMENT_3D('',#10122,#10123,#10124);
#10122 = CARTESIAN_POINT('',(-2.65,-4.65,0.34));
#10123 = DIRECTION('',(0.,0.,1.));
#10124 = DIRECTION('',(1.,0.,0.));
#10125 = DEFINITIONAL_REPRESENTATION('',(#10126),#10130);
#10126 = CIRCLE('',#10127,0.162249807396);
#10127 = AXIS2_PLACEMENT_2D('',#10128,#10129);
#10128 = CARTESIAN_POINT('',(0.25,0.25));
#10129 = DIRECTION('',(1.,0.));
#10130 = ( GEOMETRIC_REPRESENTATION_CONTEXT(2) 
PARAMETRIC_REPRESENTATION_CONTEXT() REPRESENTATION_CONTEXT('2D SPACE',''
  ) );
#10131 = ORIENTED_EDGE('',*,*,#10132,.F.);
#10132 = EDGE_CURVE('',#10133,#10099,#10135,.T.);
#10133 = VERTEX_POINT('',#10134);
#10134 = CARTESIAN_POINT('',(-2.237750192604,-4.4,-5.551115123126E-17));
#10135 = SEAM_CURVE('',#10136,(#10141,#10148),.PCURVE_S1.);
#10136 = CIRCLE('',#10137,0.235);
#10137 = AXIS2_PLACEMENT_3D('',#10138,#10139,#10140);
#10138 = CARTESIAN_POINT('',(-2.4,-4.4,0.17));
#10139 = DIRECTION('',(-2.449293598295E-16,-1.,0.));
#10140 = DIRECTION('',(1.,-2.449293598295E-16,0.));
#10141 = PCURVE('',#10108,#10142);
#10142 = DEFINITIONAL_REPRESENTATION('',(#10143),#10147);
#10143 = LINE('',#10144,#10145);
#10144 = CARTESIAN_POINT('',(6.28318530718,-6.28318530718));
#10145 = VECTOR('',#10146,1.);
#10146 = DIRECTION('',(0.,1.));
#10147 = ( GEOMETRIC_REPRESENTATION_CONTEXT(2) 
PARAMETRIC_REPRESENTATION_CONTEXT() REPRESENTATION_CONTEXT('2D SPACE',''
  ) );
#10148 = PCURVE('',#10108,#10149);
#10149 = DEFINITIONAL_REPRESENTATION('',(#10150),#10154);
#10150 = LINE('',#10151,#10152);
#10151 = CARTESIAN_POINT('',(0.,-6.28318530718));
#10152 = VECTOR('',#10153,1.);
#10153 = DIRECTION('',(0.,1.));
#10154 = ( GEOMETRIC_REPRESENTATION_CONTEXT(2) 
PARAMETRIC_REPRESENTATION_CONTEXT() REPRESENTATION_CONTEXT('2D SPACE',''
  ) );
#10155 = ORIENTED_EDGE('',*,*,#10156,.T.);
#10156 = EDGE_CURVE('',#10133,#10133,#10157,.T.);
#10157 = SURFACE_CURVE('',#10158,(#10163,#10170),.PCURVE_S1.);
#10158 = CIRCLE('',#10159,0.162249807396);
#10159 = AXIS2_PLACEMENT_3D('',#10160,#10161,#10162);
#10160 = CARTESIAN_POINT('',(-2.4,-4.4,0.));
#10161 = DIRECTION('',(0.,0.,1.));
#10162 = DIRECTION('',(1.,0.,-0.));
#10163 = PCURVE('',#10108,#10164);
#10164 = DEFINITIONAL_REPRESENTATION('',(#10165),#10169);
#10165 = LINE('',#10166,#10167);
#10166 = CARTESIAN_POINT('',(0.,-0.80872033608));
#10167 = VECTOR('',#10168,1.);
#10168 = DIRECTION('',(1.,0.));
#10169 = ( GEOMETRIC_REPRESENTATION_CONTEXT(2) 
PARAMETRIC_REPRESENTATION_CONTEXT() REPRESENTATION_CONTEXT('2D SPACE',''
  ) );
#10170 = PCURVE('',#10171,#10176);
#10171 = PLANE('',#10172);
#10172 = AXIS2_PLACEMENT_3D('',#10173,#10174,#10175);
#10173 = CARTESIAN_POINT('',(-2.65,-4.65,0.));
#10174 = DIRECTION('',(0.,0.,1.));
#10175 = DIRECTION('',(1.,0.,0.));
#10176 = DEFINITIONAL_REPRESENTATION('',(#10177),#10181);
#10177 = CIRCLE('',#10178,0.162249807396);
#10178 = AXIS2_PLACEMENT_2D('',#10179,#10180);
#10179 = CARTESIAN_POINT('',(0.25,0.25));
#10180 = DIRECTION('',(1.,0.));
#10181 = ( GEOMETRIC_REPRESENTATION_CONTEXT(2) 
PARAMETRIC_REPRESENTATION_CONTEXT() REPRESENTATION_CONTEXT('2D SPACE',''
  ) );
#10182 = ORIENTED_EDGE('',*,*,#10132,.T.);
#10183 = ADVANCED_FACE('',(#10184),#10120,.T.);
#10184 = FACE_BOUND('',#10185,.T.);
#10185 = EDGE_LOOP('',(#10186));
#10186 = ORIENTED_EDGE('',*,*,#10098,.T.);
#10187 = ADVANCED_FACE('',(#10188),#10171,.F.);
#10188 = FACE_BOUND('',#10189,.F.);
#10189 = EDGE_LOOP('',(#10190));
#10190 = ORIENTED_EDGE('',*,*,#10156,.T.);
#10191 = ( GEOMETRIC_REPRESENTATION_CONTEXT(3) 
GLOBAL_UNCERTAINTY_ASSIGNED_CONTEXT((#10195)) 
GLOBAL_UNIT_ASSIGNED_CONTEXT((#10192,#10193,#10194)) 
REPRESENTATION_CONTEXT('Context #1',
  '3D Context with UNIT and UNCERTAINTY') );
#10192 = ( LENGTH_UNIT() NAMED_UNIT(*) SI_UNIT(.MILLI.,.METRE.) );
#10193 = ( NAMED_UNIT(*) PLANE_ANGLE_UNIT() SI_UNIT($,.RADIAN.) );
#10194 = ( NAMED_UNIT(*) SI_UNIT($,.STERADIAN.) SOLID_ANGLE_UNIT() );
#10195 = UNCERTAINTY_MEASURE_WITH_UNIT(LENGTH_MEASURE(1.E-07),#10192,
  'distance_accuracy_value','confusion accuracy');
#10196 = CONTEXT_DEPENDENT_SHAPE_REPRESENTATION(#10197,#10199);
#10197 = ( REPRESENTATION_RELATIONSHIP('','',#10091,#10) 
REPRESENTATION_RELATIONSHIP_WITH_TRANSFORMATION(#10198) 
SHAPE_REPRESENTATION_RELATIONSHIP() );
#10198 = ITEM_DEFINED_TRANSFORMATION('','',#11,#335);
#10199 = PRODUCT_DEFINITION_SHAPE('Placement','Placement of an item',
  #10200);
#10200 = NEXT_ASSEMBLY_USAGE_OCCURRENCE('125','Ball_P2','',#5,#10086,$);
#10201 = PRODUCT_RELATED_PRODUCT_CATEGORY('part',$,(#10088));
#10202 = SHAPE_DEFINITION_REPRESENTATION(#10203,#10209);
#10203 = PRODUCT_DEFINITION_SHAPE('','',#10204);
#10204 = PRODUCT_DEFINITION('design','',#10205,#10208);
#10205 = PRODUCT_DEFINITION_FORMATION('','',#10206);
#10206 = PRODUCT('Ball_P3','Ball_P3','',(#10207));
#10207 = PRODUCT_CONTEXT('',#2,'mechanical');
#10208 = PRODUCT_DEFINITION_CONTEXT('part definition',#2,'design');
#10209 = ADVANCED_BREP_SHAPE_REPRESENTATION('',(#11,#10210),#10309);
#10210 = MANIFOLD_SOLID_BREP('',#10211);
#10211 = CLOSED_SHELL('',(#10212,#10301,#10305));
#10212 = ADVANCED_FACE('',(#10213),#10226,.T.);
#10213 = FACE_BOUND('',#10214,.T.);
#10214 = EDGE_LOOP('',(#10215,#10249,#10273,#10300));
#10215 = ORIENTED_EDGE('',*,*,#10216,.F.);
#10216 = EDGE_CURVE('',#10217,#10217,#10219,.T.);
#10217 = VERTEX_POINT('',#10218);
#10218 = CARTESIAN_POINT('',(-1.437750192604,-4.4,0.34));
#10219 = SURFACE_CURVE('',#10220,(#10225,#10237),.PCURVE_S1.);
#10220 = CIRCLE('',#10221,0.162249807396);
#10221 = AXIS2_PLACEMENT_3D('',#10222,#10223,#10224);
#10222 = CARTESIAN_POINT('',(-1.6,-4.4,0.34));
#10223 = DIRECTION('',(0.,0.,1.));
#10224 = DIRECTION('',(1.,0.,-0.));
#10225 = PCURVE('',#10226,#10231);
#10226 = SPHERICAL_SURFACE('',#10227,0.235);
#10227 = AXIS2_PLACEMENT_3D('',#10228,#10229,#10230);
#10228 = CARTESIAN_POINT('',(-1.6,-4.4,0.17));
#10229 = DIRECTION('',(0.,0.,1.));
#10230 = DIRECTION('',(1.,0.,0.));
#10231 = DEFINITIONAL_REPRESENTATION('',(#10232),#10236);
#10232 = LINE('',#10233,#10234);
#10233 = CARTESIAN_POINT('',(0.,0.80872033608));
#10234 = VECTOR('',#10235,1.);
#10235 = DIRECTION('',(1.,0.));
#10236 = ( GEOMETRIC_REPRESENTATION_CONTEXT(2) 
PARAMETRIC_REPRESENTATION_CONTEXT() REPRESENTATION_CONTEXT('2D SPACE',''
  ) );
#10237 = PCURVE('',#10238,#10243);
#10238 = PLANE('',#10239);
#10239 = AXIS2_PLACEMENT_3D('',#10240,#10241,#10242);
#10240 = CARTESIAN_POINT('',(-1.85,-4.65,0.34));
#10241 = DIRECTION('',(0.,0.,1.));
#10242 = DIRECTION('',(1.,0.,0.));
#10243 = DEFINITIONAL_REPRESENTATION('',(#10244),#10248);
#10244 = CIRCLE('',#10245,0.162249807396);
#10245 = AXIS2_PLACEMENT_2D('',#10246,#10247);
#10246 = CARTESIAN_POINT('',(0.25,0.25));
#10247 = DIRECTION('',(1.,0.));
#10248 = ( GEOMETRIC_REPRESENTATION_CONTEXT(2) 
PARAMETRIC_REPRESENTATION_CONTEXT() REPRESENTATION_CONTEXT('2D SPACE',''
  ) );
#10249 = ORIENTED_EDGE('',*,*,#10250,.F.);
#10250 = EDGE_CURVE('',#10251,#10217,#10253,.T.);
#10251 = VERTEX_POINT('',#10252);
#10252 = CARTESIAN_POINT('',(-1.437750192604,-4.4,-5.551115123126E-17));
#10253 = SEAM_CURVE('',#10254,(#10259,#10266),.PCURVE_S1.);
#10254 = CIRCLE('',#10255,0.235);
#10255 = AXIS2_PLACEMENT_3D('',#10256,#10257,#10258);
#10256 = CARTESIAN_POINT('',(-1.6,-4.4,0.17));
#10257 = DIRECTION('',(-2.449293598295E-16,-1.,0.));
#10258 = DIRECTION('',(1.,-2.449293598295E-16,0.));
#10259 = PCURVE('',#10226,#10260);
#10260 = DEFINITIONAL_REPRESENTATION('',(#10261),#10265);
#10261 = LINE('',#10262,#10263);
#10262 = CARTESIAN_POINT('',(6.28318530718,-6.28318530718));
#10263 = VECTOR('',#10264,1.);
#10264 = DIRECTION('',(0.,1.));
#10265 = ( GEOMETRIC_REPRESENTATION_CONTEXT(2) 
PARAMETRIC_REPRESENTATION_CONTEXT() REPRESENTATION_CONTEXT('2D SPACE',''
  ) );
#10266 = PCURVE('',#10226,#10267);
#10267 = DEFINITIONAL_REPRESENTATION('',(#10268),#10272);
#10268 = LINE('',#10269,#10270);
#10269 = CARTESIAN_POINT('',(0.,-6.28318530718));
#10270 = VECTOR('',#10271,1.);
#10271 = DIRECTION('',(0.,1.));
#10272 = ( GEOMETRIC_REPRESENTATION_CONTEXT(2) 
PARAMETRIC_REPRESENTATION_CONTEXT() REPRESENTATION_CONTEXT('2D SPACE',''
  ) );
#10273 = ORIENTED_EDGE('',*,*,#10274,.T.);
#10274 = EDGE_CURVE('',#10251,#10251,#10275,.T.);
#10275 = SURFACE_CURVE('',#10276,(#10281,#10288),.PCURVE_S1.);
#10276 = CIRCLE('',#10277,0.162249807396);
#10277 = AXIS2_PLACEMENT_3D('',#10278,#10279,#10280);
#10278 = CARTESIAN_POINT('',(-1.6,-4.4,0.));
#10279 = DIRECTION('',(0.,0.,1.));
#10280 = DIRECTION('',(1.,0.,-0.));
#10281 = PCURVE('',#10226,#10282);
#10282 = DEFINITIONAL_REPRESENTATION('',(#10283),#10287);
#10283 = LINE('',#10284,#10285);
#10284 = CARTESIAN_POINT('',(0.,-0.80872033608));
#10285 = VECTOR('',#10286,1.);
#10286 = DIRECTION('',(1.,0.));
#10287 = ( GEOMETRIC_REPRESENTATION_CONTEXT(2) 
PARAMETRIC_REPRESENTATION_CONTEXT() REPRESENTATION_CONTEXT('2D SPACE',''
  ) );
#10288 = PCURVE('',#10289,#10294);
#10289 = PLANE('',#10290);
#10290 = AXIS2_PLACEMENT_3D('',#10291,#10292,#10293);
#10291 = CARTESIAN_POINT('',(-1.85,-4.65,0.));
#10292 = DIRECTION('',(0.,0.,1.));
#10293 = DIRECTION('',(1.,0.,0.));
#10294 = DEFINITIONAL_REPRESENTATION('',(#10295),#10299);
#10295 = CIRCLE('',#10296,0.162249807396);
#10296 = AXIS2_PLACEMENT_2D('',#10297,#10298);
#10297 = CARTESIAN_POINT('',(0.25,0.25));
#10298 = DIRECTION('',(1.,0.));
#10299 = ( GEOMETRIC_REPRESENTATION_CONTEXT(2) 
PARAMETRIC_REPRESENTATION_CONTEXT() REPRESENTATION_CONTEXT('2D SPACE',''
  ) );
#10300 = ORIENTED_EDGE('',*,*,#10250,.T.);
#10301 = ADVANCED_FACE('',(#10302),#10238,.T.);
#10302 = FACE_BOUND('',#10303,.T.);
#10303 = EDGE_LOOP('',(#10304));
#10304 = ORIENTED_EDGE('',*,*,#10216,.T.);
#10305 = ADVANCED_FACE('',(#10306),#10289,.F.);
#10306 = FACE_BOUND('',#10307,.F.);
#10307 = EDGE_LOOP('',(#10308));
#10308 = ORIENTED_EDGE('',*,*,#10274,.T.);
#10309 = ( GEOMETRIC_REPRESENTATION_CONTEXT(3) 
GLOBAL_UNCERTAINTY_ASSIGNED_CONTEXT((#10313)) 
GLOBAL_UNIT_ASSIGNED_CONTEXT((#10310,#10311,#10312)) 
REPRESENTATION_CONTEXT('Context #1',
  '3D Context with UNIT and UNCERTAINTY') );
#10310 = ( LENGTH_UNIT() NAMED_UNIT(*) SI_UNIT(.MILLI.,.METRE.) );
#10311 = ( NAMED_UNIT(*) PLANE_ANGLE_UNIT() SI_UNIT($,.RADIAN.) );
#10312 = ( NAMED_UNIT(*) SI_UNIT($,.STERADIAN.) SOLID_ANGLE_UNIT() );
#10313 = UNCERTAINTY_MEASURE_WITH_UNIT(LENGTH_MEASURE(1.E-07),#10310,
  'distance_accuracy_value','confusion accuracy');
#10314 = CONTEXT_DEPENDENT_SHAPE_REPRESENTATION(#10315,#10317);
#10315 = ( REPRESENTATION_RELATIONSHIP('','',#10209,#10) 
REPRESENTATION_RELATIONSHIP_WITH_TRANSFORMATION(#10316) 
SHAPE_REPRESENTATION_RELATIONSHIP() );
#10316 = ITEM_DEFINED_TRANSFORMATION('','',#11,#339);
#10317 = PRODUCT_DEFINITION_SHAPE('Placement','Placement of an item',
  #10318);
#10318 = NEXT_ASSEMBLY_USAGE_OCCURRENCE('126','Ball_P3','',#5,#10204,$);
#10319 = PRODUCT_RELATED_PRODUCT_CATEGORY('part',$,(#10206));
#10320 = SHAPE_DEFINITION_REPRESENTATION(#10321,#10327);
#10321 = PRODUCT_DEFINITION_SHAPE('','',#10322);
#10322 = PRODUCT_DEFINITION('design','',#10323,#10326);
#10323 = PRODUCT_DEFINITION_FORMATION('','',#10324);
#10324 = PRODUCT('Ball_P7','Ball_P7','',(#10325));
#10325 = PRODUCT_CONTEXT('',#2,'mechanical');
#10326 = PRODUCT_DEFINITION_CONTEXT('part definition',#2,'design');
#10327 = ADVANCED_BREP_SHAPE_REPRESENTATION('',(#11,#10328),#10427);
#10328 = MANIFOLD_SOLID_BREP('',#10329);
#10329 = CLOSED_SHELL('',(#10330,#10419,#10423));
#10330 = ADVANCED_FACE('',(#10331),#10344,.T.);
#10331 = FACE_BOUND('',#10332,.T.);
#10332 = EDGE_LOOP('',(#10333,#10367,#10391,#10418));
#10333 = ORIENTED_EDGE('',*,*,#10334,.F.);
#10334 = EDGE_CURVE('',#10335,#10335,#10337,.T.);
#10335 = VERTEX_POINT('',#10336);
#10336 = CARTESIAN_POINT('',(1.762249807396,-4.4,0.34));
#10337 = SURFACE_CURVE('',#10338,(#10343,#10355),.PCURVE_S1.);
#10338 = CIRCLE('',#10339,0.162249807396);
#10339 = AXIS2_PLACEMENT_3D('',#10340,#10341,#10342);
#10340 = CARTESIAN_POINT('',(1.6,-4.4,0.34));
#10341 = DIRECTION('',(0.,0.,1.));
#10342 = DIRECTION('',(1.,0.,-0.));
#10343 = PCURVE('',#10344,#10349);
#10344 = SPHERICAL_SURFACE('',#10345,0.235);
#10345 = AXIS2_PLACEMENT_3D('',#10346,#10347,#10348);
#10346 = CARTESIAN_POINT('',(1.6,-4.4,0.17));
#10347 = DIRECTION('',(0.,0.,1.));
#10348 = DIRECTION('',(1.,0.,0.));
#10349 = DEFINITIONAL_REPRESENTATION('',(#10350),#10354);
#10350 = LINE('',#10351,#10352);
#10351 = CARTESIAN_POINT('',(0.,0.80872033608));
#10352 = VECTOR('',#10353,1.);
#10353 = DIRECTION('',(1.,0.));
#10354 = ( GEOMETRIC_REPRESENTATION_CONTEXT(2) 
PARAMETRIC_REPRESENTATION_CONTEXT() REPRESENTATION_CONTEXT('2D SPACE',''
  ) );
#10355 = PCURVE('',#10356,#10361);
#10356 = PLANE('',#10357);
#10357 = AXIS2_PLACEMENT_3D('',#10358,#10359,#10360);
#10358 = CARTESIAN_POINT('',(1.35,-4.65,0.34));
#10359 = DIRECTION('',(0.,0.,1.));
#10360 = DIRECTION('',(1.,0.,0.));
#10361 = DEFINITIONAL_REPRESENTATION('',(#10362),#10366);
#10362 = CIRCLE('',#10363,0.162249807396);
#10363 = AXIS2_PLACEMENT_2D('',#10364,#10365);
#10364 = CARTESIAN_POINT('',(0.25,0.25));
#10365 = DIRECTION('',(1.,0.));
#10366 = ( GEOMETRIC_REPRESENTATION_CONTEXT(2) 
PARAMETRIC_REPRESENTATION_CONTEXT() REPRESENTATION_CONTEXT('2D SPACE',''
  ) );
#10367 = ORIENTED_EDGE('',*,*,#10368,.F.);
#10368 = EDGE_CURVE('',#10369,#10335,#10371,.T.);
#10369 = VERTEX_POINT('',#10370);
#10370 = CARTESIAN_POINT('',(1.762249807396,-4.4,-5.551115123126E-17));
#10371 = SEAM_CURVE('',#10372,(#10377,#10384),.PCURVE_S1.);
#10372 = CIRCLE('',#10373,0.235);
#10373 = AXIS2_PLACEMENT_3D('',#10374,#10375,#10376);
#10374 = CARTESIAN_POINT('',(1.6,-4.4,0.17));
#10375 = DIRECTION('',(-2.449293598295E-16,-1.,0.));
#10376 = DIRECTION('',(1.,-2.449293598295E-16,0.));
#10377 = PCURVE('',#10344,#10378);
#10378 = DEFINITIONAL_REPRESENTATION('',(#10379),#10383);
#10379 = LINE('',#10380,#10381);
#10380 = CARTESIAN_POINT('',(6.28318530718,-6.28318530718));
#10381 = VECTOR('',#10382,1.);
#10382 = DIRECTION('',(0.,1.));
#10383 = ( GEOMETRIC_REPRESENTATION_CONTEXT(2) 
PARAMETRIC_REPRESENTATION_CONTEXT() REPRESENTATION_CONTEXT('2D SPACE',''
  ) );
#10384 = PCURVE('',#10344,#10385);
#10385 = DEFINITIONAL_REPRESENTATION('',(#10386),#10390);
#10386 = LINE('',#10387,#10388);
#10387 = CARTESIAN_POINT('',(0.,-6.28318530718));
#10388 = VECTOR('',#10389,1.);
#10389 = DIRECTION('',(0.,1.));
#10390 = ( GEOMETRIC_REPRESENTATION_CONTEXT(2) 
PARAMETRIC_REPRESENTATION_CONTEXT() REPRESENTATION_CONTEXT('2D SPACE',''
  ) );
#10391 = ORIENTED_EDGE('',*,*,#10392,.T.);
#10392 = EDGE_CURVE('',#10369,#10369,#10393,.T.);
#10393 = SURFACE_CURVE('',#10394,(#10399,#10406),.PCURVE_S1.);
#10394 = CIRCLE('',#10395,0.162249807396);
#10395 = AXIS2_PLACEMENT_3D('',#10396,#10397,#10398);
#10396 = CARTESIAN_POINT('',(1.6,-4.4,0.));
#10397 = DIRECTION('',(0.,0.,1.));
#10398 = DIRECTION('',(1.,0.,-0.));
#10399 = PCURVE('',#10344,#10400);
#10400 = DEFINITIONAL_REPRESENTATION('',(#10401),#10405);
#10401 = LINE('',#10402,#10403);
#10402 = CARTESIAN_POINT('',(0.,-0.80872033608));
#10403 = VECTOR('',#10404,1.);
#10404 = DIRECTION('',(1.,0.));
#10405 = ( GEOMETRIC_REPRESENTATION_CONTEXT(2) 
PARAMETRIC_REPRESENTATION_CONTEXT() REPRESENTATION_CONTEXT('2D SPACE',''
  ) );
#10406 = PCURVE('',#10407,#10412);
#10407 = PLANE('',#10408);
#10408 = AXIS2_PLACEMENT_3D('',#10409,#10410,#10411);
#10409 = CARTESIAN_POINT('',(1.35,-4.65,0.));
#10410 = DIRECTION('',(0.,0.,1.));
#10411 = DIRECTION('',(1.,0.,0.));
#10412 = DEFINITIONAL_REPRESENTATION('',(#10413),#10417);
#10413 = CIRCLE('',#10414,0.162249807396);
#10414 = AXIS2_PLACEMENT_2D('',#10415,#10416);
#10415 = CARTESIAN_POINT('',(0.25,0.25));
#10416 = DIRECTION('',(1.,0.));
#10417 = ( GEOMETRIC_REPRESENTATION_CONTEXT(2) 
PARAMETRIC_REPRESENTATION_CONTEXT() REPRESENTATION_CONTEXT('2D SPACE',''
  ) );
#10418 = ORIENTED_EDGE('',*,*,#10368,.T.);
#10419 = ADVANCED_FACE('',(#10420),#10356,.T.);
#10420 = FACE_BOUND('',#10421,.T.);
#10421 = EDGE_LOOP('',(#10422));
#10422 = ORIENTED_EDGE('',*,*,#10334,.T.);
#10423 = ADVANCED_FACE('',(#10424),#10407,.F.);
#10424 = FACE_BOUND('',#10425,.F.);
#10425 = EDGE_LOOP('',(#10426));
#10426 = ORIENTED_EDGE('',*,*,#10392,.T.);
#10427 = ( GEOMETRIC_REPRESENTATION_CONTEXT(3) 
GLOBAL_UNCERTAINTY_ASSIGNED_CONTEXT((#10431)) 
GLOBAL_UNIT_ASSIGNED_CONTEXT((#10428,#10429,#10430)) 
REPRESENTATION_CONTEXT('Context #1',
  '3D Context with UNIT and UNCERTAINTY') );
#10428 = ( LENGTH_UNIT() NAMED_UNIT(*) SI_UNIT(.MILLI.,.METRE.) );
#10429 = ( NAMED_UNIT(*) PLANE_ANGLE_UNIT() SI_UNIT($,.RADIAN.) );
#10430 = ( NAMED_UNIT(*) SI_UNIT($,.STERADIAN.) SOLID_ANGLE_UNIT() );
#10431 = UNCERTAINTY_MEASURE_WITH_UNIT(LENGTH_MEASURE(1.E-07),#10428,
  'distance_accuracy_value','confusion accuracy');
#10432 = CONTEXT_DEPENDENT_SHAPE_REPRESENTATION(#10433,#10435);
#10433 = ( REPRESENTATION_RELATIONSHIP('','',#10327,#10) 
REPRESENTATION_RELATIONSHIP_WITH_TRANSFORMATION(#10434) 
SHAPE_REPRESENTATION_RELATIONSHIP() );
#10434 = ITEM_DEFINED_TRANSFORMATION('','',#11,#343);
#10435 = PRODUCT_DEFINITION_SHAPE('Placement','Placement of an item',
  #10436);
#10436 = NEXT_ASSEMBLY_USAGE_OCCURRENCE('127','Ball_P7','',#5,#10322,$);
#10437 = PRODUCT_RELATED_PRODUCT_CATEGORY('part',$,(#10324));
#10438 = SHAPE_DEFINITION_REPRESENTATION(#10439,#10445);
#10439 = PRODUCT_DEFINITION_SHAPE('','',#10440);
#10440 = PRODUCT_DEFINITION('design','',#10441,#10444);
#10441 = PRODUCT_DEFINITION_FORMATION('','',#10442);
#10442 = PRODUCT('Ball_P8','Ball_P8','',(#10443));
#10443 = PRODUCT_CONTEXT('',#2,'mechanical');
#10444 = PRODUCT_DEFINITION_CONTEXT('part definition',#2,'design');
#10445 = ADVANCED_BREP_SHAPE_REPRESENTATION('',(#11,#10446),#10545);
#10446 = MANIFOLD_SOLID_BREP('',#10447);
#10447 = CLOSED_SHELL('',(#10448,#10537,#10541));
#10448 = ADVANCED_FACE('',(#10449),#10462,.T.);
#10449 = FACE_BOUND('',#10450,.T.);
#10450 = EDGE_LOOP('',(#10451,#10485,#10509,#10536));
#10451 = ORIENTED_EDGE('',*,*,#10452,.F.);
#10452 = EDGE_CURVE('',#10453,#10453,#10455,.T.);
#10453 = VERTEX_POINT('',#10454);
#10454 = CARTESIAN_POINT('',(2.562249807396,-4.4,0.34));
#10455 = SURFACE_CURVE('',#10456,(#10461,#10473),.PCURVE_S1.);
#10456 = CIRCLE('',#10457,0.162249807396);
#10457 = AXIS2_PLACEMENT_3D('',#10458,#10459,#10460);
#10458 = CARTESIAN_POINT('',(2.4,-4.4,0.34));
#10459 = DIRECTION('',(0.,0.,1.));
#10460 = DIRECTION('',(1.,0.,-0.));
#10461 = PCURVE('',#10462,#10467);
#10462 = SPHERICAL_SURFACE('',#10463,0.235);
#10463 = AXIS2_PLACEMENT_3D('',#10464,#10465,#10466);
#10464 = CARTESIAN_POINT('',(2.4,-4.4,0.17));
#10465 = DIRECTION('',(0.,0.,1.));
#10466 = DIRECTION('',(1.,0.,0.));
#10467 = DEFINITIONAL_REPRESENTATION('',(#10468),#10472);
#10468 = LINE('',#10469,#10470);
#10469 = CARTESIAN_POINT('',(0.,0.80872033608));
#10470 = VECTOR('',#10471,1.);
#10471 = DIRECTION('',(1.,0.));
#10472 = ( GEOMETRIC_REPRESENTATION_CONTEXT(2) 
PARAMETRIC_REPRESENTATION_CONTEXT() REPRESENTATION_CONTEXT('2D SPACE',''
  ) );
#10473 = PCURVE('',#10474,#10479);
#10474 = PLANE('',#10475);
#10475 = AXIS2_PLACEMENT_3D('',#10476,#10477,#10478);
#10476 = CARTESIAN_POINT('',(2.15,-4.65,0.34));
#10477 = DIRECTION('',(0.,0.,1.));
#10478 = DIRECTION('',(1.,0.,0.));
#10479 = DEFINITIONAL_REPRESENTATION('',(#10480),#10484);
#10480 = CIRCLE('',#10481,0.162249807396);
#10481 = AXIS2_PLACEMENT_2D('',#10482,#10483);
#10482 = CARTESIAN_POINT('',(0.25,0.25));
#10483 = DIRECTION('',(1.,0.));
#10484 = ( GEOMETRIC_REPRESENTATION_CONTEXT(2) 
PARAMETRIC_REPRESENTATION_CONTEXT() REPRESENTATION_CONTEXT('2D SPACE',''
  ) );
#10485 = ORIENTED_EDGE('',*,*,#10486,.F.);
#10486 = EDGE_CURVE('',#10487,#10453,#10489,.T.);
#10487 = VERTEX_POINT('',#10488);
#10488 = CARTESIAN_POINT('',(2.562249807396,-4.4,-5.551115123126E-17));
#10489 = SEAM_CURVE('',#10490,(#10495,#10502),.PCURVE_S1.);
#10490 = CIRCLE('',#10491,0.235);
#10491 = AXIS2_PLACEMENT_3D('',#10492,#10493,#10494);
#10492 = CARTESIAN_POINT('',(2.4,-4.4,0.17));
#10493 = DIRECTION('',(-2.449293598295E-16,-1.,0.));
#10494 = DIRECTION('',(1.,-2.449293598295E-16,0.));
#10495 = PCURVE('',#10462,#10496);
#10496 = DEFINITIONAL_REPRESENTATION('',(#10497),#10501);
#10497 = LINE('',#10498,#10499);
#10498 = CARTESIAN_POINT('',(6.28318530718,-6.28318530718));
#10499 = VECTOR('',#10500,1.);
#10500 = DIRECTION('',(0.,1.));
#10501 = ( GEOMETRIC_REPRESENTATION_CONTEXT(2) 
PARAMETRIC_REPRESENTATION_CONTEXT() REPRESENTATION_CONTEXT('2D SPACE',''
  ) );
#10502 = PCURVE('',#10462,#10503);
#10503 = DEFINITIONAL_REPRESENTATION('',(#10504),#10508);
#10504 = LINE('',#10505,#10506);
#10505 = CARTESIAN_POINT('',(0.,-6.28318530718));
#10506 = VECTOR('',#10507,1.);
#10507 = DIRECTION('',(0.,1.));
#10508 = ( GEOMETRIC_REPRESENTATION_CONTEXT(2) 
PARAMETRIC_REPRESENTATION_CONTEXT() REPRESENTATION_CONTEXT('2D SPACE',''
  ) );
#10509 = ORIENTED_EDGE('',*,*,#10510,.T.);
#10510 = EDGE_CURVE('',#10487,#10487,#10511,.T.);
#10511 = SURFACE_CURVE('',#10512,(#10517,#10524),.PCURVE_S1.);
#10512 = CIRCLE('',#10513,0.162249807396);
#10513 = AXIS2_PLACEMENT_3D('',#10514,#10515,#10516);
#10514 = CARTESIAN_POINT('',(2.4,-4.4,0.));
#10515 = DIRECTION('',(0.,0.,1.));
#10516 = DIRECTION('',(1.,0.,-0.));
#10517 = PCURVE('',#10462,#10518);
#10518 = DEFINITIONAL_REPRESENTATION('',(#10519),#10523);
#10519 = LINE('',#10520,#10521);
#10520 = CARTESIAN_POINT('',(0.,-0.80872033608));
#10521 = VECTOR('',#10522,1.);
#10522 = DIRECTION('',(1.,0.));
#10523 = ( GEOMETRIC_REPRESENTATION_CONTEXT(2) 
PARAMETRIC_REPRESENTATION_CONTEXT() REPRESENTATION_CONTEXT('2D SPACE',''
  ) );
#10524 = PCURVE('',#10525,#10530);
#10525 = PLANE('',#10526);
#10526 = AXIS2_PLACEMENT_3D('',#10527,#10528,#10529);
#10527 = CARTESIAN_POINT('',(2.15,-4.65,0.));
#10528 = DIRECTION('',(0.,0.,1.));
#10529 = DIRECTION('',(1.,0.,0.));
#10530 = DEFINITIONAL_REPRESENTATION('',(#10531),#10535);
#10531 = CIRCLE('',#10532,0.162249807396);
#10532 = AXIS2_PLACEMENT_2D('',#10533,#10534);
#10533 = CARTESIAN_POINT('',(0.25,0.25));
#10534 = DIRECTION('',(1.,0.));
#10535 = ( GEOMETRIC_REPRESENTATION_CONTEXT(2) 
PARAMETRIC_REPRESENTATION_CONTEXT() REPRESENTATION_CONTEXT('2D SPACE',''
  ) );
#10536 = ORIENTED_EDGE('',*,*,#10486,.T.);
#10537 = ADVANCED_FACE('',(#10538),#10474,.T.);
#10538 = FACE_BOUND('',#10539,.T.);
#10539 = EDGE_LOOP('',(#10540));
#10540 = ORIENTED_EDGE('',*,*,#10452,.T.);
#10541 = ADVANCED_FACE('',(#10542),#10525,.F.);
#10542 = FACE_BOUND('',#10543,.F.);
#10543 = EDGE_LOOP('',(#10544));
#10544 = ORIENTED_EDGE('',*,*,#10510,.T.);
#10545 = ( GEOMETRIC_REPRESENTATION_CONTEXT(3) 
GLOBAL_UNCERTAINTY_ASSIGNED_CONTEXT((#10549)) 
GLOBAL_UNIT_ASSIGNED_CONTEXT((#10546,#10547,#10548)) 
REPRESENTATION_CONTEXT('Context #1',
  '3D Context with UNIT and UNCERTAINTY') );
#10546 = ( LENGTH_UNIT() NAMED_UNIT(*) SI_UNIT(.MILLI.,.METRE.) );
#10547 = ( NAMED_UNIT(*) PLANE_ANGLE_UNIT() SI_UNIT($,.RADIAN.) );
#10548 = ( NAMED_UNIT(*) SI_UNIT($,.STERADIAN.) SOLID_ANGLE_UNIT() );
#10549 = UNCERTAINTY_MEASURE_WITH_UNIT(LENGTH_MEASURE(1.E-07),#10546,
  'distance_accuracy_value','confusion accuracy');
#10550 = CONTEXT_DEPENDENT_SHAPE_REPRESENTATION(#10551,#10553);
#10551 = ( REPRESENTATION_RELATIONSHIP('','',#10445,#10) 
REPRESENTATION_RELATIONSHIP_WITH_TRANSFORMATION(#10552) 
SHAPE_REPRESENTATION_RELATIONSHIP() );
#10552 = ITEM_DEFINED_TRANSFORMATION('','',#11,#347);
#10553 = PRODUCT_DEFINITION_SHAPE('Placement','Placement of an item',
  #10554);
#10554 = NEXT_ASSEMBLY_USAGE_OCCURRENCE('128','Ball_P8','',#5,#10440,$);
#10555 = PRODUCT_RELATED_PRODUCT_CATEGORY('part',$,(#10442));
#10556 = SHAPE_DEFINITION_REPRESENTATION(#10557,#10563);
#10557 = PRODUCT_DEFINITION_SHAPE('','',#10558);
#10558 = PRODUCT_DEFINITION('design','',#10559,#10562);
#10559 = PRODUCT_DEFINITION_FORMATION('','',#10560);
#10560 = PRODUCT('Ball_P9','Ball_P9','',(#10561));
#10561 = PRODUCT_CONTEXT('',#2,'mechanical');
#10562 = PRODUCT_DEFINITION_CONTEXT('part definition',#2,'design');
#10563 = ADVANCED_BREP_SHAPE_REPRESENTATION('',(#11,#10564),#10663);
#10564 = MANIFOLD_SOLID_BREP('',#10565);
#10565 = CLOSED_SHELL('',(#10566,#10655,#10659));
#10566 = ADVANCED_FACE('',(#10567),#10580,.T.);
#10567 = FACE_BOUND('',#10568,.T.);
#10568 = EDGE_LOOP('',(#10569,#10603,#10627,#10654));
#10569 = ORIENTED_EDGE('',*,*,#10570,.F.);
#10570 = EDGE_CURVE('',#10571,#10571,#10573,.T.);
#10571 = VERTEX_POINT('',#10572);
#10572 = CARTESIAN_POINT('',(3.362249807396,-4.4,0.34));
#10573 = SURFACE_CURVE('',#10574,(#10579,#10591),.PCURVE_S1.);
#10574 = CIRCLE('',#10575,0.162249807396);
#10575 = AXIS2_PLACEMENT_3D('',#10576,#10577,#10578);
#10576 = CARTESIAN_POINT('',(3.2,-4.4,0.34));
#10577 = DIRECTION('',(0.,0.,1.));
#10578 = DIRECTION('',(1.,0.,-0.));
#10579 = PCURVE('',#10580,#10585);
#10580 = SPHERICAL_SURFACE('',#10581,0.235);
#10581 = AXIS2_PLACEMENT_3D('',#10582,#10583,#10584);
#10582 = CARTESIAN_POINT('',(3.2,-4.4,0.17));
#10583 = DIRECTION('',(0.,0.,1.));
#10584 = DIRECTION('',(1.,0.,0.));
#10585 = DEFINITIONAL_REPRESENTATION('',(#10586),#10590);
#10586 = LINE('',#10587,#10588);
#10587 = CARTESIAN_POINT('',(0.,0.80872033608));
#10588 = VECTOR('',#10589,1.);
#10589 = DIRECTION('',(1.,0.));
#10590 = ( GEOMETRIC_REPRESENTATION_CONTEXT(2) 
PARAMETRIC_REPRESENTATION_CONTEXT() REPRESENTATION_CONTEXT('2D SPACE',''
  ) );
#10591 = PCURVE('',#10592,#10597);
#10592 = PLANE('',#10593);
#10593 = AXIS2_PLACEMENT_3D('',#10594,#10595,#10596);
#10594 = CARTESIAN_POINT('',(2.95,-4.65,0.34));
#10595 = DIRECTION('',(0.,0.,1.));
#10596 = DIRECTION('',(1.,0.,0.));
#10597 = DEFINITIONAL_REPRESENTATION('',(#10598),#10602);
#10598 = CIRCLE('',#10599,0.162249807396);
#10599 = AXIS2_PLACEMENT_2D('',#10600,#10601);
#10600 = CARTESIAN_POINT('',(0.25,0.25));
#10601 = DIRECTION('',(1.,0.));
#10602 = ( GEOMETRIC_REPRESENTATION_CONTEXT(2) 
PARAMETRIC_REPRESENTATION_CONTEXT() REPRESENTATION_CONTEXT('2D SPACE',''
  ) );
#10603 = ORIENTED_EDGE('',*,*,#10604,.F.);
#10604 = EDGE_CURVE('',#10605,#10571,#10607,.T.);
#10605 = VERTEX_POINT('',#10606);
#10606 = CARTESIAN_POINT('',(3.362249807396,-4.4,-5.551115123126E-17));
#10607 = SEAM_CURVE('',#10608,(#10613,#10620),.PCURVE_S1.);
#10608 = CIRCLE('',#10609,0.235);
#10609 = AXIS2_PLACEMENT_3D('',#10610,#10611,#10612);
#10610 = CARTESIAN_POINT('',(3.2,-4.4,0.17));
#10611 = DIRECTION('',(-2.449293598295E-16,-1.,0.));
#10612 = DIRECTION('',(1.,-2.449293598295E-16,0.));
#10613 = PCURVE('',#10580,#10614);
#10614 = DEFINITIONAL_REPRESENTATION('',(#10615),#10619);
#10615 = LINE('',#10616,#10617);
#10616 = CARTESIAN_POINT('',(6.28318530718,-6.28318530718));
#10617 = VECTOR('',#10618,1.);
#10618 = DIRECTION('',(0.,1.));
#10619 = ( GEOMETRIC_REPRESENTATION_CONTEXT(2) 
PARAMETRIC_REPRESENTATION_CONTEXT() REPRESENTATION_CONTEXT('2D SPACE',''
  ) );
#10620 = PCURVE('',#10580,#10621);
#10621 = DEFINITIONAL_REPRESENTATION('',(#10622),#10626);
#10622 = LINE('',#10623,#10624);
#10623 = CARTESIAN_POINT('',(0.,-6.28318530718));
#10624 = VECTOR('',#10625,1.);
#10625 = DIRECTION('',(0.,1.));
#10626 = ( GEOMETRIC_REPRESENTATION_CONTEXT(2) 
PARAMETRIC_REPRESENTATION_CONTEXT() REPRESENTATION_CONTEXT('2D SPACE',''
  ) );
#10627 = ORIENTED_EDGE('',*,*,#10628,.T.);
#10628 = EDGE_CURVE('',#10605,#10605,#10629,.T.);
#10629 = SURFACE_CURVE('',#10630,(#10635,#10642),.PCURVE_S1.);
#10630 = CIRCLE('',#10631,0.162249807396);
#10631 = AXIS2_PLACEMENT_3D('',#10632,#10633,#10634);
#10632 = CARTESIAN_POINT('',(3.2,-4.4,0.));
#10633 = DIRECTION('',(0.,0.,1.));
#10634 = DIRECTION('',(1.,0.,-0.));
#10635 = PCURVE('',#10580,#10636);
#10636 = DEFINITIONAL_REPRESENTATION('',(#10637),#10641);
#10637 = LINE('',#10638,#10639);
#10638 = CARTESIAN_POINT('',(0.,-0.80872033608));
#10639 = VECTOR('',#10640,1.);
#10640 = DIRECTION('',(1.,0.));
#10641 = ( GEOMETRIC_REPRESENTATION_CONTEXT(2) 
PARAMETRIC_REPRESENTATION_CONTEXT() REPRESENTATION_CONTEXT('2D SPACE',''
  ) );
#10642 = PCURVE('',#10643,#10648);
#10643 = PLANE('',#10644);
#10644 = AXIS2_PLACEMENT_3D('',#10645,#10646,#10647);
#10645 = CARTESIAN_POINT('',(2.95,-4.65,0.));
#10646 = DIRECTION('',(0.,0.,1.));
#10647 = DIRECTION('',(1.,0.,0.));
#10648 = DEFINITIONAL_REPRESENTATION('',(#10649),#10653);
#10649 = CIRCLE('',#10650,0.162249807396);
#10650 = AXIS2_PLACEMENT_2D('',#10651,#10652);
#10651 = CARTESIAN_POINT('',(0.25,0.25));
#10652 = DIRECTION('',(1.,0.));
#10653 = ( GEOMETRIC_REPRESENTATION_CONTEXT(2) 
PARAMETRIC_REPRESENTATION_CONTEXT() REPRESENTATION_CONTEXT('2D SPACE',''
  ) );
#10654 = ORIENTED_EDGE('',*,*,#10604,.T.);
#10655 = ADVANCED_FACE('',(#10656),#10592,.T.);
#10656 = FACE_BOUND('',#10657,.T.);
#10657 = EDGE_LOOP('',(#10658));
#10658 = ORIENTED_EDGE('',*,*,#10570,.T.);
#10659 = ADVANCED_FACE('',(#10660),#10643,.F.);
#10660 = FACE_BOUND('',#10661,.F.);
#10661 = EDGE_LOOP('',(#10662));
#10662 = ORIENTED_EDGE('',*,*,#10628,.T.);
#10663 = ( GEOMETRIC_REPRESENTATION_CONTEXT(3) 
GLOBAL_UNCERTAINTY_ASSIGNED_CONTEXT((#10667)) 
GLOBAL_UNIT_ASSIGNED_CONTEXT((#10664,#10665,#10666)) 
REPRESENTATION_CONTEXT('Context #1',
  '3D Context with UNIT and UNCERTAINTY') );
#10664 = ( LENGTH_UNIT() NAMED_UNIT(*) SI_UNIT(.MILLI.,.METRE.) );
#10665 = ( NAMED_UNIT(*) PLANE_ANGLE_UNIT() SI_UNIT($,.RADIAN.) );
#10666 = ( NAMED_UNIT(*) SI_UNIT($,.STERADIAN.) SOLID_ANGLE_UNIT() );
#10667 = UNCERTAINTY_MEASURE_WITH_UNIT(LENGTH_MEASURE(1.E-07),#10664,
  'distance_accuracy_value','confusion accuracy');
#10668 = CONTEXT_DEPENDENT_SHAPE_REPRESENTATION(#10669,#10671);
#10669 = ( REPRESENTATION_RELATIONSHIP('','',#10563,#10) 
REPRESENTATION_RELATIONSHIP_WITH_TRANSFORMATION(#10670) 
SHAPE_REPRESENTATION_RELATIONSHIP() );
#10670 = ITEM_DEFINED_TRANSFORMATION('','',#11,#351);
#10671 = PRODUCT_DEFINITION_SHAPE('Placement','Placement of an item',
  #10672);
#10672 = NEXT_ASSEMBLY_USAGE_OCCURRENCE('129','Ball_P9','',#5,#10558,$);
#10673 = PRODUCT_RELATED_PRODUCT_CATEGORY('part',$,(#10560));
#10674 = SHAPE_DEFINITION_REPRESENTATION(#10675,#10681);
#10675 = PRODUCT_DEFINITION_SHAPE('','',#10676);
#10676 = PRODUCT_DEFINITION('design','',#10677,#10680);
#10677 = PRODUCT_DEFINITION_FORMATION('','',#10678);
#10678 = PRODUCT('Ball_R1','Ball_R1','',(#10679));
#10679 = PRODUCT_CONTEXT('',#2,'mechanical');
#10680 = PRODUCT_DEFINITION_CONTEXT('part definition',#2,'design');
#10681 = ADVANCED_BREP_SHAPE_REPRESENTATION('',(#11,#10682),#10781);
#10682 = MANIFOLD_SOLID_BREP('',#10683);
#10683 = CLOSED_SHELL('',(#10684,#10773,#10777));
#10684 = ADVANCED_FACE('',(#10685),#10698,.T.);
#10685 = FACE_BOUND('',#10686,.T.);
#10686 = EDGE_LOOP('',(#10687,#10721,#10745,#10772));
#10687 = ORIENTED_EDGE('',*,*,#10688,.F.);
#10688 = EDGE_CURVE('',#10689,#10689,#10691,.T.);
#10689 = VERTEX_POINT('',#10690);
#10690 = CARTESIAN_POINT('',(-3.037750192604,-5.2,0.34));
#10691 = SURFACE_CURVE('',#10692,(#10697,#10709),.PCURVE_S1.);
#10692 = CIRCLE('',#10693,0.162249807396);
#10693 = AXIS2_PLACEMENT_3D('',#10694,#10695,#10696);
#10694 = CARTESIAN_POINT('',(-3.2,-5.2,0.34));
#10695 = DIRECTION('',(0.,0.,1.));
#10696 = DIRECTION('',(1.,0.,-0.));
#10697 = PCURVE('',#10698,#10703);
#10698 = SPHERICAL_SURFACE('',#10699,0.235);
#10699 = AXIS2_PLACEMENT_3D('',#10700,#10701,#10702);
#10700 = CARTESIAN_POINT('',(-3.2,-5.2,0.17));
#10701 = DIRECTION('',(0.,0.,1.));
#10702 = DIRECTION('',(1.,0.,0.));
#10703 = DEFINITIONAL_REPRESENTATION('',(#10704),#10708);
#10704 = LINE('',#10705,#10706);
#10705 = CARTESIAN_POINT('',(0.,0.80872033608));
#10706 = VECTOR('',#10707,1.);
#10707 = DIRECTION('',(1.,0.));
#10708 = ( GEOMETRIC_REPRESENTATION_CONTEXT(2) 
PARAMETRIC_REPRESENTATION_CONTEXT() REPRESENTATION_CONTEXT('2D SPACE',''
  ) );
#10709 = PCURVE('',#10710,#10715);
#10710 = PLANE('',#10711);
#10711 = AXIS2_PLACEMENT_3D('',#10712,#10713,#10714);
#10712 = CARTESIAN_POINT('',(-3.45,-5.45,0.34));
#10713 = DIRECTION('',(0.,0.,1.));
#10714 = DIRECTION('',(1.,0.,0.));
#10715 = DEFINITIONAL_REPRESENTATION('',(#10716),#10720);
#10716 = CIRCLE('',#10717,0.162249807396);
#10717 = AXIS2_PLACEMENT_2D('',#10718,#10719);
#10718 = CARTESIAN_POINT('',(0.25,0.25));
#10719 = DIRECTION('',(1.,0.));
#10720 = ( GEOMETRIC_REPRESENTATION_CONTEXT(2) 
PARAMETRIC_REPRESENTATION_CONTEXT() REPRESENTATION_CONTEXT('2D SPACE',''
  ) );
#10721 = ORIENTED_EDGE('',*,*,#10722,.F.);
#10722 = EDGE_CURVE('',#10723,#10689,#10725,.T.);
#10723 = VERTEX_POINT('',#10724);
#10724 = CARTESIAN_POINT('',(-3.037750192604,-5.2,-5.551115123126E-17));
#10725 = SEAM_CURVE('',#10726,(#10731,#10738),.PCURVE_S1.);
#10726 = CIRCLE('',#10727,0.235);
#10727 = AXIS2_PLACEMENT_3D('',#10728,#10729,#10730);
#10728 = CARTESIAN_POINT('',(-3.2,-5.2,0.17));
#10729 = DIRECTION('',(-2.449293598295E-16,-1.,0.));
#10730 = DIRECTION('',(1.,-2.449293598295E-16,0.));
#10731 = PCURVE('',#10698,#10732);
#10732 = DEFINITIONAL_REPRESENTATION('',(#10733),#10737);
#10733 = LINE('',#10734,#10735);
#10734 = CARTESIAN_POINT('',(6.28318530718,-6.28318530718));
#10735 = VECTOR('',#10736,1.);
#10736 = DIRECTION('',(0.,1.));
#10737 = ( GEOMETRIC_REPRESENTATION_CONTEXT(2) 
PARAMETRIC_REPRESENTATION_CONTEXT() REPRESENTATION_CONTEXT('2D SPACE',''
  ) );
#10738 = PCURVE('',#10698,#10739);
#10739 = DEFINITIONAL_REPRESENTATION('',(#10740),#10744);
#10740 = LINE('',#10741,#10742);
#10741 = CARTESIAN_POINT('',(0.,-6.28318530718));
#10742 = VECTOR('',#10743,1.);
#10743 = DIRECTION('',(0.,1.));
#10744 = ( GEOMETRIC_REPRESENTATION_CONTEXT(2) 
PARAMETRIC_REPRESENTATION_CONTEXT() REPRESENTATION_CONTEXT('2D SPACE',''
  ) );
#10745 = ORIENTED_EDGE('',*,*,#10746,.T.);
#10746 = EDGE_CURVE('',#10723,#10723,#10747,.T.);
#10747 = SURFACE_CURVE('',#10748,(#10753,#10760),.PCURVE_S1.);
#10748 = CIRCLE('',#10749,0.162249807396);
#10749 = AXIS2_PLACEMENT_3D('',#10750,#10751,#10752);
#10750 = CARTESIAN_POINT('',(-3.2,-5.2,0.));
#10751 = DIRECTION('',(0.,0.,1.));
#10752 = DIRECTION('',(1.,0.,-0.));
#10753 = PCURVE('',#10698,#10754);
#10754 = DEFINITIONAL_REPRESENTATION('',(#10755),#10759);
#10755 = LINE('',#10756,#10757);
#10756 = CARTESIAN_POINT('',(0.,-0.80872033608));
#10757 = VECTOR('',#10758,1.);
#10758 = DIRECTION('',(1.,0.));
#10759 = ( GEOMETRIC_REPRESENTATION_CONTEXT(2) 
PARAMETRIC_REPRESENTATION_CONTEXT() REPRESENTATION_CONTEXT('2D SPACE',''
  ) );
#10760 = PCURVE('',#10761,#10766);
#10761 = PLANE('',#10762);
#10762 = AXIS2_PLACEMENT_3D('',#10763,#10764,#10765);
#10763 = CARTESIAN_POINT('',(-3.45,-5.45,0.));
#10764 = DIRECTION('',(0.,0.,1.));
#10765 = DIRECTION('',(1.,0.,0.));
#10766 = DEFINITIONAL_REPRESENTATION('',(#10767),#10771);
#10767 = CIRCLE('',#10768,0.162249807396);
#10768 = AXIS2_PLACEMENT_2D('',#10769,#10770);
#10769 = CARTESIAN_POINT('',(0.25,0.25));
#10770 = DIRECTION('',(1.,0.));
#10771 = ( GEOMETRIC_REPRESENTATION_CONTEXT(2) 
PARAMETRIC_REPRESENTATION_CONTEXT() REPRESENTATION_CONTEXT('2D SPACE',''
  ) );
#10772 = ORIENTED_EDGE('',*,*,#10722,.T.);
#10773 = ADVANCED_FACE('',(#10774),#10710,.T.);
#10774 = FACE_BOUND('',#10775,.T.);
#10775 = EDGE_LOOP('',(#10776));
#10776 = ORIENTED_EDGE('',*,*,#10688,.T.);
#10777 = ADVANCED_FACE('',(#10778),#10761,.F.);
#10778 = FACE_BOUND('',#10779,.F.);
#10779 = EDGE_LOOP('',(#10780));
#10780 = ORIENTED_EDGE('',*,*,#10746,.T.);
#10781 = ( GEOMETRIC_REPRESENTATION_CONTEXT(3) 
GLOBAL_UNCERTAINTY_ASSIGNED_CONTEXT((#10785)) 
GLOBAL_UNIT_ASSIGNED_CONTEXT((#10782,#10783,#10784)) 
REPRESENTATION_CONTEXT('Context #1',
  '3D Context with UNIT and UNCERTAINTY') );
#10782 = ( LENGTH_UNIT() NAMED_UNIT(*) SI_UNIT(.MILLI.,.METRE.) );
#10783 = ( NAMED_UNIT(*) PLANE_ANGLE_UNIT() SI_UNIT($,.RADIAN.) );
#10784 = ( NAMED_UNIT(*) SI_UNIT($,.STERADIAN.) SOLID_ANGLE_UNIT() );
#10785 = UNCERTAINTY_MEASURE_WITH_UNIT(LENGTH_MEASURE(1.E-07),#10782,
  'distance_accuracy_value','confusion accuracy');
#10786 = CONTEXT_DEPENDENT_SHAPE_REPRESENTATION(#10787,#10789);
#10787 = ( REPRESENTATION_RELATIONSHIP('','',#10681,#10) 
REPRESENTATION_RELATIONSHIP_WITH_TRANSFORMATION(#10788) 
SHAPE_REPRESENTATION_RELATIONSHIP() );
#10788 = ITEM_DEFINED_TRANSFORMATION('','',#11,#355);
#10789 = PRODUCT_DEFINITION_SHAPE('Placement','Placement of an item',
  #10790);
#10790 = NEXT_ASSEMBLY_USAGE_OCCURRENCE('130','Ball_R1','',#5,#10676,$);
#10791 = PRODUCT_RELATED_PRODUCT_CATEGORY('part',$,(#10678));
#10792 = SHAPE_DEFINITION_REPRESENTATION(#10793,#10799);
#10793 = PRODUCT_DEFINITION_SHAPE('','',#10794);
#10794 = PRODUCT_DEFINITION('design','',#10795,#10798);
#10795 = PRODUCT_DEFINITION_FORMATION('','',#10796);
#10796 = PRODUCT('Ball_R2','Ball_R2','',(#10797));
#10797 = PRODUCT_CONTEXT('',#2,'mechanical');
#10798 = PRODUCT_DEFINITION_CONTEXT('part definition',#2,'design');
#10799 = ADVANCED_BREP_SHAPE_REPRESENTATION('',(#11,#10800),#10899);
#10800 = MANIFOLD_SOLID_BREP('',#10801);
#10801 = CLOSED_SHELL('',(#10802,#10891,#10895));
#10802 = ADVANCED_FACE('',(#10803),#10816,.T.);
#10803 = FACE_BOUND('',#10804,.T.);
#10804 = EDGE_LOOP('',(#10805,#10839,#10863,#10890));
#10805 = ORIENTED_EDGE('',*,*,#10806,.F.);
#10806 = EDGE_CURVE('',#10807,#10807,#10809,.T.);
#10807 = VERTEX_POINT('',#10808);
#10808 = CARTESIAN_POINT('',(-2.237750192604,-5.2,0.34));
#10809 = SURFACE_CURVE('',#10810,(#10815,#10827),.PCURVE_S1.);
#10810 = CIRCLE('',#10811,0.162249807396);
#10811 = AXIS2_PLACEMENT_3D('',#10812,#10813,#10814);
#10812 = CARTESIAN_POINT('',(-2.4,-5.2,0.34));
#10813 = DIRECTION('',(0.,0.,1.));
#10814 = DIRECTION('',(1.,0.,-0.));
#10815 = PCURVE('',#10816,#10821);
#10816 = SPHERICAL_SURFACE('',#10817,0.235);
#10817 = AXIS2_PLACEMENT_3D('',#10818,#10819,#10820);
#10818 = CARTESIAN_POINT('',(-2.4,-5.2,0.17));
#10819 = DIRECTION('',(0.,0.,1.));
#10820 = DIRECTION('',(1.,0.,0.));
#10821 = DEFINITIONAL_REPRESENTATION('',(#10822),#10826);
#10822 = LINE('',#10823,#10824);
#10823 = CARTESIAN_POINT('',(0.,0.80872033608));
#10824 = VECTOR('',#10825,1.);
#10825 = DIRECTION('',(1.,0.));
#10826 = ( GEOMETRIC_REPRESENTATION_CONTEXT(2) 
PARAMETRIC_REPRESENTATION_CONTEXT() REPRESENTATION_CONTEXT('2D SPACE',''
  ) );
#10827 = PCURVE('',#10828,#10833);
#10828 = PLANE('',#10829);
#10829 = AXIS2_PLACEMENT_3D('',#10830,#10831,#10832);
#10830 = CARTESIAN_POINT('',(-2.65,-5.45,0.34));
#10831 = DIRECTION('',(0.,0.,1.));
#10832 = DIRECTION('',(1.,0.,0.));
#10833 = DEFINITIONAL_REPRESENTATION('',(#10834),#10838);
#10834 = CIRCLE('',#10835,0.162249807396);
#10835 = AXIS2_PLACEMENT_2D('',#10836,#10837);
#10836 = CARTESIAN_POINT('',(0.25,0.25));
#10837 = DIRECTION('',(1.,0.));
#10838 = ( GEOMETRIC_REPRESENTATION_CONTEXT(2) 
PARAMETRIC_REPRESENTATION_CONTEXT() REPRESENTATION_CONTEXT('2D SPACE',''
  ) );
#10839 = ORIENTED_EDGE('',*,*,#10840,.F.);
#10840 = EDGE_CURVE('',#10841,#10807,#10843,.T.);
#10841 = VERTEX_POINT('',#10842);
#10842 = CARTESIAN_POINT('',(-2.237750192604,-5.2,-5.551115123126E-17));
#10843 = SEAM_CURVE('',#10844,(#10849,#10856),.PCURVE_S1.);
#10844 = CIRCLE('',#10845,0.235);
#10845 = AXIS2_PLACEMENT_3D('',#10846,#10847,#10848);
#10846 = CARTESIAN_POINT('',(-2.4,-5.2,0.17));
#10847 = DIRECTION('',(-2.449293598295E-16,-1.,0.));
#10848 = DIRECTION('',(1.,-2.449293598295E-16,0.));
#10849 = PCURVE('',#10816,#10850);
#10850 = DEFINITIONAL_REPRESENTATION('',(#10851),#10855);
#10851 = LINE('',#10852,#10853);
#10852 = CARTESIAN_POINT('',(6.28318530718,-6.28318530718));
#10853 = VECTOR('',#10854,1.);
#10854 = DIRECTION('',(0.,1.));
#10855 = ( GEOMETRIC_REPRESENTATION_CONTEXT(2) 
PARAMETRIC_REPRESENTATION_CONTEXT() REPRESENTATION_CONTEXT('2D SPACE',''
  ) );
#10856 = PCURVE('',#10816,#10857);
#10857 = DEFINITIONAL_REPRESENTATION('',(#10858),#10862);
#10858 = LINE('',#10859,#10860);
#10859 = CARTESIAN_POINT('',(0.,-6.28318530718));
#10860 = VECTOR('',#10861,1.);
#10861 = DIRECTION('',(0.,1.));
#10862 = ( GEOMETRIC_REPRESENTATION_CONTEXT(2) 
PARAMETRIC_REPRESENTATION_CONTEXT() REPRESENTATION_CONTEXT('2D SPACE',''
  ) );
#10863 = ORIENTED_EDGE('',*,*,#10864,.T.);
#10864 = EDGE_CURVE('',#10841,#10841,#10865,.T.);
#10865 = SURFACE_CURVE('',#10866,(#10871,#10878),.PCURVE_S1.);
#10866 = CIRCLE('',#10867,0.162249807396);
#10867 = AXIS2_PLACEMENT_3D('',#10868,#10869,#10870);
#10868 = CARTESIAN_POINT('',(-2.4,-5.2,0.));
#10869 = DIRECTION('',(0.,0.,1.));
#10870 = DIRECTION('',(1.,0.,-0.));
#10871 = PCURVE('',#10816,#10872);
#10872 = DEFINITIONAL_REPRESENTATION('',(#10873),#10877);
#10873 = LINE('',#10874,#10875);
#10874 = CARTESIAN_POINT('',(0.,-0.80872033608));
#10875 = VECTOR('',#10876,1.);
#10876 = DIRECTION('',(1.,0.));
#10877 = ( GEOMETRIC_REPRESENTATION_CONTEXT(2) 
PARAMETRIC_REPRESENTATION_CONTEXT() REPRESENTATION_CONTEXT('2D SPACE',''
  ) );
#10878 = PCURVE('',#10879,#10884);
#10879 = PLANE('',#10880);
#10880 = AXIS2_PLACEMENT_3D('',#10881,#10882,#10883);
#10881 = CARTESIAN_POINT('',(-2.65,-5.45,0.));
#10882 = DIRECTION('',(0.,0.,1.));
#10883 = DIRECTION('',(1.,0.,0.));
#10884 = DEFINITIONAL_REPRESENTATION('',(#10885),#10889);
#10885 = CIRCLE('',#10886,0.162249807396);
#10886 = AXIS2_PLACEMENT_2D('',#10887,#10888);
#10887 = CARTESIAN_POINT('',(0.25,0.25));
#10888 = DIRECTION('',(1.,0.));
#10889 = ( GEOMETRIC_REPRESENTATION_CONTEXT(2) 
PARAMETRIC_REPRESENTATION_CONTEXT() REPRESENTATION_CONTEXT('2D SPACE',''
  ) );
#10890 = ORIENTED_EDGE('',*,*,#10840,.T.);
#10891 = ADVANCED_FACE('',(#10892),#10828,.T.);
#10892 = FACE_BOUND('',#10893,.T.);
#10893 = EDGE_LOOP('',(#10894));
#10894 = ORIENTED_EDGE('',*,*,#10806,.T.);
#10895 = ADVANCED_FACE('',(#10896),#10879,.F.);
#10896 = FACE_BOUND('',#10897,.F.);
#10897 = EDGE_LOOP('',(#10898));
#10898 = ORIENTED_EDGE('',*,*,#10864,.T.);
#10899 = ( GEOMETRIC_REPRESENTATION_CONTEXT(3) 
GLOBAL_UNCERTAINTY_ASSIGNED_CONTEXT((#10903)) 
GLOBAL_UNIT_ASSIGNED_CONTEXT((#10900,#10901,#10902)) 
REPRESENTATION_CONTEXT('Context #1',
  '3D Context with UNIT and UNCERTAINTY') );
#10900 = ( LENGTH_UNIT() NAMED_UNIT(*) SI_UNIT(.MILLI.,.METRE.) );
#10901 = ( NAMED_UNIT(*) PLANE_ANGLE_UNIT() SI_UNIT($,.RADIAN.) );
#10902 = ( NAMED_UNIT(*) SI_UNIT($,.STERADIAN.) SOLID_ANGLE_UNIT() );
#10903 = UNCERTAINTY_MEASURE_WITH_UNIT(LENGTH_MEASURE(1.E-07),#10900,
  'distance_accuracy_value','confusion accuracy');
#10904 = CONTEXT_DEPENDENT_SHAPE_REPRESENTATION(#10905,#10907);
#10905 = ( REPRESENTATION_RELATIONSHIP('','',#10799,#10) 
REPRESENTATION_RELATIONSHIP_WITH_TRANSFORMATION(#10906) 
SHAPE_REPRESENTATION_RELATIONSHIP() );
#10906 = ITEM_DEFINED_TRANSFORMATION('','',#11,#359);
#10907 = PRODUCT_DEFINITION_SHAPE('Placement','Placement of an item',
  #10908);
#10908 = NEXT_ASSEMBLY_USAGE_OCCURRENCE('131','Ball_R2','',#5,#10794,$);
#10909 = PRODUCT_RELATED_PRODUCT_CATEGORY('part',$,(#10796));
#10910 = SHAPE_DEFINITION_REPRESENTATION(#10911,#10917);
#10911 = PRODUCT_DEFINITION_SHAPE('','',#10912);
#10912 = PRODUCT_DEFINITION('design','',#10913,#10916);
#10913 = PRODUCT_DEFINITION_FORMATION('','',#10914);
#10914 = PRODUCT('Ball_R3','Ball_R3','',(#10915));
#10915 = PRODUCT_CONTEXT('',#2,'mechanical');
#10916 = PRODUCT_DEFINITION_CONTEXT('part definition',#2,'design');
#10917 = ADVANCED_BREP_SHAPE_REPRESENTATION('',(#11,#10918),#11017);
#10918 = MANIFOLD_SOLID_BREP('',#10919);
#10919 = CLOSED_SHELL('',(#10920,#11009,#11013));
#10920 = ADVANCED_FACE('',(#10921),#10934,.T.);
#10921 = FACE_BOUND('',#10922,.T.);
#10922 = EDGE_LOOP('',(#10923,#10957,#10981,#11008));
#10923 = ORIENTED_EDGE('',*,*,#10924,.F.);
#10924 = EDGE_CURVE('',#10925,#10925,#10927,.T.);
#10925 = VERTEX_POINT('',#10926);
#10926 = CARTESIAN_POINT('',(-1.437750192604,-5.2,0.34));
#10927 = SURFACE_CURVE('',#10928,(#10933,#10945),.PCURVE_S1.);
#10928 = CIRCLE('',#10929,0.162249807396);
#10929 = AXIS2_PLACEMENT_3D('',#10930,#10931,#10932);
#10930 = CARTESIAN_POINT('',(-1.6,-5.2,0.34));
#10931 = DIRECTION('',(0.,0.,1.));
#10932 = DIRECTION('',(1.,0.,-0.));
#10933 = PCURVE('',#10934,#10939);
#10934 = SPHERICAL_SURFACE('',#10935,0.235);
#10935 = AXIS2_PLACEMENT_3D('',#10936,#10937,#10938);
#10936 = CARTESIAN_POINT('',(-1.6,-5.2,0.17));
#10937 = DIRECTION('',(0.,0.,1.));
#10938 = DIRECTION('',(1.,0.,0.));
#10939 = DEFINITIONAL_REPRESENTATION('',(#10940),#10944);
#10940 = LINE('',#10941,#10942);
#10941 = CARTESIAN_POINT('',(0.,0.80872033608));
#10942 = VECTOR('',#10943,1.);
#10943 = DIRECTION('',(1.,0.));
#10944 = ( GEOMETRIC_REPRESENTATION_CONTEXT(2) 
PARAMETRIC_REPRESENTATION_CONTEXT() REPRESENTATION_CONTEXT('2D SPACE',''
  ) );
#10945 = PCURVE('',#10946,#10951);
#10946 = PLANE('',#10947);
#10947 = AXIS2_PLACEMENT_3D('',#10948,#10949,#10950);
#10948 = CARTESIAN_POINT('',(-1.85,-5.45,0.34));
#10949 = DIRECTION('',(0.,0.,1.));
#10950 = DIRECTION('',(1.,0.,0.));
#10951 = DEFINITIONAL_REPRESENTATION('',(#10952),#10956);
#10952 = CIRCLE('',#10953,0.162249807396);
#10953 = AXIS2_PLACEMENT_2D('',#10954,#10955);
#10954 = CARTESIAN_POINT('',(0.25,0.25));
#10955 = DIRECTION('',(1.,0.));
#10956 = ( GEOMETRIC_REPRESENTATION_CONTEXT(2) 
PARAMETRIC_REPRESENTATION_CONTEXT() REPRESENTATION_CONTEXT('2D SPACE',''
  ) );
#10957 = ORIENTED_EDGE('',*,*,#10958,.F.);
#10958 = EDGE_CURVE('',#10959,#10925,#10961,.T.);
#10959 = VERTEX_POINT('',#10960);
#10960 = CARTESIAN_POINT('',(-1.437750192604,-5.2,-5.551115123126E-17));
#10961 = SEAM_CURVE('',#10962,(#10967,#10974),.PCURVE_S1.);
#10962 = CIRCLE('',#10963,0.235);
#10963 = AXIS2_PLACEMENT_3D('',#10964,#10965,#10966);
#10964 = CARTESIAN_POINT('',(-1.6,-5.2,0.17));
#10965 = DIRECTION('',(-2.449293598295E-16,-1.,0.));
#10966 = DIRECTION('',(1.,-2.449293598295E-16,0.));
#10967 = PCURVE('',#10934,#10968);
#10968 = DEFINITIONAL_REPRESENTATION('',(#10969),#10973);
#10969 = LINE('',#10970,#10971);
#10970 = CARTESIAN_POINT('',(6.28318530718,-6.28318530718));
#10971 = VECTOR('',#10972,1.);
#10972 = DIRECTION('',(0.,1.));
#10973 = ( GEOMETRIC_REPRESENTATION_CONTEXT(2) 
PARAMETRIC_REPRESENTATION_CONTEXT() REPRESENTATION_CONTEXT('2D SPACE',''
  ) );
#10974 = PCURVE('',#10934,#10975);
#10975 = DEFINITIONAL_REPRESENTATION('',(#10976),#10980);
#10976 = LINE('',#10977,#10978);
#10977 = CARTESIAN_POINT('',(0.,-6.28318530718));
#10978 = VECTOR('',#10979,1.);
#10979 = DIRECTION('',(0.,1.));
#10980 = ( GEOMETRIC_REPRESENTATION_CONTEXT(2) 
PARAMETRIC_REPRESENTATION_CONTEXT() REPRESENTATION_CONTEXT('2D SPACE',''
  ) );
#10981 = ORIENTED_EDGE('',*,*,#10982,.T.);
#10982 = EDGE_CURVE('',#10959,#10959,#10983,.T.);
#10983 = SURFACE_CURVE('',#10984,(#10989,#10996),.PCURVE_S1.);
#10984 = CIRCLE('',#10985,0.162249807396);
#10985 = AXIS2_PLACEMENT_3D('',#10986,#10987,#10988);
#10986 = CARTESIAN_POINT('',(-1.6,-5.2,0.));
#10987 = DIRECTION('',(0.,0.,1.));
#10988 = DIRECTION('',(1.,0.,-0.));
#10989 = PCURVE('',#10934,#10990);
#10990 = DEFINITIONAL_REPRESENTATION('',(#10991),#10995);
#10991 = LINE('',#10992,#10993);
#10992 = CARTESIAN_POINT('',(0.,-0.80872033608));
#10993 = VECTOR('',#10994,1.);
#10994 = DIRECTION('',(1.,0.));
#10995 = ( GEOMETRIC_REPRESENTATION_CONTEXT(2) 
PARAMETRIC_REPRESENTATION_CONTEXT() REPRESENTATION_CONTEXT('2D SPACE',''
  ) );
#10996 = PCURVE('',#10997,#11002);
#10997 = PLANE('',#10998);
#10998 = AXIS2_PLACEMENT_3D('',#10999,#11000,#11001);
#10999 = CARTESIAN_POINT('',(-1.85,-5.45,0.));
#11000 = DIRECTION('',(0.,0.,1.));
#11001 = DIRECTION('',(1.,0.,0.));
#11002 = DEFINITIONAL_REPRESENTATION('',(#11003),#11007);
#11003 = CIRCLE('',#11004,0.162249807396);
#11004 = AXIS2_PLACEMENT_2D('',#11005,#11006);
#11005 = CARTESIAN_POINT('',(0.25,0.25));
#11006 = DIRECTION('',(1.,0.));
#11007 = ( GEOMETRIC_REPRESENTATION_CONTEXT(2) 
PARAMETRIC_REPRESENTATION_CONTEXT() REPRESENTATION_CONTEXT('2D SPACE',''
  ) );
#11008 = ORIENTED_EDGE('',*,*,#10958,.T.);
#11009 = ADVANCED_FACE('',(#11010),#10946,.T.);
#11010 = FACE_BOUND('',#11011,.T.);
#11011 = EDGE_LOOP('',(#11012));
#11012 = ORIENTED_EDGE('',*,*,#10924,.T.);
#11013 = ADVANCED_FACE('',(#11014),#10997,.F.);
#11014 = FACE_BOUND('',#11015,.F.);
#11015 = EDGE_LOOP('',(#11016));
#11016 = ORIENTED_EDGE('',*,*,#10982,.T.);
#11017 = ( GEOMETRIC_REPRESENTATION_CONTEXT(3) 
GLOBAL_UNCERTAINTY_ASSIGNED_CONTEXT((#11021)) 
GLOBAL_UNIT_ASSIGNED_CONTEXT((#11018,#11019,#11020)) 
REPRESENTATION_CONTEXT('Context #1',
  '3D Context with UNIT and UNCERTAINTY') );
#11018 = ( LENGTH_UNIT() NAMED_UNIT(*) SI_UNIT(.MILLI.,.METRE.) );
#11019 = ( NAMED_UNIT(*) PLANE_ANGLE_UNIT() SI_UNIT($,.RADIAN.) );
#11020 = ( NAMED_UNIT(*) SI_UNIT($,.STERADIAN.) SOLID_ANGLE_UNIT() );
#11021 = UNCERTAINTY_MEASURE_WITH_UNIT(LENGTH_MEASURE(1.E-07),#11018,
  'distance_accuracy_value','confusion accuracy');
#11022 = CONTEXT_DEPENDENT_SHAPE_REPRESENTATION(#11023,#11025);
#11023 = ( REPRESENTATION_RELATIONSHIP('','',#10917,#10) 
REPRESENTATION_RELATIONSHIP_WITH_TRANSFORMATION(#11024) 
SHAPE_REPRESENTATION_RELATIONSHIP() );
#11024 = ITEM_DEFINED_TRANSFORMATION('','',#11,#363);
#11025 = PRODUCT_DEFINITION_SHAPE('Placement','Placement of an item',
  #11026);
#11026 = NEXT_ASSEMBLY_USAGE_OCCURRENCE('132','Ball_R3','',#5,#10912,$);
#11027 = PRODUCT_RELATED_PRODUCT_CATEGORY('part',$,(#10914));
#11028 = SHAPE_DEFINITION_REPRESENTATION(#11029,#11035);
#11029 = PRODUCT_DEFINITION_SHAPE('','',#11030);
#11030 = PRODUCT_DEFINITION('design','',#11031,#11034);
#11031 = PRODUCT_DEFINITION_FORMATION('','',#11032);
#11032 = PRODUCT('Ball_R7','Ball_R7','',(#11033));
#11033 = PRODUCT_CONTEXT('',#2,'mechanical');
#11034 = PRODUCT_DEFINITION_CONTEXT('part definition',#2,'design');
#11035 = ADVANCED_BREP_SHAPE_REPRESENTATION('',(#11,#11036),#11135);
#11036 = MANIFOLD_SOLID_BREP('',#11037);
#11037 = CLOSED_SHELL('',(#11038,#11127,#11131));
#11038 = ADVANCED_FACE('',(#11039),#11052,.T.);
#11039 = FACE_BOUND('',#11040,.T.);
#11040 = EDGE_LOOP('',(#11041,#11075,#11099,#11126));
#11041 = ORIENTED_EDGE('',*,*,#11042,.F.);
#11042 = EDGE_CURVE('',#11043,#11043,#11045,.T.);
#11043 = VERTEX_POINT('',#11044);
#11044 = CARTESIAN_POINT('',(1.762249807396,-5.2,0.34));
#11045 = SURFACE_CURVE('',#11046,(#11051,#11063),.PCURVE_S1.);
#11046 = CIRCLE('',#11047,0.162249807396);
#11047 = AXIS2_PLACEMENT_3D('',#11048,#11049,#11050);
#11048 = CARTESIAN_POINT('',(1.6,-5.2,0.34));
#11049 = DIRECTION('',(0.,0.,1.));
#11050 = DIRECTION('',(1.,0.,-0.));
#11051 = PCURVE('',#11052,#11057);
#11052 = SPHERICAL_SURFACE('',#11053,0.235);
#11053 = AXIS2_PLACEMENT_3D('',#11054,#11055,#11056);
#11054 = CARTESIAN_POINT('',(1.6,-5.2,0.17));
#11055 = DIRECTION('',(0.,0.,1.));
#11056 = DIRECTION('',(1.,0.,0.));
#11057 = DEFINITIONAL_REPRESENTATION('',(#11058),#11062);
#11058 = LINE('',#11059,#11060);
#11059 = CARTESIAN_POINT('',(0.,0.80872033608));
#11060 = VECTOR('',#11061,1.);
#11061 = DIRECTION('',(1.,0.));
#11062 = ( GEOMETRIC_REPRESENTATION_CONTEXT(2) 
PARAMETRIC_REPRESENTATION_CONTEXT() REPRESENTATION_CONTEXT('2D SPACE',''
  ) );
#11063 = PCURVE('',#11064,#11069);
#11064 = PLANE('',#11065);
#11065 = AXIS2_PLACEMENT_3D('',#11066,#11067,#11068);
#11066 = CARTESIAN_POINT('',(1.35,-5.45,0.34));
#11067 = DIRECTION('',(0.,0.,1.));
#11068 = DIRECTION('',(1.,0.,0.));
#11069 = DEFINITIONAL_REPRESENTATION('',(#11070),#11074);
#11070 = CIRCLE('',#11071,0.162249807396);
#11071 = AXIS2_PLACEMENT_2D('',#11072,#11073);
#11072 = CARTESIAN_POINT('',(0.25,0.25));
#11073 = DIRECTION('',(1.,0.));
#11074 = ( GEOMETRIC_REPRESENTATION_CONTEXT(2) 
PARAMETRIC_REPRESENTATION_CONTEXT() REPRESENTATION_CONTEXT('2D SPACE',''
  ) );
#11075 = ORIENTED_EDGE('',*,*,#11076,.F.);
#11076 = EDGE_CURVE('',#11077,#11043,#11079,.T.);
#11077 = VERTEX_POINT('',#11078);
#11078 = CARTESIAN_POINT('',(1.762249807396,-5.2,-5.551115123126E-17));
#11079 = SEAM_CURVE('',#11080,(#11085,#11092),.PCURVE_S1.);
#11080 = CIRCLE('',#11081,0.235);
#11081 = AXIS2_PLACEMENT_3D('',#11082,#11083,#11084);
#11082 = CARTESIAN_POINT('',(1.6,-5.2,0.17));
#11083 = DIRECTION('',(-2.449293598295E-16,-1.,0.));
#11084 = DIRECTION('',(1.,-2.449293598295E-16,0.));
#11085 = PCURVE('',#11052,#11086);
#11086 = DEFINITIONAL_REPRESENTATION('',(#11087),#11091);
#11087 = LINE('',#11088,#11089);
#11088 = CARTESIAN_POINT('',(6.28318530718,-6.28318530718));
#11089 = VECTOR('',#11090,1.);
#11090 = DIRECTION('',(0.,1.));
#11091 = ( GEOMETRIC_REPRESENTATION_CONTEXT(2) 
PARAMETRIC_REPRESENTATION_CONTEXT() REPRESENTATION_CONTEXT('2D SPACE',''
  ) );
#11092 = PCURVE('',#11052,#11093);
#11093 = DEFINITIONAL_REPRESENTATION('',(#11094),#11098);
#11094 = LINE('',#11095,#11096);
#11095 = CARTESIAN_POINT('',(0.,-6.28318530718));
#11096 = VECTOR('',#11097,1.);
#11097 = DIRECTION('',(0.,1.));
#11098 = ( GEOMETRIC_REPRESENTATION_CONTEXT(2) 
PARAMETRIC_REPRESENTATION_CONTEXT() REPRESENTATION_CONTEXT('2D SPACE',''
  ) );
#11099 = ORIENTED_EDGE('',*,*,#11100,.T.);
#11100 = EDGE_CURVE('',#11077,#11077,#11101,.T.);
#11101 = SURFACE_CURVE('',#11102,(#11107,#11114),.PCURVE_S1.);
#11102 = CIRCLE('',#11103,0.162249807396);
#11103 = AXIS2_PLACEMENT_3D('',#11104,#11105,#11106);
#11104 = CARTESIAN_POINT('',(1.6,-5.2,0.));
#11105 = DIRECTION('',(0.,0.,1.));
#11106 = DIRECTION('',(1.,0.,-0.));
#11107 = PCURVE('',#11052,#11108);
#11108 = DEFINITIONAL_REPRESENTATION('',(#11109),#11113);
#11109 = LINE('',#11110,#11111);
#11110 = CARTESIAN_POINT('',(0.,-0.80872033608));
#11111 = VECTOR('',#11112,1.);
#11112 = DIRECTION('',(1.,0.));
#11113 = ( GEOMETRIC_REPRESENTATION_CONTEXT(2) 
PARAMETRIC_REPRESENTATION_CONTEXT() REPRESENTATION_CONTEXT('2D SPACE',''
  ) );
#11114 = PCURVE('',#11115,#11120);
#11115 = PLANE('',#11116);
#11116 = AXIS2_PLACEMENT_3D('',#11117,#11118,#11119);
#11117 = CARTESIAN_POINT('',(1.35,-5.45,0.));
#11118 = DIRECTION('',(0.,0.,1.));
#11119 = DIRECTION('',(1.,0.,0.));
#11120 = DEFINITIONAL_REPRESENTATION('',(#11121),#11125);
#11121 = CIRCLE('',#11122,0.162249807396);
#11122 = AXIS2_PLACEMENT_2D('',#11123,#11124);
#11123 = CARTESIAN_POINT('',(0.25,0.25));
#11124 = DIRECTION('',(1.,0.));
#11125 = ( GEOMETRIC_REPRESENTATION_CONTEXT(2) 
PARAMETRIC_REPRESENTATION_CONTEXT() REPRESENTATION_CONTEXT('2D SPACE',''
  ) );
#11126 = ORIENTED_EDGE('',*,*,#11076,.T.);
#11127 = ADVANCED_FACE('',(#11128),#11064,.T.);
#11128 = FACE_BOUND('',#11129,.T.);
#11129 = EDGE_LOOP('',(#11130));
#11130 = ORIENTED_EDGE('',*,*,#11042,.T.);
#11131 = ADVANCED_FACE('',(#11132),#11115,.F.);
#11132 = FACE_BOUND('',#11133,.F.);
#11133 = EDGE_LOOP('',(#11134));
#11134 = ORIENTED_EDGE('',*,*,#11100,.T.);
#11135 = ( GEOMETRIC_REPRESENTATION_CONTEXT(3) 
GLOBAL_UNCERTAINTY_ASSIGNED_CONTEXT((#11139)) 
GLOBAL_UNIT_ASSIGNED_CONTEXT((#11136,#11137,#11138)) 
REPRESENTATION_CONTEXT('Context #1',
  '3D Context with UNIT and UNCERTAINTY') );
#11136 = ( LENGTH_UNIT() NAMED_UNIT(*) SI_UNIT(.MILLI.,.METRE.) );
#11137 = ( NAMED_UNIT(*) PLANE_ANGLE_UNIT() SI_UNIT($,.RADIAN.) );
#11138 = ( NAMED_UNIT(*) SI_UNIT($,.STERADIAN.) SOLID_ANGLE_UNIT() );
#11139 = UNCERTAINTY_MEASURE_WITH_UNIT(LENGTH_MEASURE(1.E-07),#11136,
  'distance_accuracy_value','confusion accuracy');
#11140 = CONTEXT_DEPENDENT_SHAPE_REPRESENTATION(#11141,#11143);
#11141 = ( REPRESENTATION_RELATIONSHIP('','',#11035,#10) 
REPRESENTATION_RELATIONSHIP_WITH_TRANSFORMATION(#11142) 
SHAPE_REPRESENTATION_RELATIONSHIP() );
#11142 = ITEM_DEFINED_TRANSFORMATION('','',#11,#367);
#11143 = PRODUCT_DEFINITION_SHAPE('Placement','Placement of an item',
  #11144);
#11144 = NEXT_ASSEMBLY_USAGE_OCCURRENCE('133','Ball_R7','',#5,#11030,$);
#11145 = PRODUCT_RELATED_PRODUCT_CATEGORY('part',$,(#11032));
#11146 = SHAPE_DEFINITION_REPRESENTATION(#11147,#11153);
#11147 = PRODUCT_DEFINITION_SHAPE('','',#11148);
#11148 = PRODUCT_DEFINITION('design','',#11149,#11152);
#11149 = PRODUCT_DEFINITION_FORMATION('','',#11150);
#11150 = PRODUCT('Ball_R8','Ball_R8','',(#11151));
#11151 = PRODUCT_CONTEXT('',#2,'mechanical');
#11152 = PRODUCT_DEFINITION_CONTEXT('part definition',#2,'design');
#11153 = ADVANCED_BREP_SHAPE_REPRESENTATION('',(#11,#11154),#11253);
#11154 = MANIFOLD_SOLID_BREP('',#11155);
#11155 = CLOSED_SHELL('',(#11156,#11245,#11249));
#11156 = ADVANCED_FACE('',(#11157),#11170,.T.);
#11157 = FACE_BOUND('',#11158,.T.);
#11158 = EDGE_LOOP('',(#11159,#11193,#11217,#11244));
#11159 = ORIENTED_EDGE('',*,*,#11160,.F.);
#11160 = EDGE_CURVE('',#11161,#11161,#11163,.T.);
#11161 = VERTEX_POINT('',#11162);
#11162 = CARTESIAN_POINT('',(2.562249807396,-5.2,0.34));
#11163 = SURFACE_CURVE('',#11164,(#11169,#11181),.PCURVE_S1.);
#11164 = CIRCLE('',#11165,0.162249807396);
#11165 = AXIS2_PLACEMENT_3D('',#11166,#11167,#11168);
#11166 = CARTESIAN_POINT('',(2.4,-5.2,0.34));
#11167 = DIRECTION('',(0.,0.,1.));
#11168 = DIRECTION('',(1.,0.,-0.));
#11169 = PCURVE('',#11170,#11175);
#11170 = SPHERICAL_SURFACE('',#11171,0.235);
#11171 = AXIS2_PLACEMENT_3D('',#11172,#11173,#11174);
#11172 = CARTESIAN_POINT('',(2.4,-5.2,0.17));
#11173 = DIRECTION('',(0.,0.,1.));
#11174 = DIRECTION('',(1.,0.,0.));
#11175 = DEFINITIONAL_REPRESENTATION('',(#11176),#11180);
#11176 = LINE('',#11177,#11178);
#11177 = CARTESIAN_POINT('',(0.,0.80872033608));
#11178 = VECTOR('',#11179,1.);
#11179 = DIRECTION('',(1.,0.));
#11180 = ( GEOMETRIC_REPRESENTATION_CONTEXT(2) 
PARAMETRIC_REPRESENTATION_CONTEXT() REPRESENTATION_CONTEXT('2D SPACE',''
  ) );
#11181 = PCURVE('',#11182,#11187);
#11182 = PLANE('',#11183);
#11183 = AXIS2_PLACEMENT_3D('',#11184,#11185,#11186);
#11184 = CARTESIAN_POINT('',(2.15,-5.45,0.34));
#11185 = DIRECTION('',(0.,0.,1.));
#11186 = DIRECTION('',(1.,0.,0.));
#11187 = DEFINITIONAL_REPRESENTATION('',(#11188),#11192);
#11188 = CIRCLE('',#11189,0.162249807396);
#11189 = AXIS2_PLACEMENT_2D('',#11190,#11191);
#11190 = CARTESIAN_POINT('',(0.25,0.25));
#11191 = DIRECTION('',(1.,0.));
#11192 = ( GEOMETRIC_REPRESENTATION_CONTEXT(2) 
PARAMETRIC_REPRESENTATION_CONTEXT() REPRESENTATION_CONTEXT('2D SPACE',''
  ) );
#11193 = ORIENTED_EDGE('',*,*,#11194,.F.);
#11194 = EDGE_CURVE('',#11195,#11161,#11197,.T.);
#11195 = VERTEX_POINT('',#11196);
#11196 = CARTESIAN_POINT('',(2.562249807396,-5.2,-5.551115123126E-17));
#11197 = SEAM_CURVE('',#11198,(#11203,#11210),.PCURVE_S1.);
#11198 = CIRCLE('',#11199,0.235);
#11199 = AXIS2_PLACEMENT_3D('',#11200,#11201,#11202);
#11200 = CARTESIAN_POINT('',(2.4,-5.2,0.17));
#11201 = DIRECTION('',(-2.449293598295E-16,-1.,0.));
#11202 = DIRECTION('',(1.,-2.449293598295E-16,0.));
#11203 = PCURVE('',#11170,#11204);
#11204 = DEFINITIONAL_REPRESENTATION('',(#11205),#11209);
#11205 = LINE('',#11206,#11207);
#11206 = CARTESIAN_POINT('',(6.28318530718,-6.28318530718));
#11207 = VECTOR('',#11208,1.);
#11208 = DIRECTION('',(0.,1.));
#11209 = ( GEOMETRIC_REPRESENTATION_CONTEXT(2) 
PARAMETRIC_REPRESENTATION_CONTEXT() REPRESENTATION_CONTEXT('2D SPACE',''
  ) );
#11210 = PCURVE('',#11170,#11211);
#11211 = DEFINITIONAL_REPRESENTATION('',(#11212),#11216);
#11212 = LINE('',#11213,#11214);
#11213 = CARTESIAN_POINT('',(0.,-6.28318530718));
#11214 = VECTOR('',#11215,1.);
#11215 = DIRECTION('',(0.,1.));
#11216 = ( GEOMETRIC_REPRESENTATION_CONTEXT(2) 
PARAMETRIC_REPRESENTATION_CONTEXT() REPRESENTATION_CONTEXT('2D SPACE',''
  ) );
#11217 = ORIENTED_EDGE('',*,*,#11218,.T.);
#11218 = EDGE_CURVE('',#11195,#11195,#11219,.T.);
#11219 = SURFACE_CURVE('',#11220,(#11225,#11232),.PCURVE_S1.);
#11220 = CIRCLE('',#11221,0.162249807396);
#11221 = AXIS2_PLACEMENT_3D('',#11222,#11223,#11224);
#11222 = CARTESIAN_POINT('',(2.4,-5.2,0.));
#11223 = DIRECTION('',(0.,0.,1.));
#11224 = DIRECTION('',(1.,0.,-0.));
#11225 = PCURVE('',#11170,#11226);
#11226 = DEFINITIONAL_REPRESENTATION('',(#11227),#11231);
#11227 = LINE('',#11228,#11229);
#11228 = CARTESIAN_POINT('',(0.,-0.80872033608));
#11229 = VECTOR('',#11230,1.);
#11230 = DIRECTION('',(1.,0.));
#11231 = ( GEOMETRIC_REPRESENTATION_CONTEXT(2) 
PARAMETRIC_REPRESENTATION_CONTEXT() REPRESENTATION_CONTEXT('2D SPACE',''
  ) );
#11232 = PCURVE('',#11233,#11238);
#11233 = PLANE('',#11234);
#11234 = AXIS2_PLACEMENT_3D('',#11235,#11236,#11237);
#11235 = CARTESIAN_POINT('',(2.15,-5.45,0.));
#11236 = DIRECTION('',(0.,0.,1.));
#11237 = DIRECTION('',(1.,0.,0.));
#11238 = DEFINITIONAL_REPRESENTATION('',(#11239),#11243);
#11239 = CIRCLE('',#11240,0.162249807396);
#11240 = AXIS2_PLACEMENT_2D('',#11241,#11242);
#11241 = CARTESIAN_POINT('',(0.25,0.25));
#11242 = DIRECTION('',(1.,0.));
#11243 = ( GEOMETRIC_REPRESENTATION_CONTEXT(2) 
PARAMETRIC_REPRESENTATION_CONTEXT() REPRESENTATION_CONTEXT('2D SPACE',''
  ) );
#11244 = ORIENTED_EDGE('',*,*,#11194,.T.);
#11245 = ADVANCED_FACE('',(#11246),#11182,.T.);
#11246 = FACE_BOUND('',#11247,.T.);
#11247 = EDGE_LOOP('',(#11248));
#11248 = ORIENTED_EDGE('',*,*,#11160,.T.);
#11249 = ADVANCED_FACE('',(#11250),#11233,.F.);
#11250 = FACE_BOUND('',#11251,.F.);
#11251 = EDGE_LOOP('',(#11252));
#11252 = ORIENTED_EDGE('',*,*,#11218,.T.);
#11253 = ( GEOMETRIC_REPRESENTATION_CONTEXT(3) 
GLOBAL_UNCERTAINTY_ASSIGNED_CONTEXT((#11257)) 
GLOBAL_UNIT_ASSIGNED_CONTEXT((#11254,#11255,#11256)) 
REPRESENTATION_CONTEXT('Context #1',
  '3D Context with UNIT and UNCERTAINTY') );
#11254 = ( LENGTH_UNIT() NAMED_UNIT(*) SI_UNIT(.MILLI.,.METRE.) );
#11255 = ( NAMED_UNIT(*) PLANE_ANGLE_UNIT() SI_UNIT($,.RADIAN.) );
#11256 = ( NAMED_UNIT(*) SI_UNIT($,.STERADIAN.) SOLID_ANGLE_UNIT() );
#11257 = UNCERTAINTY_MEASURE_WITH_UNIT(LENGTH_MEASURE(1.E-07),#11254,
  'distance_accuracy_value','confusion accuracy');
#11258 = CONTEXT_DEPENDENT_SHAPE_REPRESENTATION(#11259,#11261);
#11259 = ( REPRESENTATION_RELATIONSHIP('','',#11153,#10) 
REPRESENTATION_RELATIONSHIP_WITH_TRANSFORMATION(#11260) 
SHAPE_REPRESENTATION_RELATIONSHIP() );
#11260 = ITEM_DEFINED_TRANSFORMATION('','',#11,#371);
#11261 = PRODUCT_DEFINITION_SHAPE('Placement','Placement of an item',
  #11262);
#11262 = NEXT_ASSEMBLY_USAGE_OCCURRENCE('134','Ball_R8','',#5,#11148,$);
#11263 = PRODUCT_RELATED_PRODUCT_CATEGORY('part',$,(#11150));
#11264 = SHAPE_DEFINITION_REPRESENTATION(#11265,#11271);
#11265 = PRODUCT_DEFINITION_SHAPE('','',#11266);
#11266 = PRODUCT_DEFINITION('design','',#11267,#11270);
#11267 = PRODUCT_DEFINITION_FORMATION('','',#11268);
#11268 = PRODUCT('Ball_R9','Ball_R9','',(#11269));
#11269 = PRODUCT_CONTEXT('',#2,'mechanical');
#11270 = PRODUCT_DEFINITION_CONTEXT('part definition',#2,'design');
#11271 = ADVANCED_BREP_SHAPE_REPRESENTATION('',(#11,#11272),#11371);
#11272 = MANIFOLD_SOLID_BREP('',#11273);
#11273 = CLOSED_SHELL('',(#11274,#11363,#11367));
#11274 = ADVANCED_FACE('',(#11275),#11288,.T.);
#11275 = FACE_BOUND('',#11276,.T.);
#11276 = EDGE_LOOP('',(#11277,#11311,#11335,#11362));
#11277 = ORIENTED_EDGE('',*,*,#11278,.F.);
#11278 = EDGE_CURVE('',#11279,#11279,#11281,.T.);
#11279 = VERTEX_POINT('',#11280);
#11280 = CARTESIAN_POINT('',(3.362249807396,-5.2,0.34));
#11281 = SURFACE_CURVE('',#11282,(#11287,#11299),.PCURVE_S1.);
#11282 = CIRCLE('',#11283,0.162249807396);
#11283 = AXIS2_PLACEMENT_3D('',#11284,#11285,#11286);
#11284 = CARTESIAN_POINT('',(3.2,-5.2,0.34));
#11285 = DIRECTION('',(0.,0.,1.));
#11286 = DIRECTION('',(1.,0.,-0.));
#11287 = PCURVE('',#11288,#11293);
#11288 = SPHERICAL_SURFACE('',#11289,0.235);
#11289 = AXIS2_PLACEMENT_3D('',#11290,#11291,#11292);
#11290 = CARTESIAN_POINT('',(3.2,-5.2,0.17));
#11291 = DIRECTION('',(0.,0.,1.));
#11292 = DIRECTION('',(1.,0.,0.));
#11293 = DEFINITIONAL_REPRESENTATION('',(#11294),#11298);
#11294 = LINE('',#11295,#11296);
#11295 = CARTESIAN_POINT('',(0.,0.80872033608));
#11296 = VECTOR('',#11297,1.);
#11297 = DIRECTION('',(1.,0.));
#11298 = ( GEOMETRIC_REPRESENTATION_CONTEXT(2) 
PARAMETRIC_REPRESENTATION_CONTEXT() REPRESENTATION_CONTEXT('2D SPACE',''
  ) );
#11299 = PCURVE('',#11300,#11305);
#11300 = PLANE('',#11301);
#11301 = AXIS2_PLACEMENT_3D('',#11302,#11303,#11304);
#11302 = CARTESIAN_POINT('',(2.95,-5.45,0.34));
#11303 = DIRECTION('',(0.,0.,1.));
#11304 = DIRECTION('',(1.,0.,0.));
#11305 = DEFINITIONAL_REPRESENTATION('',(#11306),#11310);
#11306 = CIRCLE('',#11307,0.162249807396);
#11307 = AXIS2_PLACEMENT_2D('',#11308,#11309);
#11308 = CARTESIAN_POINT('',(0.25,0.25));
#11309 = DIRECTION('',(1.,0.));
#11310 = ( GEOMETRIC_REPRESENTATION_CONTEXT(2) 
PARAMETRIC_REPRESENTATION_CONTEXT() REPRESENTATION_CONTEXT('2D SPACE',''
  ) );
#11311 = ORIENTED_EDGE('',*,*,#11312,.F.);
#11312 = EDGE_CURVE('',#11313,#11279,#11315,.T.);
#11313 = VERTEX_POINT('',#11314);
#11314 = CARTESIAN_POINT('',(3.362249807396,-5.2,-5.551115123126E-17));
#11315 = SEAM_CURVE('',#11316,(#11321,#11328),.PCURVE_S1.);
#11316 = CIRCLE('',#11317,0.235);
#11317 = AXIS2_PLACEMENT_3D('',#11318,#11319,#11320);
#11318 = CARTESIAN_POINT('',(3.2,-5.2,0.17));
#11319 = DIRECTION('',(-2.449293598295E-16,-1.,0.));
#11320 = DIRECTION('',(1.,-2.449293598295E-16,0.));
#11321 = PCURVE('',#11288,#11322);
#11322 = DEFINITIONAL_REPRESENTATION('',(#11323),#11327);
#11323 = LINE('',#11324,#11325);
#11324 = CARTESIAN_POINT('',(6.28318530718,-6.28318530718));
#11325 = VECTOR('',#11326,1.);
#11326 = DIRECTION('',(0.,1.));
#11327 = ( GEOMETRIC_REPRESENTATION_CONTEXT(2) 
PARAMETRIC_REPRESENTATION_CONTEXT() REPRESENTATION_CONTEXT('2D SPACE',''
  ) );
#11328 = PCURVE('',#11288,#11329);
#11329 = DEFINITIONAL_REPRESENTATION('',(#11330),#11334);
#11330 = LINE('',#11331,#11332);
#11331 = CARTESIAN_POINT('',(0.,-6.28318530718));
#11332 = VECTOR('',#11333,1.);
#11333 = DIRECTION('',(0.,1.));
#11334 = ( GEOMETRIC_REPRESENTATION_CONTEXT(2) 
PARAMETRIC_REPRESENTATION_CONTEXT() REPRESENTATION_CONTEXT('2D SPACE',''
  ) );
#11335 = ORIENTED_EDGE('',*,*,#11336,.T.);
#11336 = EDGE_CURVE('',#11313,#11313,#11337,.T.);
#11337 = SURFACE_CURVE('',#11338,(#11343,#11350),.PCURVE_S1.);
#11338 = CIRCLE('',#11339,0.162249807396);
#11339 = AXIS2_PLACEMENT_3D('',#11340,#11341,#11342);
#11340 = CARTESIAN_POINT('',(3.2,-5.2,0.));
#11341 = DIRECTION('',(0.,0.,1.));
#11342 = DIRECTION('',(1.,0.,-0.));
#11343 = PCURVE('',#11288,#11344);
#11344 = DEFINITIONAL_REPRESENTATION('',(#11345),#11349);
#11345 = LINE('',#11346,#11347);
#11346 = CARTESIAN_POINT('',(0.,-0.80872033608));
#11347 = VECTOR('',#11348,1.);
#11348 = DIRECTION('',(1.,0.));
#11349 = ( GEOMETRIC_REPRESENTATION_CONTEXT(2) 
PARAMETRIC_REPRESENTATION_CONTEXT() REPRESENTATION_CONTEXT('2D SPACE',''
  ) );
#11350 = PCURVE('',#11351,#11356);
#11351 = PLANE('',#11352);
#11352 = AXIS2_PLACEMENT_3D('',#11353,#11354,#11355);
#11353 = CARTESIAN_POINT('',(2.95,-5.45,0.));
#11354 = DIRECTION('',(0.,0.,1.));
#11355 = DIRECTION('',(1.,0.,0.));
#11356 = DEFINITIONAL_REPRESENTATION('',(#11357),#11361);
#11357 = CIRCLE('',#11358,0.162249807396);
#11358 = AXIS2_PLACEMENT_2D('',#11359,#11360);
#11359 = CARTESIAN_POINT('',(0.25,0.25));
#11360 = DIRECTION('',(1.,0.));
#11361 = ( GEOMETRIC_REPRESENTATION_CONTEXT(2) 
PARAMETRIC_REPRESENTATION_CONTEXT() REPRESENTATION_CONTEXT('2D SPACE',''
  ) );
#11362 = ORIENTED_EDGE('',*,*,#11312,.T.);
#11363 = ADVANCED_FACE('',(#11364),#11300,.T.);
#11364 = FACE_BOUND('',#11365,.T.);
#11365 = EDGE_LOOP('',(#11366));
#11366 = ORIENTED_EDGE('',*,*,#11278,.T.);
#11367 = ADVANCED_FACE('',(#11368),#11351,.F.);
#11368 = FACE_BOUND('',#11369,.F.);
#11369 = EDGE_LOOP('',(#11370));
#11370 = ORIENTED_EDGE('',*,*,#11336,.T.);
#11371 = ( GEOMETRIC_REPRESENTATION_CONTEXT(3) 
GLOBAL_UNCERTAINTY_ASSIGNED_CONTEXT((#11375)) 
GLOBAL_UNIT_ASSIGNED_CONTEXT((#11372,#11373,#11374)) 
REPRESENTATION_CONTEXT('Context #1',
  '3D Context with UNIT and UNCERTAINTY') );
#11372 = ( LENGTH_UNIT() NAMED_UNIT(*) SI_UNIT(.MILLI.,.METRE.) );
#11373 = ( NAMED_UNIT(*) PLANE_ANGLE_UNIT() SI_UNIT($,.RADIAN.) );
#11374 = ( NAMED_UNIT(*) SI_UNIT($,.STERADIAN.) SOLID_ANGLE_UNIT() );
#11375 = UNCERTAINTY_MEASURE_WITH_UNIT(LENGTH_MEASURE(1.E-07),#11372,
  'distance_accuracy_value','confusion accuracy');
#11376 = CONTEXT_DEPENDENT_SHAPE_REPRESENTATION(#11377,#11379);
#11377 = ( REPRESENTATION_RELATIONSHIP('','',#11271,#10) 
REPRESENTATION_RELATIONSHIP_WITH_TRANSFORMATION(#11378) 
SHAPE_REPRESENTATION_RELATIONSHIP() );
#11378 = ITEM_DEFINED_TRANSFORMATION('','',#11,#375);
#11379 = PRODUCT_DEFINITION_SHAPE('Placement','Placement of an item',
  #11380);
#11380 = NEXT_ASSEMBLY_USAGE_OCCURRENCE('135','Ball_R9','',#5,#11266,$);
#11381 = PRODUCT_RELATED_PRODUCT_CATEGORY('part',$,(#11268));
#11382 = SHAPE_DEFINITION_REPRESENTATION(#11383,#11389);
#11383 = PRODUCT_DEFINITION_SHAPE('','',#11384);
#11384 = PRODUCT_DEFINITION('design','',#11385,#11388);
#11385 = PRODUCT_DEFINITION_FORMATION('','',#11386);
#11386 = PRODUCT('Ball_T1','Ball_T1','',(#11387));
#11387 = PRODUCT_CONTEXT('',#2,'mechanical');
#11388 = PRODUCT_DEFINITION_CONTEXT('part definition',#2,'design');
#11389 = ADVANCED_BREP_SHAPE_REPRESENTATION('',(#11,#11390),#11489);
#11390 = MANIFOLD_SOLID_BREP('',#11391);
#11391 = CLOSED_SHELL('',(#11392,#11481,#11485));
#11392 = ADVANCED_FACE('',(#11393),#11406,.T.);
#11393 = FACE_BOUND('',#11394,.T.);
#11394 = EDGE_LOOP('',(#11395,#11429,#11453,#11480));
#11395 = ORIENTED_EDGE('',*,*,#11396,.F.);
#11396 = EDGE_CURVE('',#11397,#11397,#11399,.T.);
#11397 = VERTEX_POINT('',#11398);
#11398 = CARTESIAN_POINT('',(-3.037750192604,-6.,0.34));
#11399 = SURFACE_CURVE('',#11400,(#11405,#11417),.PCURVE_S1.);
#11400 = CIRCLE('',#11401,0.162249807396);
#11401 = AXIS2_PLACEMENT_3D('',#11402,#11403,#11404);
#11402 = CARTESIAN_POINT('',(-3.2,-6.,0.34));
#11403 = DIRECTION('',(0.,0.,1.));
#11404 = DIRECTION('',(1.,0.,-0.));
#11405 = PCURVE('',#11406,#11411);
#11406 = SPHERICAL_SURFACE('',#11407,0.235);
#11407 = AXIS2_PLACEMENT_3D('',#11408,#11409,#11410);
#11408 = CARTESIAN_POINT('',(-3.2,-6.,0.17));
#11409 = DIRECTION('',(0.,0.,1.));
#11410 = DIRECTION('',(1.,0.,0.));
#11411 = DEFINITIONAL_REPRESENTATION('',(#11412),#11416);
#11412 = LINE('',#11413,#11414);
#11413 = CARTESIAN_POINT('',(0.,0.80872033608));
#11414 = VECTOR('',#11415,1.);
#11415 = DIRECTION('',(1.,0.));
#11416 = ( GEOMETRIC_REPRESENTATION_CONTEXT(2) 
PARAMETRIC_REPRESENTATION_CONTEXT() REPRESENTATION_CONTEXT('2D SPACE',''
  ) );
#11417 = PCURVE('',#11418,#11423);
#11418 = PLANE('',#11419);
#11419 = AXIS2_PLACEMENT_3D('',#11420,#11421,#11422);
#11420 = CARTESIAN_POINT('',(-3.45,-6.25,0.34));
#11421 = DIRECTION('',(0.,0.,1.));
#11422 = DIRECTION('',(1.,0.,0.));
#11423 = DEFINITIONAL_REPRESENTATION('',(#11424),#11428);
#11424 = CIRCLE('',#11425,0.162249807396);
#11425 = AXIS2_PLACEMENT_2D('',#11426,#11427);
#11426 = CARTESIAN_POINT('',(0.25,0.25));
#11427 = DIRECTION('',(1.,0.));
#11428 = ( GEOMETRIC_REPRESENTATION_CONTEXT(2) 
PARAMETRIC_REPRESENTATION_CONTEXT() REPRESENTATION_CONTEXT('2D SPACE',''
  ) );
#11429 = ORIENTED_EDGE('',*,*,#11430,.F.);
#11430 = EDGE_CURVE('',#11431,#11397,#11433,.T.);
#11431 = VERTEX_POINT('',#11432);
#11432 = CARTESIAN_POINT('',(-3.037750192604,-6.,-5.551115123126E-17));
#11433 = SEAM_CURVE('',#11434,(#11439,#11446),.PCURVE_S1.);
#11434 = CIRCLE('',#11435,0.235);
#11435 = AXIS2_PLACEMENT_3D('',#11436,#11437,#11438);
#11436 = CARTESIAN_POINT('',(-3.2,-6.,0.17));
#11437 = DIRECTION('',(-2.449293598295E-16,-1.,0.));
#11438 = DIRECTION('',(1.,-2.449293598295E-16,0.));
#11439 = PCURVE('',#11406,#11440);
#11440 = DEFINITIONAL_REPRESENTATION('',(#11441),#11445);
#11441 = LINE('',#11442,#11443);
#11442 = CARTESIAN_POINT('',(6.28318530718,-6.28318530718));
#11443 = VECTOR('',#11444,1.);
#11444 = DIRECTION('',(0.,1.));
#11445 = ( GEOMETRIC_REPRESENTATION_CONTEXT(2) 
PARAMETRIC_REPRESENTATION_CONTEXT() REPRESENTATION_CONTEXT('2D SPACE',''
  ) );
#11446 = PCURVE('',#11406,#11447);
#11447 = DEFINITIONAL_REPRESENTATION('',(#11448),#11452);
#11448 = LINE('',#11449,#11450);
#11449 = CARTESIAN_POINT('',(0.,-6.28318530718));
#11450 = VECTOR('',#11451,1.);
#11451 = DIRECTION('',(0.,1.));
#11452 = ( GEOMETRIC_REPRESENTATION_CONTEXT(2) 
PARAMETRIC_REPRESENTATION_CONTEXT() REPRESENTATION_CONTEXT('2D SPACE',''
  ) );
#11453 = ORIENTED_EDGE('',*,*,#11454,.T.);
#11454 = EDGE_CURVE('',#11431,#11431,#11455,.T.);
#11455 = SURFACE_CURVE('',#11456,(#11461,#11468),.PCURVE_S1.);
#11456 = CIRCLE('',#11457,0.162249807396);
#11457 = AXIS2_PLACEMENT_3D('',#11458,#11459,#11460);
#11458 = CARTESIAN_POINT('',(-3.2,-6.,0.));
#11459 = DIRECTION('',(0.,0.,1.));
#11460 = DIRECTION('',(1.,0.,-0.));
#11461 = PCURVE('',#11406,#11462);
#11462 = DEFINITIONAL_REPRESENTATION('',(#11463),#11467);
#11463 = LINE('',#11464,#11465);
#11464 = CARTESIAN_POINT('',(0.,-0.80872033608));
#11465 = VECTOR('',#11466,1.);
#11466 = DIRECTION('',(1.,0.));
#11467 = ( GEOMETRIC_REPRESENTATION_CONTEXT(2) 
PARAMETRIC_REPRESENTATION_CONTEXT() REPRESENTATION_CONTEXT('2D SPACE',''
  ) );
#11468 = PCURVE('',#11469,#11474);
#11469 = PLANE('',#11470);
#11470 = AXIS2_PLACEMENT_3D('',#11471,#11472,#11473);
#11471 = CARTESIAN_POINT('',(-3.45,-6.25,0.));
#11472 = DIRECTION('',(0.,0.,1.));
#11473 = DIRECTION('',(1.,0.,0.));
#11474 = DEFINITIONAL_REPRESENTATION('',(#11475),#11479);
#11475 = CIRCLE('',#11476,0.162249807396);
#11476 = AXIS2_PLACEMENT_2D('',#11477,#11478);
#11477 = CARTESIAN_POINT('',(0.25,0.25));
#11478 = DIRECTION('',(1.,0.));
#11479 = ( GEOMETRIC_REPRESENTATION_CONTEXT(2) 
PARAMETRIC_REPRESENTATION_CONTEXT() REPRESENTATION_CONTEXT('2D SPACE',''
  ) );
#11480 = ORIENTED_EDGE('',*,*,#11430,.T.);
#11481 = ADVANCED_FACE('',(#11482),#11418,.T.);
#11482 = FACE_BOUND('',#11483,.T.);
#11483 = EDGE_LOOP('',(#11484));
#11484 = ORIENTED_EDGE('',*,*,#11396,.T.);
#11485 = ADVANCED_FACE('',(#11486),#11469,.F.);
#11486 = FACE_BOUND('',#11487,.F.);
#11487 = EDGE_LOOP('',(#11488));
#11488 = ORIENTED_EDGE('',*,*,#11454,.T.);
#11489 = ( GEOMETRIC_REPRESENTATION_CONTEXT(3) 
GLOBAL_UNCERTAINTY_ASSIGNED_CONTEXT((#11493)) 
GLOBAL_UNIT_ASSIGNED_CONTEXT((#11490,#11491,#11492)) 
REPRESENTATION_CONTEXT('Context #1',
  '3D Context with UNIT and UNCERTAINTY') );
#11490 = ( LENGTH_UNIT() NAMED_UNIT(*) SI_UNIT(.MILLI.,.METRE.) );
#11491 = ( NAMED_UNIT(*) PLANE_ANGLE_UNIT() SI_UNIT($,.RADIAN.) );
#11492 = ( NAMED_UNIT(*) SI_UNIT($,.STERADIAN.) SOLID_ANGLE_UNIT() );
#11493 = UNCERTAINTY_MEASURE_WITH_UNIT(LENGTH_MEASURE(1.E-07),#11490,
  'distance_accuracy_value','confusion accuracy');
#11494 = CONTEXT_DEPENDENT_SHAPE_REPRESENTATION(#11495,#11497);
#11495 = ( REPRESENTATION_RELATIONSHIP('','',#11389,#10) 
REPRESENTATION_RELATIONSHIP_WITH_TRANSFORMATION(#11496) 
SHAPE_REPRESENTATION_RELATIONSHIP() );
#11496 = ITEM_DEFINED_TRANSFORMATION('','',#11,#379);
#11497 = PRODUCT_DEFINITION_SHAPE('Placement','Placement of an item',
  #11498);
#11498 = NEXT_ASSEMBLY_USAGE_OCCURRENCE('136','Ball_T1','',#5,#11384,$);
#11499 = PRODUCT_RELATED_PRODUCT_CATEGORY('part',$,(#11386));
#11500 = SHAPE_DEFINITION_REPRESENTATION(#11501,#11507);
#11501 = PRODUCT_DEFINITION_SHAPE('','',#11502);
#11502 = PRODUCT_DEFINITION('design','',#11503,#11506);
#11503 = PRODUCT_DEFINITION_FORMATION('','',#11504);
#11504 = PRODUCT('Ball_T2','Ball_T2','',(#11505));
#11505 = PRODUCT_CONTEXT('',#2,'mechanical');
#11506 = PRODUCT_DEFINITION_CONTEXT('part definition',#2,'design');
#11507 = ADVANCED_BREP_SHAPE_REPRESENTATION('',(#11,#11508),#11607);
#11508 = MANIFOLD_SOLID_BREP('',#11509);
#11509 = CLOSED_SHELL('',(#11510,#11599,#11603));
#11510 = ADVANCED_FACE('',(#11511),#11524,.T.);
#11511 = FACE_BOUND('',#11512,.T.);
#11512 = EDGE_LOOP('',(#11513,#11547,#11571,#11598));
#11513 = ORIENTED_EDGE('',*,*,#11514,.F.);
#11514 = EDGE_CURVE('',#11515,#11515,#11517,.T.);
#11515 = VERTEX_POINT('',#11516);
#11516 = CARTESIAN_POINT('',(-2.237750192604,-6.,0.34));
#11517 = SURFACE_CURVE('',#11518,(#11523,#11535),.PCURVE_S1.);
#11518 = CIRCLE('',#11519,0.162249807396);
#11519 = AXIS2_PLACEMENT_3D('',#11520,#11521,#11522);
#11520 = CARTESIAN_POINT('',(-2.4,-6.,0.34));
#11521 = DIRECTION('',(0.,0.,1.));
#11522 = DIRECTION('',(1.,0.,-0.));
#11523 = PCURVE('',#11524,#11529);
#11524 = SPHERICAL_SURFACE('',#11525,0.235);
#11525 = AXIS2_PLACEMENT_3D('',#11526,#11527,#11528);
#11526 = CARTESIAN_POINT('',(-2.4,-6.,0.17));
#11527 = DIRECTION('',(0.,0.,1.));
#11528 = DIRECTION('',(1.,0.,0.));
#11529 = DEFINITIONAL_REPRESENTATION('',(#11530),#11534);
#11530 = LINE('',#11531,#11532);
#11531 = CARTESIAN_POINT('',(0.,0.80872033608));
#11532 = VECTOR('',#11533,1.);
#11533 = DIRECTION('',(1.,0.));
#11534 = ( GEOMETRIC_REPRESENTATION_CONTEXT(2) 
PARAMETRIC_REPRESENTATION_CONTEXT() REPRESENTATION_CONTEXT('2D SPACE',''
  ) );
#11535 = PCURVE('',#11536,#11541);
#11536 = PLANE('',#11537);
#11537 = AXIS2_PLACEMENT_3D('',#11538,#11539,#11540);
#11538 = CARTESIAN_POINT('',(-2.65,-6.25,0.34));
#11539 = DIRECTION('',(0.,0.,1.));
#11540 = DIRECTION('',(1.,0.,0.));
#11541 = DEFINITIONAL_REPRESENTATION('',(#11542),#11546);
#11542 = CIRCLE('',#11543,0.162249807396);
#11543 = AXIS2_PLACEMENT_2D('',#11544,#11545);
#11544 = CARTESIAN_POINT('',(0.25,0.25));
#11545 = DIRECTION('',(1.,0.));
#11546 = ( GEOMETRIC_REPRESENTATION_CONTEXT(2) 
PARAMETRIC_REPRESENTATION_CONTEXT() REPRESENTATION_CONTEXT('2D SPACE',''
  ) );
#11547 = ORIENTED_EDGE('',*,*,#11548,.F.);
#11548 = EDGE_CURVE('',#11549,#11515,#11551,.T.);
#11549 = VERTEX_POINT('',#11550);
#11550 = CARTESIAN_POINT('',(-2.237750192604,-6.,-5.551115123126E-17));
#11551 = SEAM_CURVE('',#11552,(#11557,#11564),.PCURVE_S1.);
#11552 = CIRCLE('',#11553,0.235);
#11553 = AXIS2_PLACEMENT_3D('',#11554,#11555,#11556);
#11554 = CARTESIAN_POINT('',(-2.4,-6.,0.17));
#11555 = DIRECTION('',(-2.449293598295E-16,-1.,0.));
#11556 = DIRECTION('',(1.,-2.449293598295E-16,0.));
#11557 = PCURVE('',#11524,#11558);
#11558 = DEFINITIONAL_REPRESENTATION('',(#11559),#11563);
#11559 = LINE('',#11560,#11561);
#11560 = CARTESIAN_POINT('',(6.28318530718,-6.28318530718));
#11561 = VECTOR('',#11562,1.);
#11562 = DIRECTION('',(0.,1.));
#11563 = ( GEOMETRIC_REPRESENTATION_CONTEXT(2) 
PARAMETRIC_REPRESENTATION_CONTEXT() REPRESENTATION_CONTEXT('2D SPACE',''
  ) );
#11564 = PCURVE('',#11524,#11565);
#11565 = DEFINITIONAL_REPRESENTATION('',(#11566),#11570);
#11566 = LINE('',#11567,#11568);
#11567 = CARTESIAN_POINT('',(0.,-6.28318530718));
#11568 = VECTOR('',#11569,1.);
#11569 = DIRECTION('',(0.,1.));
#11570 = ( GEOMETRIC_REPRESENTATION_CONTEXT(2) 
PARAMETRIC_REPRESENTATION_CONTEXT() REPRESENTATION_CONTEXT('2D SPACE',''
  ) );
#11571 = ORIENTED_EDGE('',*,*,#11572,.T.);
#11572 = EDGE_CURVE('',#11549,#11549,#11573,.T.);
#11573 = SURFACE_CURVE('',#11574,(#11579,#11586),.PCURVE_S1.);
#11574 = CIRCLE('',#11575,0.162249807396);
#11575 = AXIS2_PLACEMENT_3D('',#11576,#11577,#11578);
#11576 = CARTESIAN_POINT('',(-2.4,-6.,0.));
#11577 = DIRECTION('',(0.,0.,1.));
#11578 = DIRECTION('',(1.,0.,-0.));
#11579 = PCURVE('',#11524,#11580);
#11580 = DEFINITIONAL_REPRESENTATION('',(#11581),#11585);
#11581 = LINE('',#11582,#11583);
#11582 = CARTESIAN_POINT('',(0.,-0.80872033608));
#11583 = VECTOR('',#11584,1.);
#11584 = DIRECTION('',(1.,0.));
#11585 = ( GEOMETRIC_REPRESENTATION_CONTEXT(2) 
PARAMETRIC_REPRESENTATION_CONTEXT() REPRESENTATION_CONTEXT('2D SPACE',''
  ) );
#11586 = PCURVE('',#11587,#11592);
#11587 = PLANE('',#11588);
#11588 = AXIS2_PLACEMENT_3D('',#11589,#11590,#11591);
#11589 = CARTESIAN_POINT('',(-2.65,-6.25,0.));
#11590 = DIRECTION('',(0.,0.,1.));
#11591 = DIRECTION('',(1.,0.,0.));
#11592 = DEFINITIONAL_REPRESENTATION('',(#11593),#11597);
#11593 = CIRCLE('',#11594,0.162249807396);
#11594 = AXIS2_PLACEMENT_2D('',#11595,#11596);
#11595 = CARTESIAN_POINT('',(0.25,0.25));
#11596 = DIRECTION('',(1.,0.));
#11597 = ( GEOMETRIC_REPRESENTATION_CONTEXT(2) 
PARAMETRIC_REPRESENTATION_CONTEXT() REPRESENTATION_CONTEXT('2D SPACE',''
  ) );
#11598 = ORIENTED_EDGE('',*,*,#11548,.T.);
#11599 = ADVANCED_FACE('',(#11600),#11536,.T.);
#11600 = FACE_BOUND('',#11601,.T.);
#11601 = EDGE_LOOP('',(#11602));
#11602 = ORIENTED_EDGE('',*,*,#11514,.T.);
#11603 = ADVANCED_FACE('',(#11604),#11587,.F.);
#11604 = FACE_BOUND('',#11605,.F.);
#11605 = EDGE_LOOP('',(#11606));
#11606 = ORIENTED_EDGE('',*,*,#11572,.T.);
#11607 = ( GEOMETRIC_REPRESENTATION_CONTEXT(3) 
GLOBAL_UNCERTAINTY_ASSIGNED_CONTEXT((#11611)) 
GLOBAL_UNIT_ASSIGNED_CONTEXT((#11608,#11609,#11610)) 
REPRESENTATION_CONTEXT('Context #1',
  '3D Context with UNIT and UNCERTAINTY') );
#11608 = ( LENGTH_UNIT() NAMED_UNIT(*) SI_UNIT(.MILLI.,.METRE.) );
#11609 = ( NAMED_UNIT(*) PLANE_ANGLE_UNIT() SI_UNIT($,.RADIAN.) );
#11610 = ( NAMED_UNIT(*) SI_UNIT($,.STERADIAN.) SOLID_ANGLE_UNIT() );
#11611 = UNCERTAINTY_MEASURE_WITH_UNIT(LENGTH_MEASURE(1.E-07),#11608,
  'distance_accuracy_value','confusion accuracy');
#11612 = CONTEXT_DEPENDENT_SHAPE_REPRESENTATION(#11613,#11615);
#11613 = ( REPRESENTATION_RELATIONSHIP('','',#11507,#10) 
REPRESENTATION_RELATIONSHIP_WITH_TRANSFORMATION(#11614) 
SHAPE_REPRESENTATION_RELATIONSHIP() );
#11614 = ITEM_DEFINED_TRANSFORMATION('','',#11,#383);
#11615 = PRODUCT_DEFINITION_SHAPE('Placement','Placement of an item',
  #11616);
#11616 = NEXT_ASSEMBLY_USAGE_OCCURRENCE('137','Ball_T2','',#5,#11502,$);
#11617 = PRODUCT_RELATED_PRODUCT_CATEGORY('part',$,(#11504));
#11618 = SHAPE_DEFINITION_REPRESENTATION(#11619,#11625);
#11619 = PRODUCT_DEFINITION_SHAPE('','',#11620);
#11620 = PRODUCT_DEFINITION('design','',#11621,#11624);
#11621 = PRODUCT_DEFINITION_FORMATION('','',#11622);
#11622 = PRODUCT('Ball_T3','Ball_T3','',(#11623));
#11623 = PRODUCT_CONTEXT('',#2,'mechanical');
#11624 = PRODUCT_DEFINITION_CONTEXT('part definition',#2,'design');
#11625 = ADVANCED_BREP_SHAPE_REPRESENTATION('',(#11,#11626),#11725);
#11626 = MANIFOLD_SOLID_BREP('',#11627);
#11627 = CLOSED_SHELL('',(#11628,#11717,#11721));
#11628 = ADVANCED_FACE('',(#11629),#11642,.T.);
#11629 = FACE_BOUND('',#11630,.T.);
#11630 = EDGE_LOOP('',(#11631,#11665,#11689,#11716));
#11631 = ORIENTED_EDGE('',*,*,#11632,.F.);
#11632 = EDGE_CURVE('',#11633,#11633,#11635,.T.);
#11633 = VERTEX_POINT('',#11634);
#11634 = CARTESIAN_POINT('',(-1.437750192604,-6.,0.34));
#11635 = SURFACE_CURVE('',#11636,(#11641,#11653),.PCURVE_S1.);
#11636 = CIRCLE('',#11637,0.162249807396);
#11637 = AXIS2_PLACEMENT_3D('',#11638,#11639,#11640);
#11638 = CARTESIAN_POINT('',(-1.6,-6.,0.34));
#11639 = DIRECTION('',(0.,0.,1.));
#11640 = DIRECTION('',(1.,0.,-0.));
#11641 = PCURVE('',#11642,#11647);
#11642 = SPHERICAL_SURFACE('',#11643,0.235);
#11643 = AXIS2_PLACEMENT_3D('',#11644,#11645,#11646);
#11644 = CARTESIAN_POINT('',(-1.6,-6.,0.17));
#11645 = DIRECTION('',(0.,0.,1.));
#11646 = DIRECTION('',(1.,0.,0.));
#11647 = DEFINITIONAL_REPRESENTATION('',(#11648),#11652);
#11648 = LINE('',#11649,#11650);
#11649 = CARTESIAN_POINT('',(0.,0.80872033608));
#11650 = VECTOR('',#11651,1.);
#11651 = DIRECTION('',(1.,0.));
#11652 = ( GEOMETRIC_REPRESENTATION_CONTEXT(2) 
PARAMETRIC_REPRESENTATION_CONTEXT() REPRESENTATION_CONTEXT('2D SPACE',''
  ) );
#11653 = PCURVE('',#11654,#11659);
#11654 = PLANE('',#11655);
#11655 = AXIS2_PLACEMENT_3D('',#11656,#11657,#11658);
#11656 = CARTESIAN_POINT('',(-1.85,-6.25,0.34));
#11657 = DIRECTION('',(0.,0.,1.));
#11658 = DIRECTION('',(1.,0.,0.));
#11659 = DEFINITIONAL_REPRESENTATION('',(#11660),#11664);
#11660 = CIRCLE('',#11661,0.162249807396);
#11661 = AXIS2_PLACEMENT_2D('',#11662,#11663);
#11662 = CARTESIAN_POINT('',(0.25,0.25));
#11663 = DIRECTION('',(1.,0.));
#11664 = ( GEOMETRIC_REPRESENTATION_CONTEXT(2) 
PARAMETRIC_REPRESENTATION_CONTEXT() REPRESENTATION_CONTEXT('2D SPACE',''
  ) );
#11665 = ORIENTED_EDGE('',*,*,#11666,.F.);
#11666 = EDGE_CURVE('',#11667,#11633,#11669,.T.);
#11667 = VERTEX_POINT('',#11668);
#11668 = CARTESIAN_POINT('',(-1.437750192604,-6.,-5.551115123126E-17));
#11669 = SEAM_CURVE('',#11670,(#11675,#11682),.PCURVE_S1.);
#11670 = CIRCLE('',#11671,0.235);
#11671 = AXIS2_PLACEMENT_3D('',#11672,#11673,#11674);
#11672 = CARTESIAN_POINT('',(-1.6,-6.,0.17));
#11673 = DIRECTION('',(-2.449293598295E-16,-1.,0.));
#11674 = DIRECTION('',(1.,-2.449293598295E-16,0.));
#11675 = PCURVE('',#11642,#11676);
#11676 = DEFINITIONAL_REPRESENTATION('',(#11677),#11681);
#11677 = LINE('',#11678,#11679);
#11678 = CARTESIAN_POINT('',(6.28318530718,-6.28318530718));
#11679 = VECTOR('',#11680,1.);
#11680 = DIRECTION('',(0.,1.));
#11681 = ( GEOMETRIC_REPRESENTATION_CONTEXT(2) 
PARAMETRIC_REPRESENTATION_CONTEXT() REPRESENTATION_CONTEXT('2D SPACE',''
  ) );
#11682 = PCURVE('',#11642,#11683);
#11683 = DEFINITIONAL_REPRESENTATION('',(#11684),#11688);
#11684 = LINE('',#11685,#11686);
#11685 = CARTESIAN_POINT('',(0.,-6.28318530718));
#11686 = VECTOR('',#11687,1.);
#11687 = DIRECTION('',(0.,1.));
#11688 = ( GEOMETRIC_REPRESENTATION_CONTEXT(2) 
PARAMETRIC_REPRESENTATION_CONTEXT() REPRESENTATION_CONTEXT('2D SPACE',''
  ) );
#11689 = ORIENTED_EDGE('',*,*,#11690,.T.);
#11690 = EDGE_CURVE('',#11667,#11667,#11691,.T.);
#11691 = SURFACE_CURVE('',#11692,(#11697,#11704),.PCURVE_S1.);
#11692 = CIRCLE('',#11693,0.162249807396);
#11693 = AXIS2_PLACEMENT_3D('',#11694,#11695,#11696);
#11694 = CARTESIAN_POINT('',(-1.6,-6.,0.));
#11695 = DIRECTION('',(0.,0.,1.));
#11696 = DIRECTION('',(1.,0.,-0.));
#11697 = PCURVE('',#11642,#11698);
#11698 = DEFINITIONAL_REPRESENTATION('',(#11699),#11703);
#11699 = LINE('',#11700,#11701);
#11700 = CARTESIAN_POINT('',(0.,-0.80872033608));
#11701 = VECTOR('',#11702,1.);
#11702 = DIRECTION('',(1.,0.));
#11703 = ( GEOMETRIC_REPRESENTATION_CONTEXT(2) 
PARAMETRIC_REPRESENTATION_CONTEXT() REPRESENTATION_CONTEXT('2D SPACE',''
  ) );
#11704 = PCURVE('',#11705,#11710);
#11705 = PLANE('',#11706);
#11706 = AXIS2_PLACEMENT_3D('',#11707,#11708,#11709);
#11707 = CARTESIAN_POINT('',(-1.85,-6.25,0.));
#11708 = DIRECTION('',(0.,0.,1.));
#11709 = DIRECTION('',(1.,0.,0.));
#11710 = DEFINITIONAL_REPRESENTATION('',(#11711),#11715);
#11711 = CIRCLE('',#11712,0.162249807396);
#11712 = AXIS2_PLACEMENT_2D('',#11713,#11714);
#11713 = CARTESIAN_POINT('',(0.25,0.25));
#11714 = DIRECTION('',(1.,0.));
#11715 = ( GEOMETRIC_REPRESENTATION_CONTEXT(2) 
PARAMETRIC_REPRESENTATION_CONTEXT() REPRESENTATION_CONTEXT('2D SPACE',''
  ) );
#11716 = ORIENTED_EDGE('',*,*,#11666,.T.);
#11717 = ADVANCED_FACE('',(#11718),#11654,.T.);
#11718 = FACE_BOUND('',#11719,.T.);
#11719 = EDGE_LOOP('',(#11720));
#11720 = ORIENTED_EDGE('',*,*,#11632,.T.);
#11721 = ADVANCED_FACE('',(#11722),#11705,.F.);
#11722 = FACE_BOUND('',#11723,.F.);
#11723 = EDGE_LOOP('',(#11724));
#11724 = ORIENTED_EDGE('',*,*,#11690,.T.);
#11725 = ( GEOMETRIC_REPRESENTATION_CONTEXT(3) 
GLOBAL_UNCERTAINTY_ASSIGNED_CONTEXT((#11729)) 
GLOBAL_UNIT_ASSIGNED_CONTEXT((#11726,#11727,#11728)) 
REPRESENTATION_CONTEXT('Context #1',
  '3D Context with UNIT and UNCERTAINTY') );
#11726 = ( LENGTH_UNIT() NAMED_UNIT(*) SI_UNIT(.MILLI.,.METRE.) );
#11727 = ( NAMED_UNIT(*) PLANE_ANGLE_UNIT() SI_UNIT($,.RADIAN.) );
#11728 = ( NAMED_UNIT(*) SI_UNIT($,.STERADIAN.) SOLID_ANGLE_UNIT() );
#11729 = UNCERTAINTY_MEASURE_WITH_UNIT(LENGTH_MEASURE(1.E-07),#11726,
  'distance_accuracy_value','confusion accuracy');
#11730 = CONTEXT_DEPENDENT_SHAPE_REPRESENTATION(#11731,#11733);
#11731 = ( REPRESENTATION_RELATIONSHIP('','',#11625,#10) 
REPRESENTATION_RELATIONSHIP_WITH_TRANSFORMATION(#11732) 
SHAPE_REPRESENTATION_RELATIONSHIP() );
#11732 = ITEM_DEFINED_TRANSFORMATION('','',#11,#387);
#11733 = PRODUCT_DEFINITION_SHAPE('Placement','Placement of an item',
  #11734);
#11734 = NEXT_ASSEMBLY_USAGE_OCCURRENCE('138','Ball_T3','',#5,#11620,$);
#11735 = PRODUCT_RELATED_PRODUCT_CATEGORY('part',$,(#11622));
#11736 = SHAPE_DEFINITION_REPRESENTATION(#11737,#11743);
#11737 = PRODUCT_DEFINITION_SHAPE('','',#11738);
#11738 = PRODUCT_DEFINITION('design','',#11739,#11742);
#11739 = PRODUCT_DEFINITION_FORMATION('','',#11740);
#11740 = PRODUCT('Ball_T7','Ball_T7','',(#11741));
#11741 = PRODUCT_CONTEXT('',#2,'mechanical');
#11742 = PRODUCT_DEFINITION_CONTEXT('part definition',#2,'design');
#11743 = ADVANCED_BREP_SHAPE_REPRESENTATION('',(#11,#11744),#11843);
#11744 = MANIFOLD_SOLID_BREP('',#11745);
#11745 = CLOSED_SHELL('',(#11746,#11835,#11839));
#11746 = ADVANCED_FACE('',(#11747),#11760,.T.);
#11747 = FACE_BOUND('',#11748,.T.);
#11748 = EDGE_LOOP('',(#11749,#11783,#11807,#11834));
#11749 = ORIENTED_EDGE('',*,*,#11750,.F.);
#11750 = EDGE_CURVE('',#11751,#11751,#11753,.T.);
#11751 = VERTEX_POINT('',#11752);
#11752 = CARTESIAN_POINT('',(1.762249807396,-6.,0.34));
#11753 = SURFACE_CURVE('',#11754,(#11759,#11771),.PCURVE_S1.);
#11754 = CIRCLE('',#11755,0.162249807396);
#11755 = AXIS2_PLACEMENT_3D('',#11756,#11757,#11758);
#11756 = CARTESIAN_POINT('',(1.6,-6.,0.34));
#11757 = DIRECTION('',(0.,0.,1.));
#11758 = DIRECTION('',(1.,0.,-0.));
#11759 = PCURVE('',#11760,#11765);
#11760 = SPHERICAL_SURFACE('',#11761,0.235);
#11761 = AXIS2_PLACEMENT_3D('',#11762,#11763,#11764);
#11762 = CARTESIAN_POINT('',(1.6,-6.,0.17));
#11763 = DIRECTION('',(0.,0.,1.));
#11764 = DIRECTION('',(1.,0.,0.));
#11765 = DEFINITIONAL_REPRESENTATION('',(#11766),#11770);
#11766 = LINE('',#11767,#11768);
#11767 = CARTESIAN_POINT('',(0.,0.80872033608));
#11768 = VECTOR('',#11769,1.);
#11769 = DIRECTION('',(1.,0.));
#11770 = ( GEOMETRIC_REPRESENTATION_CONTEXT(2) 
PARAMETRIC_REPRESENTATION_CONTEXT() REPRESENTATION_CONTEXT('2D SPACE',''
  ) );
#11771 = PCURVE('',#11772,#11777);
#11772 = PLANE('',#11773);
#11773 = AXIS2_PLACEMENT_3D('',#11774,#11775,#11776);
#11774 = CARTESIAN_POINT('',(1.35,-6.25,0.34));
#11775 = DIRECTION('',(0.,0.,1.));
#11776 = DIRECTION('',(1.,0.,0.));
#11777 = DEFINITIONAL_REPRESENTATION('',(#11778),#11782);
#11778 = CIRCLE('',#11779,0.162249807396);
#11779 = AXIS2_PLACEMENT_2D('',#11780,#11781);
#11780 = CARTESIAN_POINT('',(0.25,0.25));
#11781 = DIRECTION('',(1.,0.));
#11782 = ( GEOMETRIC_REPRESENTATION_CONTEXT(2) 
PARAMETRIC_REPRESENTATION_CONTEXT() REPRESENTATION_CONTEXT('2D SPACE',''
  ) );
#11783 = ORIENTED_EDGE('',*,*,#11784,.F.);
#11784 = EDGE_CURVE('',#11785,#11751,#11787,.T.);
#11785 = VERTEX_POINT('',#11786);
#11786 = CARTESIAN_POINT('',(1.762249807396,-6.,-5.551115123126E-17));
#11787 = SEAM_CURVE('',#11788,(#11793,#11800),.PCURVE_S1.);
#11788 = CIRCLE('',#11789,0.235);
#11789 = AXIS2_PLACEMENT_3D('',#11790,#11791,#11792);
#11790 = CARTESIAN_POINT('',(1.6,-6.,0.17));
#11791 = DIRECTION('',(-2.449293598295E-16,-1.,0.));
#11792 = DIRECTION('',(1.,-2.449293598295E-16,0.));
#11793 = PCURVE('',#11760,#11794);
#11794 = DEFINITIONAL_REPRESENTATION('',(#11795),#11799);
#11795 = LINE('',#11796,#11797);
#11796 = CARTESIAN_POINT('',(6.28318530718,-6.28318530718));
#11797 = VECTOR('',#11798,1.);
#11798 = DIRECTION('',(0.,1.));
#11799 = ( GEOMETRIC_REPRESENTATION_CONTEXT(2) 
PARAMETRIC_REPRESENTATION_CONTEXT() REPRESENTATION_CONTEXT('2D SPACE',''
  ) );
#11800 = PCURVE('',#11760,#11801);
#11801 = DEFINITIONAL_REPRESENTATION('',(#11802),#11806);
#11802 = LINE('',#11803,#11804);
#11803 = CARTESIAN_POINT('',(0.,-6.28318530718));
#11804 = VECTOR('',#11805,1.);
#11805 = DIRECTION('',(0.,1.));
#11806 = ( GEOMETRIC_REPRESENTATION_CONTEXT(2) 
PARAMETRIC_REPRESENTATION_CONTEXT() REPRESENTATION_CONTEXT('2D SPACE',''
  ) );
#11807 = ORIENTED_EDGE('',*,*,#11808,.T.);
#11808 = EDGE_CURVE('',#11785,#11785,#11809,.T.);
#11809 = SURFACE_CURVE('',#11810,(#11815,#11822),.PCURVE_S1.);
#11810 = CIRCLE('',#11811,0.162249807396);
#11811 = AXIS2_PLACEMENT_3D('',#11812,#11813,#11814);
#11812 = CARTESIAN_POINT('',(1.6,-6.,0.));
#11813 = DIRECTION('',(0.,0.,1.));
#11814 = DIRECTION('',(1.,0.,-0.));
#11815 = PCURVE('',#11760,#11816);
#11816 = DEFINITIONAL_REPRESENTATION('',(#11817),#11821);
#11817 = LINE('',#11818,#11819);
#11818 = CARTESIAN_POINT('',(0.,-0.80872033608));
#11819 = VECTOR('',#11820,1.);
#11820 = DIRECTION('',(1.,0.));
#11821 = ( GEOMETRIC_REPRESENTATION_CONTEXT(2) 
PARAMETRIC_REPRESENTATION_CONTEXT() REPRESENTATION_CONTEXT('2D SPACE',''
  ) );
#11822 = PCURVE('',#11823,#11828);
#11823 = PLANE('',#11824);
#11824 = AXIS2_PLACEMENT_3D('',#11825,#11826,#11827);
#11825 = CARTESIAN_POINT('',(1.35,-6.25,0.));
#11826 = DIRECTION('',(0.,0.,1.));
#11827 = DIRECTION('',(1.,0.,0.));
#11828 = DEFINITIONAL_REPRESENTATION('',(#11829),#11833);
#11829 = CIRCLE('',#11830,0.162249807396);
#11830 = AXIS2_PLACEMENT_2D('',#11831,#11832);
#11831 = CARTESIAN_POINT('',(0.25,0.25));
#11832 = DIRECTION('',(1.,0.));
#11833 = ( GEOMETRIC_REPRESENTATION_CONTEXT(2) 
PARAMETRIC_REPRESENTATION_CONTEXT() REPRESENTATION_CONTEXT('2D SPACE',''
  ) );
#11834 = ORIENTED_EDGE('',*,*,#11784,.T.);
#11835 = ADVANCED_FACE('',(#11836),#11772,.T.);
#11836 = FACE_BOUND('',#11837,.T.);
#11837 = EDGE_LOOP('',(#11838));
#11838 = ORIENTED_EDGE('',*,*,#11750,.T.);
#11839 = ADVANCED_FACE('',(#11840),#11823,.F.);
#11840 = FACE_BOUND('',#11841,.F.);
#11841 = EDGE_LOOP('',(#11842));
#11842 = ORIENTED_EDGE('',*,*,#11808,.T.);
#11843 = ( GEOMETRIC_REPRESENTATION_CONTEXT(3) 
GLOBAL_UNCERTAINTY_ASSIGNED_CONTEXT((#11847)) 
GLOBAL_UNIT_ASSIGNED_CONTEXT((#11844,#11845,#11846)) 
REPRESENTATION_CONTEXT('Context #1',
  '3D Context with UNIT and UNCERTAINTY') );
#11844 = ( LENGTH_UNIT() NAMED_UNIT(*) SI_UNIT(.MILLI.,.METRE.) );
#11845 = ( NAMED_UNIT(*) PLANE_ANGLE_UNIT() SI_UNIT($,.RADIAN.) );
#11846 = ( NAMED_UNIT(*) SI_UNIT($,.STERADIAN.) SOLID_ANGLE_UNIT() );
#11847 = UNCERTAINTY_MEASURE_WITH_UNIT(LENGTH_MEASURE(1.E-07),#11844,
  'distance_accuracy_value','confusion accuracy');
#11848 = CONTEXT_DEPENDENT_SHAPE_REPRESENTATION(#11849,#11851);
#11849 = ( REPRESENTATION_RELATIONSHIP('','',#11743,#10) 
REPRESENTATION_RELATIONSHIP_WITH_TRANSFORMATION(#11850) 
SHAPE_REPRESENTATION_RELATIONSHIP() );
#11850 = ITEM_DEFINED_TRANSFORMATION('','',#11,#391);
#11851 = PRODUCT_DEFINITION_SHAPE('Placement','Placement of an item',
  #11852);
#11852 = NEXT_ASSEMBLY_USAGE_OCCURRENCE('139','Ball_T7','',#5,#11738,$);
#11853 = PRODUCT_RELATED_PRODUCT_CATEGORY('part',$,(#11740));
#11854 = SHAPE_DEFINITION_REPRESENTATION(#11855,#11861);
#11855 = PRODUCT_DEFINITION_SHAPE('','',#11856);
#11856 = PRODUCT_DEFINITION('design','',#11857,#11860);
#11857 = PRODUCT_DEFINITION_FORMATION('','',#11858);
#11858 = PRODUCT('Ball_T8','Ball_T8','',(#11859));
#11859 = PRODUCT_CONTEXT('',#2,'mechanical');
#11860 = PRODUCT_DEFINITION_CONTEXT('part definition',#2,'design');
#11861 = ADVANCED_BREP_SHAPE_REPRESENTATION('',(#11,#11862),#11961);
#11862 = MANIFOLD_SOLID_BREP('',#11863);
#11863 = CLOSED_SHELL('',(#11864,#11953,#11957));
#11864 = ADVANCED_FACE('',(#11865),#11878,.T.);
#11865 = FACE_BOUND('',#11866,.T.);
#11866 = EDGE_LOOP('',(#11867,#11901,#11925,#11952));
#11867 = ORIENTED_EDGE('',*,*,#11868,.F.);
#11868 = EDGE_CURVE('',#11869,#11869,#11871,.T.);
#11869 = VERTEX_POINT('',#11870);
#11870 = CARTESIAN_POINT('',(2.562249807396,-6.,0.34));
#11871 = SURFACE_CURVE('',#11872,(#11877,#11889),.PCURVE_S1.);
#11872 = CIRCLE('',#11873,0.162249807396);
#11873 = AXIS2_PLACEMENT_3D('',#11874,#11875,#11876);
#11874 = CARTESIAN_POINT('',(2.4,-6.,0.34));
#11875 = DIRECTION('',(0.,0.,1.));
#11876 = DIRECTION('',(1.,0.,-0.));
#11877 = PCURVE('',#11878,#11883);
#11878 = SPHERICAL_SURFACE('',#11879,0.235);
#11879 = AXIS2_PLACEMENT_3D('',#11880,#11881,#11882);
#11880 = CARTESIAN_POINT('',(2.4,-6.,0.17));
#11881 = DIRECTION('',(0.,0.,1.));
#11882 = DIRECTION('',(1.,0.,0.));
#11883 = DEFINITIONAL_REPRESENTATION('',(#11884),#11888);
#11884 = LINE('',#11885,#11886);
#11885 = CARTESIAN_POINT('',(0.,0.80872033608));
#11886 = VECTOR('',#11887,1.);
#11887 = DIRECTION('',(1.,0.));
#11888 = ( GEOMETRIC_REPRESENTATION_CONTEXT(2) 
PARAMETRIC_REPRESENTATION_CONTEXT() REPRESENTATION_CONTEXT('2D SPACE',''
  ) );
#11889 = PCURVE('',#11890,#11895);
#11890 = PLANE('',#11891);
#11891 = AXIS2_PLACEMENT_3D('',#11892,#11893,#11894);
#11892 = CARTESIAN_POINT('',(2.15,-6.25,0.34));
#11893 = DIRECTION('',(0.,0.,1.));
#11894 = DIRECTION('',(1.,0.,0.));
#11895 = DEFINITIONAL_REPRESENTATION('',(#11896),#11900);
#11896 = CIRCLE('',#11897,0.162249807396);
#11897 = AXIS2_PLACEMENT_2D('',#11898,#11899);
#11898 = CARTESIAN_POINT('',(0.25,0.25));
#11899 = DIRECTION('',(1.,0.));
#11900 = ( GEOMETRIC_REPRESENTATION_CONTEXT(2) 
PARAMETRIC_REPRESENTATION_CONTEXT() REPRESENTATION_CONTEXT('2D SPACE',''
  ) );
#11901 = ORIENTED_EDGE('',*,*,#11902,.F.);
#11902 = EDGE_CURVE('',#11903,#11869,#11905,.T.);
#11903 = VERTEX_POINT('',#11904);
#11904 = CARTESIAN_POINT('',(2.562249807396,-6.,-5.551115123126E-17));
#11905 = SEAM_CURVE('',#11906,(#11911,#11918),.PCURVE_S1.);
#11906 = CIRCLE('',#11907,0.235);
#11907 = AXIS2_PLACEMENT_3D('',#11908,#11909,#11910);
#11908 = CARTESIAN_POINT('',(2.4,-6.,0.17));
#11909 = DIRECTION('',(-2.449293598295E-16,-1.,0.));
#11910 = DIRECTION('',(1.,-2.449293598295E-16,0.));
#11911 = PCURVE('',#11878,#11912);
#11912 = DEFINITIONAL_REPRESENTATION('',(#11913),#11917);
#11913 = LINE('',#11914,#11915);
#11914 = CARTESIAN_POINT('',(6.28318530718,-6.28318530718));
#11915 = VECTOR('',#11916,1.);
#11916 = DIRECTION('',(0.,1.));
#11917 = ( GEOMETRIC_REPRESENTATION_CONTEXT(2) 
PARAMETRIC_REPRESENTATION_CONTEXT() REPRESENTATION_CONTEXT('2D SPACE',''
  ) );
#11918 = PCURVE('',#11878,#11919);
#11919 = DEFINITIONAL_REPRESENTATION('',(#11920),#11924);
#11920 = LINE('',#11921,#11922);
#11921 = CARTESIAN_POINT('',(0.,-6.28318530718));
#11922 = VECTOR('',#11923,1.);
#11923 = DIRECTION('',(0.,1.));
#11924 = ( GEOMETRIC_REPRESENTATION_CONTEXT(2) 
PARAMETRIC_REPRESENTATION_CONTEXT() REPRESENTATION_CONTEXT('2D SPACE',''
  ) );
#11925 = ORIENTED_EDGE('',*,*,#11926,.T.);
#11926 = EDGE_CURVE('',#11903,#11903,#11927,.T.);
#11927 = SURFACE_CURVE('',#11928,(#11933,#11940),.PCURVE_S1.);
#11928 = CIRCLE('',#11929,0.162249807396);
#11929 = AXIS2_PLACEMENT_3D('',#11930,#11931,#11932);
#11930 = CARTESIAN_POINT('',(2.4,-6.,0.));
#11931 = DIRECTION('',(0.,0.,1.));
#11932 = DIRECTION('',(1.,0.,-0.));
#11933 = PCURVE('',#11878,#11934);
#11934 = DEFINITIONAL_REPRESENTATION('',(#11935),#11939);
#11935 = LINE('',#11936,#11937);
#11936 = CARTESIAN_POINT('',(0.,-0.80872033608));
#11937 = VECTOR('',#11938,1.);
#11938 = DIRECTION('',(1.,0.));
#11939 = ( GEOMETRIC_REPRESENTATION_CONTEXT(2) 
PARAMETRIC_REPRESENTATION_CONTEXT() REPRESENTATION_CONTEXT('2D SPACE',''
  ) );
#11940 = PCURVE('',#11941,#11946);
#11941 = PLANE('',#11942);
#11942 = AXIS2_PLACEMENT_3D('',#11943,#11944,#11945);
#11943 = CARTESIAN_POINT('',(2.15,-6.25,0.));
#11944 = DIRECTION('',(0.,0.,1.));
#11945 = DIRECTION('',(1.,0.,0.));
#11946 = DEFINITIONAL_REPRESENTATION('',(#11947),#11951);
#11947 = CIRCLE('',#11948,0.162249807396);
#11948 = AXIS2_PLACEMENT_2D('',#11949,#11950);
#11949 = CARTESIAN_POINT('',(0.25,0.25));
#11950 = DIRECTION('',(1.,0.));
#11951 = ( GEOMETRIC_REPRESENTATION_CONTEXT(2) 
PARAMETRIC_REPRESENTATION_CONTEXT() REPRESENTATION_CONTEXT('2D SPACE',''
  ) );
#11952 = ORIENTED_EDGE('',*,*,#11902,.T.);
#11953 = ADVANCED_FACE('',(#11954),#11890,.T.);
#11954 = FACE_BOUND('',#11955,.T.);
#11955 = EDGE_LOOP('',(#11956));
#11956 = ORIENTED_EDGE('',*,*,#11868,.T.);
#11957 = ADVANCED_FACE('',(#11958),#11941,.F.);
#11958 = FACE_BOUND('',#11959,.F.);
#11959 = EDGE_LOOP('',(#11960));
#11960 = ORIENTED_EDGE('',*,*,#11926,.T.);
#11961 = ( GEOMETRIC_REPRESENTATION_CONTEXT(3) 
GLOBAL_UNCERTAINTY_ASSIGNED_CONTEXT((#11965)) 
GLOBAL_UNIT_ASSIGNED_CONTEXT((#11962,#11963,#11964)) 
REPRESENTATION_CONTEXT('Context #1',
  '3D Context with UNIT and UNCERTAINTY') );
#11962 = ( LENGTH_UNIT() NAMED_UNIT(*) SI_UNIT(.MILLI.,.METRE.) );
#11963 = ( NAMED_UNIT(*) PLANE_ANGLE_UNIT() SI_UNIT($,.RADIAN.) );
#11964 = ( NAMED_UNIT(*) SI_UNIT($,.STERADIAN.) SOLID_ANGLE_UNIT() );
#11965 = UNCERTAINTY_MEASURE_WITH_UNIT(LENGTH_MEASURE(1.E-07),#11962,
  'distance_accuracy_value','confusion accuracy');
#11966 = CONTEXT_DEPENDENT_SHAPE_REPRESENTATION(#11967,#11969);
#11967 = ( REPRESENTATION_RELATIONSHIP('','',#11861,#10) 
REPRESENTATION_RELATIONSHIP_WITH_TRANSFORMATION(#11968) 
SHAPE_REPRESENTATION_RELATIONSHIP() );
#11968 = ITEM_DEFINED_TRANSFORMATION('','',#11,#395);
#11969 = PRODUCT_DEFINITION_SHAPE('Placement','Placement of an item',
  #11970);
#11970 = NEXT_ASSEMBLY_USAGE_OCCURRENCE('140','Ball_T8','',#5,#11856,$);
#11971 = PRODUCT_RELATED_PRODUCT_CATEGORY('part',$,(#11858));
#11972 = SHAPE_DEFINITION_REPRESENTATION(#11973,#11979);
#11973 = PRODUCT_DEFINITION_SHAPE('','',#11974);
#11974 = PRODUCT_DEFINITION('design','',#11975,#11978);
#11975 = PRODUCT_DEFINITION_FORMATION('','',#11976);
#11976 = PRODUCT('Ball_T9','Ball_T9','',(#11977));
#11977 = PRODUCT_CONTEXT('',#2,'mechanical');
#11978 = PRODUCT_DEFINITION_CONTEXT('part definition',#2,'design');
#11979 = ADVANCED_BREP_SHAPE_REPRESENTATION('',(#11,#11980),#12079);
#11980 = MANIFOLD_SOLID_BREP('',#11981);
#11981 = CLOSED_SHELL('',(#11982,#12071,#12075));
#11982 = ADVANCED_FACE('',(#11983),#11996,.T.);
#11983 = FACE_BOUND('',#11984,.T.);
#11984 = EDGE_LOOP('',(#11985,#12019,#12043,#12070));
#11985 = ORIENTED_EDGE('',*,*,#11986,.F.);
#11986 = EDGE_CURVE('',#11987,#11987,#11989,.T.);
#11987 = VERTEX_POINT('',#11988);
#11988 = CARTESIAN_POINT('',(3.362249807396,-6.,0.34));
#11989 = SURFACE_CURVE('',#11990,(#11995,#12007),.PCURVE_S1.);
#11990 = CIRCLE('',#11991,0.162249807396);
#11991 = AXIS2_PLACEMENT_3D('',#11992,#11993,#11994);
#11992 = CARTESIAN_POINT('',(3.2,-6.,0.34));
#11993 = DIRECTION('',(0.,0.,1.));
#11994 = DIRECTION('',(1.,0.,-0.));
#11995 = PCURVE('',#11996,#12001);
#11996 = SPHERICAL_SURFACE('',#11997,0.235);
#11997 = AXIS2_PLACEMENT_3D('',#11998,#11999,#12000);
#11998 = CARTESIAN_POINT('',(3.2,-6.,0.17));
#11999 = DIRECTION('',(0.,0.,1.));
#12000 = DIRECTION('',(1.,0.,0.));
#12001 = DEFINITIONAL_REPRESENTATION('',(#12002),#12006);
#12002 = LINE('',#12003,#12004);
#12003 = CARTESIAN_POINT('',(0.,0.80872033608));
#12004 = VECTOR('',#12005,1.);
#12005 = DIRECTION('',(1.,0.));
#12006 = ( GEOMETRIC_REPRESENTATION_CONTEXT(2) 
PARAMETRIC_REPRESENTATION_CONTEXT() REPRESENTATION_CONTEXT('2D SPACE',''
  ) );
#12007 = PCURVE('',#12008,#12013);
#12008 = PLANE('',#12009);
#12009 = AXIS2_PLACEMENT_3D('',#12010,#12011,#12012);
#12010 = CARTESIAN_POINT('',(2.95,-6.25,0.34));
#12011 = DIRECTION('',(0.,0.,1.));
#12012 = DIRECTION('',(1.,0.,0.));
#12013 = DEFINITIONAL_REPRESENTATION('',(#12014),#12018);
#12014 = CIRCLE('',#12015,0.162249807396);
#12015 = AXIS2_PLACEMENT_2D('',#12016,#12017);
#12016 = CARTESIAN_POINT('',(0.25,0.25));
#12017 = DIRECTION('',(1.,0.));
#12018 = ( GEOMETRIC_REPRESENTATION_CONTEXT(2) 
PARAMETRIC_REPRESENTATION_CONTEXT() REPRESENTATION_CONTEXT('2D SPACE',''
  ) );
#12019 = ORIENTED_EDGE('',*,*,#12020,.F.);
#12020 = EDGE_CURVE('',#12021,#11987,#12023,.T.);
#12021 = VERTEX_POINT('',#12022);
#12022 = CARTESIAN_POINT('',(3.362249807396,-6.,-5.551115123126E-17));
#12023 = SEAM_CURVE('',#12024,(#12029,#12036),.PCURVE_S1.);
#12024 = CIRCLE('',#12025,0.235);
#12025 = AXIS2_PLACEMENT_3D('',#12026,#12027,#12028);
#12026 = CARTESIAN_POINT('',(3.2,-6.,0.17));
#12027 = DIRECTION('',(-2.449293598295E-16,-1.,0.));
#12028 = DIRECTION('',(1.,-2.449293598295E-16,0.));
#12029 = PCURVE('',#11996,#12030);
#12030 = DEFINITIONAL_REPRESENTATION('',(#12031),#12035);
#12031 = LINE('',#12032,#12033);
#12032 = CARTESIAN_POINT('',(6.28318530718,-6.28318530718));
#12033 = VECTOR('',#12034,1.);
#12034 = DIRECTION('',(0.,1.));
#12035 = ( GEOMETRIC_REPRESENTATION_CONTEXT(2) 
PARAMETRIC_REPRESENTATION_CONTEXT() REPRESENTATION_CONTEXT('2D SPACE',''
  ) );
#12036 = PCURVE('',#11996,#12037);
#12037 = DEFINITIONAL_REPRESENTATION('',(#12038),#12042);
#12038 = LINE('',#12039,#12040);
#12039 = CARTESIAN_POINT('',(0.,-6.28318530718));
#12040 = VECTOR('',#12041,1.);
#12041 = DIRECTION('',(0.,1.));
#12042 = ( GEOMETRIC_REPRESENTATION_CONTEXT(2) 
PARAMETRIC_REPRESENTATION_CONTEXT() REPRESENTATION_CONTEXT('2D SPACE',''
  ) );
#12043 = ORIENTED_EDGE('',*,*,#12044,.T.);
#12044 = EDGE_CURVE('',#12021,#12021,#12045,.T.);
#12045 = SURFACE_CURVE('',#12046,(#12051,#12058),.PCURVE_S1.);
#12046 = CIRCLE('',#12047,0.162249807396);
#12047 = AXIS2_PLACEMENT_3D('',#12048,#12049,#12050);
#12048 = CARTESIAN_POINT('',(3.2,-6.,0.));
#12049 = DIRECTION('',(0.,0.,1.));
#12050 = DIRECTION('',(1.,0.,-0.));
#12051 = PCURVE('',#11996,#12052);
#12052 = DEFINITIONAL_REPRESENTATION('',(#12053),#12057);
#12053 = LINE('',#12054,#12055);
#12054 = CARTESIAN_POINT('',(0.,-0.80872033608));
#12055 = VECTOR('',#12056,1.);
#12056 = DIRECTION('',(1.,0.));
#12057 = ( GEOMETRIC_REPRESENTATION_CONTEXT(2) 
PARAMETRIC_REPRESENTATION_CONTEXT() REPRESENTATION_CONTEXT('2D SPACE',''
  ) );
#12058 = PCURVE('',#12059,#12064);
#12059 = PLANE('',#12060);
#12060 = AXIS2_PLACEMENT_3D('',#12061,#12062,#12063);
#12061 = CARTESIAN_POINT('',(2.95,-6.25,0.));
#12062 = DIRECTION('',(0.,0.,1.));
#12063 = DIRECTION('',(1.,0.,0.));
#12064 = DEFINITIONAL_REPRESENTATION('',(#12065),#12069);
#12065 = CIRCLE('',#12066,0.162249807396);
#12066 = AXIS2_PLACEMENT_2D('',#12067,#12068);
#12067 = CARTESIAN_POINT('',(0.25,0.25));
#12068 = DIRECTION('',(1.,0.));
#12069 = ( GEOMETRIC_REPRESENTATION_CONTEXT(2) 
PARAMETRIC_REPRESENTATION_CONTEXT() REPRESENTATION_CONTEXT('2D SPACE',''
  ) );
#12070 = ORIENTED_EDGE('',*,*,#12020,.T.);
#12071 = ADVANCED_FACE('',(#12072),#12008,.T.);
#12072 = FACE_BOUND('',#12073,.T.);
#12073 = EDGE_LOOP('',(#12074));
#12074 = ORIENTED_EDGE('',*,*,#11986,.T.);
#12075 = ADVANCED_FACE('',(#12076),#12059,.F.);
#12076 = FACE_BOUND('',#12077,.F.);
#12077 = EDGE_LOOP('',(#12078));
#12078 = ORIENTED_EDGE('',*,*,#12044,.T.);
#12079 = ( GEOMETRIC_REPRESENTATION_CONTEXT(3) 
GLOBAL_UNCERTAINTY_ASSIGNED_CONTEXT((#12083)) 
GLOBAL_UNIT_ASSIGNED_CONTEXT((#12080,#12081,#12082)) 
REPRESENTATION_CONTEXT('Context #1',
  '3D Context with UNIT and UNCERTAINTY') );
#12080 = ( LENGTH_UNIT() NAMED_UNIT(*) SI_UNIT(.MILLI.,.METRE.) );
#12081 = ( NAMED_UNIT(*) PLANE_ANGLE_UNIT() SI_UNIT($,.RADIAN.) );
#12082 = ( NAMED_UNIT(*) SI_UNIT($,.STERADIAN.) SOLID_ANGLE_UNIT() );
#12083 = UNCERTAINTY_MEASURE_WITH_UNIT(LENGTH_MEASURE(1.E-07),#12080,
  'distance_accuracy_value','confusion accuracy');
#12084 = CONTEXT_DEPENDENT_SHAPE_REPRESENTATION(#12085,#12087);
#12085 = ( REPRESENTATION_RELATIONSHIP('','',#11979,#10) 
REPRESENTATION_RELATIONSHIP_WITH_TRANSFORMATION(#12086) 
SHAPE_REPRESENTATION_RELATIONSHIP() );
#12086 = ITEM_DEFINED_TRANSFORMATION('','',#11,#399);
#12087 = PRODUCT_DEFINITION_SHAPE('Placement','Placement of an item',
  #12088);
#12088 = NEXT_ASSEMBLY_USAGE_OCCURRENCE('141','Ball_T9','',#5,#11974,$);
#12089 = PRODUCT_RELATED_PRODUCT_CATEGORY('part',$,(#11976));
#12090 = SHAPE_DEFINITION_REPRESENTATION(#12091,#12097);
#12091 = PRODUCT_DEFINITION_SHAPE('','',#12092);
#12092 = PRODUCT_DEFINITION('design','',#12093,#12096);
#12093 = PRODUCT_DEFINITION_FORMATION('','',#12094);
#12094 = PRODUCT('A1_marker','A1_marker','',(#12095));
#12095 = PRODUCT_CONTEXT('',#2,'mechanical');
#12096 = PRODUCT_DEFINITION_CONTEXT('part definition',#2,'design');
#12097 = ADVANCED_BREP_SHAPE_REPRESENTATION('',(#11,#12098),#12196);
#12098 = MANIFOLD_SOLID_BREP('',#12099);
#12099 = CLOSED_SHELL('',(#12100,#12188,#12192));
#12100 = ADVANCED_FACE('',(#12101),#12115,.T.);
#12101 = FACE_BOUND('',#12102,.F.);
#12102 = EDGE_LOOP('',(#12103,#12133,#12160,#12161));
#12103 = ORIENTED_EDGE('',*,*,#12104,.T.);
#12104 = EDGE_CURVE('',#12105,#12107,#12109,.T.);
#12105 = VERTEX_POINT('',#12106);
#12106 = CARTESIAN_POINT('',(-3.15,6.3,1.098));
#12107 = VERTEX_POINT('',#12108);
#12108 = CARTESIAN_POINT('',(-3.15,6.3,1.1));
#12109 = SEAM_CURVE('',#12110,(#12114,#12126),.PCURVE_S1.);
#12110 = LINE('',#12111,#12112);
#12111 = CARTESIAN_POINT('',(-3.15,6.3,1.098));
#12112 = VECTOR('',#12113,1.);
#12113 = DIRECTION('',(0.,0.,1.));
#12114 = PCURVE('',#12115,#12120);
#12115 = CYLINDRICAL_SURFACE('',#12116,0.15);
#12116 = AXIS2_PLACEMENT_3D('',#12117,#12118,#12119);
#12117 = CARTESIAN_POINT('',(-3.3,6.3,1.098));
#12118 = DIRECTION('',(-0.,-0.,-1.));
#12119 = DIRECTION('',(1.,0.,0.));
#12120 = DEFINITIONAL_REPRESENTATION('',(#12121),#12125);
#12121 = LINE('',#12122,#12123);
#12122 = CARTESIAN_POINT('',(-0.,0.));
#12123 = VECTOR('',#12124,1.);
#12124 = DIRECTION('',(-0.,-1.));
#12125 = ( GEOMETRIC_REPRESENTATION_CONTEXT(2) 
PARAMETRIC_REPRESENTATION_CONTEXT() REPRESENTATION_CONTEXT('2D SPACE',''
  ) );
#12126 = PCURVE('',#12115,#12127);
#12127 = DEFINITIONAL_REPRESENTATION('',(#12128),#12132);
#12128 = LINE('',#12129,#12130);
#12129 = CARTESIAN_POINT('',(-6.28318530718,0.));
#12130 = VECTOR('',#12131,1.);
#12131 = DIRECTION('',(-0.,-1.));
#12132 = ( GEOMETRIC_REPRESENTATION_CONTEXT(2) 
PARAMETRIC_REPRESENTATION_CONTEXT() REPRESENTATION_CONTEXT('2D SPACE',''
  ) );
#12133 = ORIENTED_EDGE('',*,*,#12134,.T.);
#12134 = EDGE_CURVE('',#12107,#12107,#12135,.T.);
#12135 = SURFACE_CURVE('',#12136,(#12141,#12148),.PCURVE_S1.);
#12136 = CIRCLE('',#12137,0.15);
#12137 = AXIS2_PLACEMENT_3D('',#12138,#12139,#12140);
#12138 = CARTESIAN_POINT('',(-3.3,6.3,1.1));
#12139 = DIRECTION('',(0.,0.,1.));
#12140 = DIRECTION('',(1.,0.,0.));
#12141 = PCURVE('',#12115,#12142);
#12142 = DEFINITIONAL_REPRESENTATION('',(#12143),#12147);
#12143 = LINE('',#12144,#12145);
#12144 = CARTESIAN_POINT('',(-0.,-2.E-03));
#12145 = VECTOR('',#12146,1.);
#12146 = DIRECTION('',(-1.,0.));
#12147 = ( GEOMETRIC_REPRESENTATION_CONTEXT(2) 
PARAMETRIC_REPRESENTATION_CONTEXT() REPRESENTATION_CONTEXT('2D SPACE',''
  ) );
#12148 = PCURVE('',#12149,#12154);
#12149 = PLANE('',#12150);
#12150 = AXIS2_PLACEMENT_3D('',#12151,#12152,#12153);
#12151 = CARTESIAN_POINT('',(-3.3,6.3,1.1));
#12152 = DIRECTION('',(0.,0.,1.));
#12153 = DIRECTION('',(1.,0.,-0.));
#12154 = DEFINITIONAL_REPRESENTATION('',(#12155),#12159);
#12155 = CIRCLE('',#12156,0.15);
#12156 = AXIS2_PLACEMENT_2D('',#12157,#12158);
#12157 = CARTESIAN_POINT('',(4.440892098501E-16,-8.881784197001E-16));
#12158 = DIRECTION('',(1.,0.));
#12159 = ( GEOMETRIC_REPRESENTATION_CONTEXT(2) 
PARAMETRIC_REPRESENTATION_CONTEXT() REPRESENTATION_CONTEXT('2D SPACE',''
  ) );
#12160 = ORIENTED_EDGE('',*,*,#12104,.F.);
#12161 = ORIENTED_EDGE('',*,*,#12162,.F.);
#12162 = EDGE_CURVE('',#12105,#12105,#12163,.T.);
#12163 = SURFACE_CURVE('',#12164,(#12169,#12176),.PCURVE_S1.);
#12164 = CIRCLE('',#12165,0.15);
#12165 = AXIS2_PLACEMENT_3D('',#12166,#12167,#12168);
#12166 = CARTESIAN_POINT('',(-3.3,6.3,1.098));
#12167 = DIRECTION('',(0.,0.,1.));
#12168 = DIRECTION('',(1.,0.,0.));
#12169 = PCURVE('',#12115,#12170);
#12170 = DEFINITIONAL_REPRESENTATION('',(#12171),#12175);
#12171 = LINE('',#12172,#12173);
#12172 = CARTESIAN_POINT('',(-0.,0.));
#12173 = VECTOR('',#12174,1.);
#12174 = DIRECTION('',(-1.,0.));
#12175 = ( GEOMETRIC_REPRESENTATION_CONTEXT(2) 
PARAMETRIC_REPRESENTATION_CONTEXT() REPRESENTATION_CONTEXT('2D SPACE',''
  ) );
#12176 = PCURVE('',#12177,#12182);
#12177 = PLANE('',#12178);
#12178 = AXIS2_PLACEMENT_3D('',#12179,#12180,#12181);
#12179 = CARTESIAN_POINT('',(-3.3,6.3,1.098));
#12180 = DIRECTION('',(0.,0.,1.));
#12181 = DIRECTION('',(1.,0.,-0.));
#12182 = DEFINITIONAL_REPRESENTATION('',(#12183),#12187);
#12183 = CIRCLE('',#12184,0.15);
#12184 = AXIS2_PLACEMENT_2D('',#12185,#12186);
#12185 = CARTESIAN_POINT('',(4.440892098501E-16,-8.881784197001E-16));
#12186 = DIRECTION('',(1.,0.));
#12187 = ( GEOMETRIC_REPRESENTATION_CONTEXT(2) 
PARAMETRIC_REPRESENTATION_CONTEXT() REPRESENTATION_CONTEXT('2D SPACE',''
  ) );
#12188 = ADVANCED_FACE('',(#12189),#12177,.F.);
#12189 = FACE_BOUND('',#12190,.F.);
#12190 = EDGE_LOOP('',(#12191));
#12191 = ORIENTED_EDGE('',*,*,#12162,.T.);
#12192 = ADVANCED_FACE('',(#12193),#12149,.T.);
#12193 = FACE_BOUND('',#12194,.T.);
#12194 = EDGE_LOOP('',(#12195));
#12195 = ORIENTED_EDGE('',*,*,#12134,.T.);
#12196 = ( GEOMETRIC_REPRESENTATION_CONTEXT(3) 
GLOBAL_UNCERTAINTY_ASSIGNED_CONTEXT((#12200)) 
GLOBAL_UNIT_ASSIGNED_CONTEXT((#12197,#12198,#12199)) 
REPRESENTATION_CONTEXT('Context #1',
  '3D Context with UNIT and UNCERTAINTY') );
#12197 = ( LENGTH_UNIT() NAMED_UNIT(*) SI_UNIT(.MILLI.,.METRE.) );
#12198 = ( NAMED_UNIT(*) PLANE_ANGLE_UNIT() SI_UNIT($,.RADIAN.) );
#12199 = ( NAMED_UNIT(*) SI_UNIT($,.STERADIAN.) SOLID_ANGLE_UNIT() );
#12200 = UNCERTAINTY_MEASURE_WITH_UNIT(LENGTH_MEASURE(1.E-07),#12197,
  'distance_accuracy_value','confusion accuracy');
#12201 = CONTEXT_DEPENDENT_SHAPE_REPRESENTATION(#12202,#12204);
#12202 = ( REPRESENTATION_RELATIONSHIP('','',#12097,#10) 
REPRESENTATION_RELATIONSHIP_WITH_TRANSFORMATION(#12203) 
SHAPE_REPRESENTATION_RELATIONSHIP() );
#12203 = ITEM_DEFINED_TRANSFORMATION('','',#11,#403);
#12204 = PRODUCT_DEFINITION_SHAPE('Placement','Placement of an item',
  #12205);
#12205 = NEXT_ASSEMBLY_USAGE_OCCURRENCE('142','A1_marker','',#5,#12092,$
  );
#12206 = PRODUCT_RELATED_PRODUCT_CATEGORY('part',$,(#12094));
#12207 = MECHANICAL_DESIGN_GEOMETRIC_PRESENTATION_REPRESENTATION('',(
    #12208),#1577);
#12208 = STYLED_ITEM('color',(#12209),#1478);
#12209 = PRESENTATION_STYLE_ASSIGNMENT((#12210));
#12210 = SURFACE_STYLE_USAGE(.BOTH.,#12211);
#12211 = SURFACE_SIDE_STYLE('',(#12212));
#12212 = SURFACE_STYLE_FILL_AREA(#12213);
#12213 = FILL_AREA_STYLE('',(#12214));
#12214 = FILL_AREA_STYLE_COLOUR('',#12215);
#12215 = COLOUR_RGB('',0.700000005816,0.720000003324,0.740000011925);
#12216 = MECHANICAL_DESIGN_GEOMETRIC_PRESENTATION_REPRESENTATION('',(
    #12217),#10781);
#12217 = STYLED_ITEM('color',(#12218),#10682);
#12218 = PRESENTATION_STYLE_ASSIGNMENT((#12219));
#12219 = SURFACE_STYLE_USAGE(.BOTH.,#12220);
#12220 = SURFACE_SIDE_STYLE('',(#12221));
#12221 = SURFACE_STYLE_FILL_AREA(#12222);
#12222 = FILL_AREA_STYLE('',(#12223));
#12223 = FILL_AREA_STYLE_COLOUR('',#12215);
#12224 = MECHANICAL_DESIGN_GEOMETRIC_PRESENTATION_REPRESENTATION('',(
    #12225),#3937);
#12225 = STYLED_ITEM('color',(#12226),#3838);
#12226 = PRESENTATION_STYLE_ASSIGNMENT((#12227));
#12227 = SURFACE_STYLE_USAGE(.BOTH.,#12228);
#12228 = SURFACE_SIDE_STYLE('',(#12229));
#12229 = SURFACE_STYLE_FILL_AREA(#12230);
#12230 = FILL_AREA_STYLE('',(#12231));
#12231 = FILL_AREA_STYLE_COLOUR('',#12215);
#12232 = MECHANICAL_DESIGN_GEOMETRIC_PRESENTATION_REPRESENTATION('',(
    #12233),#2049);
#12233 = STYLED_ITEM('color',(#12234),#1950);
#12234 = PRESENTATION_STYLE_ASSIGNMENT((#12235));
#12235 = SURFACE_STYLE_USAGE(.BOTH.,#12236);
#12236 = SURFACE_SIDE_STYLE('',(#12237));
#12237 = SURFACE_STYLE_FILL_AREA(#12238);
#12238 = FILL_AREA_STYLE('',(#12239));
#12239 = FILL_AREA_STYLE_COLOUR('',#12215);
#12240 = MECHANICAL_DESIGN_GEOMETRIC_PRESENTATION_REPRESENTATION('',(
    #12241),#6533);
#12241 = STYLED_ITEM('color',(#12242),#6434);
#12242 = PRESENTATION_STYLE_ASSIGNMENT((#12243));
#12243 = SURFACE_STYLE_USAGE(.BOTH.,#12244);
#12244 = SURFACE_SIDE_STYLE('',(#12245));
#12245 = SURFACE_STYLE_FILL_AREA(#12246);
#12246 = FILL_AREA_STYLE('',(#12247));
#12247 = FILL_AREA_STYLE_COLOUR('',#12215);
#12248 = MECHANICAL_DESIGN_GEOMETRIC_PRESENTATION_REPRESENTATION('',(
    #12249),#3819);
#12249 = STYLED_ITEM('color',(#12250),#3720);
#12250 = PRESENTATION_STYLE_ASSIGNMENT((#12251));
#12251 = SURFACE_STYLE_USAGE(.BOTH.,#12252);
#12252 = SURFACE_SIDE_STYLE('',(#12253));
#12253 = SURFACE_STYLE_FILL_AREA(#12254);
#12254 = FILL_AREA_STYLE('',(#12255));
#12255 = FILL_AREA_STYLE_COLOUR('',#12215);
#12256 = MECHANICAL_DESIGN_GEOMETRIC_PRESENTATION_REPRESENTATION('',(
    #12257),#7359);
#12257 = STYLED_ITEM('color',(#12258),#7260);
#12258 = PRESENTATION_STYLE_ASSIGNMENT((#12259));
#12259 = SURFACE_STYLE_USAGE(.BOTH.,#12260);
#12260 = SURFACE_SIDE_STYLE('',(#12261));
#12261 = SURFACE_STYLE_FILL_AREA(#12262);
#12262 = FILL_AREA_STYLE('',(#12263));
#12263 = FILL_AREA_STYLE_COLOUR('',#12215);
#12264 = MECHANICAL_DESIGN_GEOMETRIC_PRESENTATION_REPRESENTATION('',(
    #12265),#6651);
#12265 = STYLED_ITEM('color',(#12266),#6552);
#12266 = PRESENTATION_STYLE_ASSIGNMENT((#12267));
#12267 = SURFACE_STYLE_USAGE(.BOTH.,#12268);
#12268 = SURFACE_SIDE_STYLE('',(#12269));
#12269 = SURFACE_STYLE_FILL_AREA(#12270);
#12270 = FILL_AREA_STYLE('',(#12271));
#12271 = FILL_AREA_STYLE_COLOUR('',#12215);
#12272 = MECHANICAL_DESIGN_GEOMETRIC_PRESENTATION_REPRESENTATION('',(
    #12273),#9365);
#12273 = STYLED_ITEM('color',(#12274),#9266);
#12274 = PRESENTATION_STYLE_ASSIGNMENT((#12275));
#12275 = SURFACE_STYLE_USAGE(.BOTH.,#12276);
#12276 = SURFACE_SIDE_STYLE('',(#12277));
#12277 = SURFACE_STYLE_FILL_AREA(#12278);
#12278 = FILL_AREA_STYLE('',(#12279));
#12279 = FILL_AREA_STYLE_COLOUR('',#12215);
#12280 = MECHANICAL_DESIGN_GEOMETRIC_PRESENTATION_REPRESENTATION('',(
    #12281),#9247);
#12281 = STYLED_ITEM('color',(#12282),#9148);
#12282 = PRESENTATION_STYLE_ASSIGNMENT((#12283));
#12283 = SURFACE_STYLE_USAGE(.BOTH.,#12284);
#12284 = SURFACE_SIDE_STYLE('',(#12285));
#12285 = SURFACE_STYLE_FILL_AREA(#12286);
#12286 = FILL_AREA_STYLE('',(#12287));
#12287 = FILL_AREA_STYLE_COLOUR('',#12215);
#12288 = MECHANICAL_DESIGN_GEOMETRIC_PRESENTATION_REPRESENTATION('',(
    #12289),#5825);
#12289 = STYLED_ITEM('color',(#12290),#5726);
#12290 = PRESENTATION_STYLE_ASSIGNMENT((#12291));
#12291 = SURFACE_STYLE_USAGE(.BOTH.,#12292);
#12292 = SURFACE_SIDE_STYLE('',(#12293));
#12293 = SURFACE_STYLE_FILL_AREA(#12294);
#12294 = FILL_AREA_STYLE('',(#12295));
#12295 = FILL_AREA_STYLE_COLOUR('',#12215);
#12296 = MECHANICAL_DESIGN_GEOMETRIC_PRESENTATION_REPRESENTATION('',(
    #12297),#8657);
#12297 = STYLED_ITEM('color',(#12298),#8558);
#12298 = PRESENTATION_STYLE_ASSIGNMENT((#12299));
#12299 = SURFACE_STYLE_USAGE(.BOTH.,#12300);
#12300 = SURFACE_SIDE_STYLE('',(#12301));
#12301 = SURFACE_STYLE_FILL_AREA(#12302);
#12302 = FILL_AREA_STYLE('',(#12303));
#12303 = FILL_AREA_STYLE_COLOUR('',#12215);
#12304 = MECHANICAL_DESIGN_GEOMETRIC_PRESENTATION_REPRESENTATION('',(
    #12305),#1459);
#12305 = STYLED_ITEM('color',(#12306),#1360);
#12306 = PRESENTATION_STYLE_ASSIGNMENT((#12307));
#12307 = SURFACE_STYLE_USAGE(.BOTH.,#12308);
#12308 = SURFACE_SIDE_STYLE('',(#12309));
#12309 = SURFACE_STYLE_FILL_AREA(#12310);
#12310 = FILL_AREA_STYLE('',(#12311));
#12311 = FILL_AREA_STYLE_COLOUR('',#12215);
#12312 = MECHANICAL_DESIGN_GEOMETRIC_PRESENTATION_REPRESENTATION('',(
    #12313),#4645);
#12313 = STYLED_ITEM('color',(#12314),#4546);
#12314 = PRESENTATION_STYLE_ASSIGNMENT((#12315));
#12315 = SURFACE_STYLE_USAGE(.BOTH.,#12316);
#12316 = SURFACE_SIDE_STYLE('',(#12317));
#12317 = SURFACE_STYLE_FILL_AREA(#12318);
#12318 = FILL_AREA_STYLE('',(#12319));
#12319 = FILL_AREA_STYLE_COLOUR('',#12215);
#12320 = MECHANICAL_DESIGN_GEOMETRIC_PRESENTATION_REPRESENTATION('',(
    #12321),#5117);
#12321 = STYLED_ITEM('color',(#12322),#5018);
#12322 = PRESENTATION_STYLE_ASSIGNMENT((#12323));
#12323 = SURFACE_STYLE_USAGE(.BOTH.,#12324);
#12324 = SURFACE_SIDE_STYLE('',(#12325));
#12325 = SURFACE_STYLE_FILL_AREA(#12326);
#12326 = FILL_AREA_STYLE('',(#12327));
#12327 = FILL_AREA_STYLE_COLOUR('',#12215);
#12328 = MECHANICAL_DESIGN_GEOMETRIC_PRESENTATION_REPRESENTATION('',(
    #12329),#3701);
#12329 = STYLED_ITEM('color',(#12330),#3602);
#12330 = PRESENTATION_STYLE_ASSIGNMENT((#12331));
#12331 = SURFACE_STYLE_USAGE(.BOTH.,#12332);
#12332 = SURFACE_SIDE_STYLE('',(#12333));
#12333 = SURFACE_STYLE_FILL_AREA(#12334);
#12334 = FILL_AREA_STYLE('',(#12335));
#12335 = FILL_AREA_STYLE_COLOUR('',#12215);
#12336 = MECHANICAL_DESIGN_GEOMETRIC_PRESENTATION_REPRESENTATION('',(
    #12337),#9129);
#12337 = STYLED_ITEM('color',(#12338),#9030);
#12338 = PRESENTATION_STYLE_ASSIGNMENT((#12339));
#12339 = SURFACE_STYLE_USAGE(.BOTH.,#12340);
#12340 = SURFACE_SIDE_STYLE('',(#12341));
#12341 = SURFACE_STYLE_FILL_AREA(#12342);
#12342 = FILL_AREA_STYLE('',(#12343));
#12343 = FILL_AREA_STYLE_COLOUR('',#12215);
#12344 = MECHANICAL_DESIGN_GEOMETRIC_PRESENTATION_REPRESENTATION('',(
    #12345),#4881);
#12345 = STYLED_ITEM('color',(#12346),#4782);
#12346 = PRESENTATION_STYLE_ASSIGNMENT((#12347));
#12347 = SURFACE_STYLE_USAGE(.BOTH.,#12348);
#12348 = SURFACE_SIDE_STYLE('',(#12349));
#12349 = SURFACE_STYLE_FILL_AREA(#12350);
#12350 = FILL_AREA_STYLE('',(#12351));
#12351 = FILL_AREA_STYLE_COLOUR('',#12215);
#12352 = MECHANICAL_DESIGN_GEOMETRIC_PRESENTATION_REPRESENTATION('',(
    #12353),#9483);
#12353 = STYLED_ITEM('color',(#12354),#9384);
#12354 = PRESENTATION_STYLE_ASSIGNMENT((#12355));
#12355 = SURFACE_STYLE_USAGE(.BOTH.,#12356);
#12356 = SURFACE_SIDE_STYLE('',(#12357));
#12357 = SURFACE_STYLE_FILL_AREA(#12358);
#12358 = FILL_AREA_STYLE('',(#12359));
#12359 = FILL_AREA_STYLE_COLOUR('',#12215);
#12360 = MECHANICAL_DESIGN_GEOMETRIC_PRESENTATION_REPRESENTATION('',(
    #12361),#11607);
#12361 = STYLED_ITEM('color',(#12362),#11508);
#12362 = PRESENTATION_STYLE_ASSIGNMENT((#12363));
#12363 = SURFACE_STYLE_USAGE(.BOTH.,#12364);
#12364 = SURFACE_SIDE_STYLE('',(#12365));
#12365 = SURFACE_STYLE_FILL_AREA(#12366);
#12366 = FILL_AREA_STYLE('',(#12367));
#12367 = FILL_AREA_STYLE_COLOUR('',#12215);
#12368 = MECHANICAL_DESIGN_GEOMETRIC_PRESENTATION_REPRESENTATION('',(
    #12369),#2285);
#12369 = STYLED_ITEM('color',(#12370),#2186);
#12370 = PRESENTATION_STYLE_ASSIGNMENT((#12371));
#12371 = SURFACE_STYLE_USAGE(.BOTH.,#12372);
#12372 = SURFACE_SIDE_STYLE('',(#12373));
#12373 = SURFACE_STYLE_FILL_AREA(#12374);
#12374 = FILL_AREA_STYLE('',(#12375));
#12375 = FILL_AREA_STYLE_COLOUR('',#12215);
#12376 = MECHANICAL_DESIGN_GEOMETRIC_PRESENTATION_REPRESENTATION('',(
    #12377),#3229);
#12377 = STYLED_ITEM('color',(#12378),#3130);
#12378 = PRESENTATION_STYLE_ASSIGNMENT((#12379));
#12379 = SURFACE_STYLE_USAGE(.BOTH.,#12380);
#12380 = SURFACE_SIDE_STYLE('',(#12381));
#12381 = SURFACE_STYLE_FILL_AREA(#12382);
#12382 = FILL_AREA_STYLE('',(#12383));
#12383 = FILL_AREA_STYLE_COLOUR('',#12215);
#12384 = MECHANICAL_DESIGN_GEOMETRIC_PRESENTATION_REPRESENTATION('',(
    #12385),#12079);
#12385 = STYLED_ITEM('color',(#12386),#11980);
#12386 = PRESENTATION_STYLE_ASSIGNMENT((#12387));
#12387 = SURFACE_STYLE_USAGE(.BOTH.,#12388);
#12388 = SURFACE_SIDE_STYLE('',(#12389));
#12389 = SURFACE_STYLE_FILL_AREA(#12390);
#12390 = FILL_AREA_STYLE('',(#12391));
#12391 = FILL_AREA_STYLE_COLOUR('',#12215);
#12392 = MECHANICAL_DESIGN_GEOMETRIC_PRESENTATION_REPRESENTATION('',(
    #12393),#11961);
#12393 = STYLED_ITEM('color',(#12394),#11862);
#12394 = PRESENTATION_STYLE_ASSIGNMENT((#12395));
#12395 = SURFACE_STYLE_USAGE(.BOTH.,#12396);
#12396 = SURFACE_SIDE_STYLE('',(#12397));
#12397 = SURFACE_STYLE_FILL_AREA(#12398);
#12398 = FILL_AREA_STYLE('',(#12399));
#12399 = FILL_AREA_STYLE_COLOUR('',#12215);
#12400 = MECHANICAL_DESIGN_GEOMETRIC_PRESENTATION_REPRESENTATION('',(
    #12401),#5707);
#12401 = STYLED_ITEM('color',(#12402),#5608);
#12402 = PRESENTATION_STYLE_ASSIGNMENT((#12403));
#12403 = SURFACE_STYLE_USAGE(.BOTH.,#12404);
#12404 = SURFACE_SIDE_STYLE('',(#12405));
#12405 = SURFACE_STYLE_FILL_AREA(#12406);
#12406 = FILL_AREA_STYLE('',(#12407));
#12407 = FILL_AREA_STYLE_COLOUR('',#12215);
#12408 = MECHANICAL_DESIGN_GEOMETRIC_PRESENTATION_REPRESENTATION('',(
    #12409),#8067);
#12409 = STYLED_ITEM('color',(#12410),#7968);
#12410 = PRESENTATION_STYLE_ASSIGNMENT((#12411));
#12411 = SURFACE_STYLE_USAGE(.BOTH.,#12412);
#12412 = SURFACE_SIDE_STYLE('',(#12413));
#12413 = SURFACE_STYLE_FILL_AREA(#12414);
#12414 = FILL_AREA_STYLE('',(#12415));
#12415 = FILL_AREA_STYLE_COLOUR('',#12215);
#12416 = MECHANICAL_DESIGN_GEOMETRIC_PRESENTATION_REPRESENTATION('',(
    #12417),#2639);
#12417 = STYLED_ITEM('color',(#12418),#2540);
#12418 = PRESENTATION_STYLE_ASSIGNMENT((#12419));
#12419 = SURFACE_STYLE_USAGE(.BOTH.,#12420);
#12420 = SURFACE_SIDE_STYLE('',(#12421));
#12421 = SURFACE_STYLE_FILL_AREA(#12422);
#12422 = FILL_AREA_STYLE('',(#12423));
#12423 = FILL_AREA_STYLE_COLOUR('',#12215);
#12424 = MECHANICAL_DESIGN_GEOMETRIC_PRESENTATION_REPRESENTATION('',(
    #12425),#11135);
#12425 = STYLED_ITEM('color',(#12426),#11036);
#12426 = PRESENTATION_STYLE_ASSIGNMENT((#12427));
#12427 = SURFACE_STYLE_USAGE(.BOTH.,#12428);
#12428 = SURFACE_SIDE_STYLE('',(#12429));
#12429 = SURFACE_STYLE_FILL_AREA(#12430);
#12430 = FILL_AREA_STYLE('',(#12431));
#12431 = FILL_AREA_STYLE_COLOUR('',#12215);
#12432 = MECHANICAL_DESIGN_GEOMETRIC_PRESENTATION_REPRESENTATION('',(
    #12433),#1341);
#12433 = STYLED_ITEM('color',(#12434),#1242);
#12434 = PRESENTATION_STYLE_ASSIGNMENT((#12435));
#12435 = SURFACE_STYLE_USAGE(.BOTH.,#12436);
#12436 = SURFACE_SIDE_STYLE('',(#12437));
#12437 = SURFACE_STYLE_FILL_AREA(#12438);
#12438 = FILL_AREA_STYLE('',(#12439));
#12439 = FILL_AREA_STYLE_COLOUR('',#12215);
#12440 = MECHANICAL_DESIGN_GEOMETRIC_PRESENTATION_REPRESENTATION('',(
    #12441),#7241);
#12441 = STYLED_ITEM('color',(#12442),#7142);
#12442 = PRESENTATION_STYLE_ASSIGNMENT((#12443));
#12443 = SURFACE_STYLE_USAGE(.BOTH.,#12444);
#12444 = SURFACE_SIDE_STYLE('',(#12445));
#12445 = SURFACE_STYLE_FILL_AREA(#12446);
#12446 = FILL_AREA_STYLE('',(#12447));
#12447 = FILL_AREA_STYLE_COLOUR('',#12215);
#12448 = MECHANICAL_DESIGN_GEOMETRIC_PRESENTATION_REPRESENTATION('',(
    #12449),#1223);
#12449 = STYLED_ITEM('color',(#12450),#1124);
#12450 = PRESENTATION_STYLE_ASSIGNMENT((#12451));
#12451 = SURFACE_STYLE_USAGE(.BOTH.,#12452);
#12452 = SURFACE_SIDE_STYLE('',(#12453));
#12453 = SURFACE_STYLE_FILL_AREA(#12454);
#12454 = FILL_AREA_STYLE('',(#12455));
#12455 = FILL_AREA_STYLE_COLOUR('',#12215);
#12456 = MECHANICAL_DESIGN_GEOMETRIC_PRESENTATION_REPRESENTATION('',(
    #12457),#1105);
#12457 = STYLED_ITEM('color',(#12458),#1006);
#12458 = PRESENTATION_STYLE_ASSIGNMENT((#12459));
#12459 = SURFACE_STYLE_USAGE(.BOTH.,#12460);
#12460 = SURFACE_SIDE_STYLE('',(#12461));
#12461 = SURFACE_STYLE_FILL_AREA(#12462);
#12462 = FILL_AREA_STYLE('',(#12463));
#12463 = FILL_AREA_STYLE_COLOUR('',#12215);
#12464 = MECHANICAL_DESIGN_GEOMETRIC_PRESENTATION_REPRESENTATION('',(
    #12465),#10191);
#12465 = STYLED_ITEM('color',(#12466),#10092);
#12466 = PRESENTATION_STYLE_ASSIGNMENT((#12467));
#12467 = SURFACE_STYLE_USAGE(.BOTH.,#12468);
#12468 = SURFACE_SIDE_STYLE('',(#12469));
#12469 = SURFACE_STYLE_FILL_AREA(#12470);
#12470 = FILL_AREA_STYLE('',(#12471));
#12471 = FILL_AREA_STYLE_COLOUR('',#12215);
#12472 = MECHANICAL_DESIGN_GEOMETRIC_PRESENTATION_REPRESENTATION('',(
    #12473),#8539);
#12473 = STYLED_ITEM('color',(#12474),#8440);
#12474 = PRESENTATION_STYLE_ASSIGNMENT((#12475));
#12475 = SURFACE_STYLE_USAGE(.BOTH.,#12476);
#12476 = SURFACE_SIDE_STYLE('',(#12477));
#12477 = SURFACE_STYLE_FILL_AREA(#12478);
#12478 = FILL_AREA_STYLE('',(#12479));
#12479 = FILL_AREA_STYLE_COLOUR('',#12215);
#12480 = MECHANICAL_DESIGN_GEOMETRIC_PRESENTATION_REPRESENTATION('',(
    #12481),#11725);
#12481 = STYLED_ITEM('color',(#12482),#11626);
#12482 = PRESENTATION_STYLE_ASSIGNMENT((#12483));
#12483 = SURFACE_STYLE_USAGE(.BOTH.,#12484);
#12484 = SURFACE_SIDE_STYLE('',(#12485));
#12485 = SURFACE_STYLE_FILL_AREA(#12486);
#12486 = FILL_AREA_STYLE('',(#12487));
#12487 = FILL_AREA_STYLE_COLOUR('',#12215);
#12488 = MECHANICAL_DESIGN_GEOMETRIC_PRESENTATION_REPRESENTATION('',(
    #12489),#8893);
#12489 = STYLED_ITEM('color',(#12490),#8794);
#12490 = PRESENTATION_STYLE_ASSIGNMENT((#12491));
#12491 = SURFACE_STYLE_USAGE(.BOTH.,#12492);
#12492 = SURFACE_SIDE_STYLE('',(#12493));
#12493 = SURFACE_STYLE_FILL_AREA(#12494);
#12494 = FILL_AREA_STYLE('',(#12495));
#12495 = FILL_AREA_STYLE_COLOUR('',#12215);
#12496 = MECHANICAL_DESIGN_GEOMETRIC_PRESENTATION_REPRESENTATION('',(
    #12497),#7005);
#12497 = STYLED_ITEM('color',(#12498),#6906);
#12498 = PRESENTATION_STYLE_ASSIGNMENT((#12499));
#12499 = SURFACE_STYLE_USAGE(.BOTH.,#12500);
#12500 = SURFACE_SIDE_STYLE('',(#12501));
#12501 = SURFACE_STYLE_FILL_AREA(#12502);
#12502 = FILL_AREA_STYLE('',(#12503));
#12503 = FILL_AREA_STYLE_COLOUR('',#12215);
#12504 = MECHANICAL_DESIGN_GEOMETRIC_PRESENTATION_REPRESENTATION('',(
    #12505),#3583);
#12505 = STYLED_ITEM('color',(#12506),#3484);
#12506 = PRESENTATION_STYLE_ASSIGNMENT((#12507));
#12507 = SURFACE_STYLE_USAGE(.BOTH.,#12508);
#12508 = SURFACE_SIDE_STYLE('',(#12509));
#12509 = SURFACE_STYLE_FILL_AREA(#12510);
#12510 = FILL_AREA_STYLE('',(#12511));
#12511 = FILL_AREA_STYLE_COLOUR('',#12215);
#12512 = MECHANICAL_DESIGN_GEOMETRIC_PRESENTATION_REPRESENTATION('',(
    #12513),#3465);
#12513 = STYLED_ITEM('color',(#12514),#3366);
#12514 = PRESENTATION_STYLE_ASSIGNMENT((#12515));
#12515 = SURFACE_STYLE_USAGE(.BOTH.,#12516);
#12516 = SURFACE_SIDE_STYLE('',(#12517));
#12517 = SURFACE_STYLE_FILL_AREA(#12518);
#12518 = FILL_AREA_STYLE('',(#12519));
#12519 = FILL_AREA_STYLE_COLOUR('',#12215);
#12520 = MECHANICAL_DESIGN_GEOMETRIC_PRESENTATION_REPRESENTATION('',(
    #12521),#2167);
#12521 = STYLED_ITEM('color',(#12522),#2068);
#12522 = PRESENTATION_STYLE_ASSIGNMENT((#12523));
#12523 = SURFACE_STYLE_USAGE(.BOTH.,#12524);
#12524 = SURFACE_SIDE_STYLE('',(#12525));
#12525 = SURFACE_STYLE_FILL_AREA(#12526);
#12526 = FILL_AREA_STYLE('',(#12527));
#12527 = FILL_AREA_STYLE_COLOUR('',#12215);
#12528 = MECHANICAL_DESIGN_GEOMETRIC_PRESENTATION_REPRESENTATION('',(
    #12529),#10073);
#12529 = STYLED_ITEM('color',(#12530),#9974);
#12530 = PRESENTATION_STYLE_ASSIGNMENT((#12531));
#12531 = SURFACE_STYLE_USAGE(.BOTH.,#12532);
#12532 = SURFACE_SIDE_STYLE('',(#12533));
#12533 = SURFACE_STYLE_FILL_AREA(#12534);
#12534 = FILL_AREA_STYLE('',(#12535));
#12535 = FILL_AREA_STYLE_COLOUR('',#12215);
#12536 = MECHANICAL_DESIGN_GEOMETRIC_PRESENTATION_REPRESENTATION('',(
    #12537),#4291);
#12537 = STYLED_ITEM('color',(#12538),#4192);
#12538 = PRESENTATION_STYLE_ASSIGNMENT((#12539));
#12539 = SURFACE_STYLE_USAGE(.BOTH.,#12540);
#12540 = SURFACE_SIDE_STYLE('',(#12541));
#12541 = SURFACE_STYLE_FILL_AREA(#12542);
#12542 = FILL_AREA_STYLE('',(#12543));
#12543 = FILL_AREA_STYLE_COLOUR('',#12215);
#12544 = MECHANICAL_DESIGN_GEOMETRIC_PRESENTATION_REPRESENTATION('',(
    #12545),#6887);
#12545 = STYLED_ITEM('color',(#12546),#6788);
#12546 = PRESENTATION_STYLE_ASSIGNMENT((#12547));
#12547 = SURFACE_STYLE_USAGE(.BOTH.,#12548);
#12548 = SURFACE_SIDE_STYLE('',(#12549));
#12549 = SURFACE_STYLE_FILL_AREA(#12550);
#12550 = FILL_AREA_STYLE('',(#12551));
#12551 = FILL_AREA_STYLE_COLOUR('',#12215);
#12552 = MECHANICAL_DESIGN_GEOMETRIC_PRESENTATION_REPRESENTATION('',(
    #12553),#3347);
#12553 = STYLED_ITEM('color',(#12554),#3248);
#12554 = PRESENTATION_STYLE_ASSIGNMENT((#12555));
#12555 = SURFACE_STYLE_USAGE(.BOTH.,#12556);
#12556 = SURFACE_SIDE_STYLE('',(#12557));
#12557 = SURFACE_STYLE_FILL_AREA(#12558);
#12558 = FILL_AREA_STYLE('',(#12559));
#12559 = FILL_AREA_STYLE_COLOUR('',#12215);
#12560 = MECHANICAL_DESIGN_GEOMETRIC_PRESENTATION_REPRESENTATION('',(
    #12561),#10545);
#12561 = STYLED_ITEM('color',(#12562),#10446);
#12562 = PRESENTATION_STYLE_ASSIGNMENT((#12563));
#12563 = SURFACE_STYLE_USAGE(.BOTH.,#12564);
#12564 = SURFACE_SIDE_STYLE('',(#12565));
#12565 = SURFACE_STYLE_FILL_AREA(#12566);
#12566 = FILL_AREA_STYLE('',(#12567));
#12567 = FILL_AREA_STYLE_COLOUR('',#12215);
#12568 = MECHANICAL_DESIGN_GEOMETRIC_PRESENTATION_REPRESENTATION('',(
    #12569),#869);
#12569 = STYLED_ITEM('color',(#12570),#770);
#12570 = PRESENTATION_STYLE_ASSIGNMENT((#12571));
#12571 = SURFACE_STYLE_USAGE(.BOTH.,#12572);
#12572 = SURFACE_SIDE_STYLE('',(#12573));
#12573 = SURFACE_STYLE_FILL_AREA(#12574);
#12574 = FILL_AREA_STYLE('',(#12575));
#12575 = FILL_AREA_STYLE_COLOUR('',#12215);
#12576 = MECHANICAL_DESIGN_GEOMETRIC_PRESENTATION_REPRESENTATION('',(
    #12577),#6297);
#12577 = STYLED_ITEM('color',(#12578),#6198);
#12578 = PRESENTATION_STYLE_ASSIGNMENT((#12579));
#12579 = SURFACE_STYLE_USAGE(.BOTH.,#12580);
#12580 = SURFACE_SIDE_STYLE('',(#12581));
#12581 = SURFACE_STYLE_FILL_AREA(#12582);
#12582 = FILL_AREA_STYLE('',(#12583));
#12583 = FILL_AREA_STYLE_COLOUR('',#12215);
#12584 = MECHANICAL_DESIGN_GEOMETRIC_PRESENTATION_REPRESENTATION('',(
    #12585),#5235);
#12585 = STYLED_ITEM('color',(#12586),#5136);
#12586 = PRESENTATION_STYLE_ASSIGNMENT((#12587));
#12587 = SURFACE_STYLE_USAGE(.BOTH.,#12588);
#12588 = SURFACE_SIDE_STYLE('',(#12589));
#12589 = SURFACE_STYLE_FILL_AREA(#12590);
#12590 = FILL_AREA_STYLE('',(#12591));
#12591 = FILL_AREA_STYLE_COLOUR('',#12215);
#12592 = MECHANICAL_DESIGN_GEOMETRIC_PRESENTATION_REPRESENTATION('',(
    #12593),#8775);
#12593 = STYLED_ITEM('color',(#12594),#8676);
#12594 = PRESENTATION_STYLE_ASSIGNMENT((#12595));
#12595 = SURFACE_STYLE_USAGE(.BOTH.,#12596);
#12596 = SURFACE_SIDE_STYLE('',(#12597));
#12597 = SURFACE_STYLE_FILL_AREA(#12598);
#12598 = FILL_AREA_STYLE('',(#12599));
#12599 = FILL_AREA_STYLE_COLOUR('',#12215);
#12600 = MECHANICAL_DESIGN_GEOMETRIC_PRESENTATION_REPRESENTATION('',(
    #12601),#11371);
#12601 = STYLED_ITEM('color',(#12602),#11272);
#12602 = PRESENTATION_STYLE_ASSIGNMENT((#12603));
#12603 = SURFACE_STYLE_USAGE(.BOTH.,#12604);
#12604 = SURFACE_SIDE_STYLE('',(#12605));
#12605 = SURFACE_STYLE_FILL_AREA(#12606);
#12606 = FILL_AREA_STYLE('',(#12607));
#12607 = FILL_AREA_STYLE_COLOUR('',#12215);
#12608 = MECHANICAL_DESIGN_GEOMETRIC_PRESENTATION_REPRESENTATION('',(
    #12609),#3111);
#12609 = STYLED_ITEM('color',(#12610),#3012);
#12610 = PRESENTATION_STYLE_ASSIGNMENT((#12611));
#12611 = SURFACE_STYLE_USAGE(.BOTH.,#12612);
#12612 = SURFACE_SIDE_STYLE('',(#12613));
#12613 = SURFACE_STYLE_FILL_AREA(#12614);
#12614 = FILL_AREA_STYLE('',(#12615));
#12615 = FILL_AREA_STYLE_COLOUR('',#12215);
#12616 = MECHANICAL_DESIGN_GEOMETRIC_PRESENTATION_REPRESENTATION('',(
    #12617),#2521);
#12617 = STYLED_ITEM('color',(#12618),#2422);
#12618 = PRESENTATION_STYLE_ASSIGNMENT((#12619));
#12619 = SURFACE_STYLE_USAGE(.BOTH.,#12620);
#12620 = SURFACE_SIDE_STYLE('',(#12621));
#12621 = SURFACE_STYLE_FILL_AREA(#12622);
#12622 = FILL_AREA_STYLE('',(#12623));
#12623 = FILL_AREA_STYLE_COLOUR('',#12215);
#12624 = MECHANICAL_DESIGN_GEOMETRIC_PRESENTATION_REPRESENTATION('',(
    #12625),#4173);
#12625 = STYLED_ITEM('color',(#12626),#4074);
#12626 = PRESENTATION_STYLE_ASSIGNMENT((#12627));
#12627 = SURFACE_STYLE_USAGE(.BOTH.,#12628);
#12628 = SURFACE_SIDE_STYLE('',(#12629));
#12629 = SURFACE_STYLE_FILL_AREA(#12630);
#12630 = FILL_AREA_STYLE('',(#12631));
#12631 = FILL_AREA_STYLE_COLOUR('',#12215);
#12632 = MECHANICAL_DESIGN_GEOMETRIC_PRESENTATION_REPRESENTATION('',(
    #12633),#9837);
#12633 = STYLED_ITEM('color',(#12634),#9738);
#12634 = PRESENTATION_STYLE_ASSIGNMENT((#12635));
#12635 = SURFACE_STYLE_USAGE(.BOTH.,#12636);
#12636 = SURFACE_SIDE_STYLE('',(#12637));
#12637 = SURFACE_STYLE_FILL_AREA(#12638);
#12638 = FILL_AREA_STYLE('',(#12639));
#12639 = FILL_AREA_STYLE_COLOUR('',#12215);
#12640 = MECHANICAL_DESIGN_GEOMETRIC_PRESENTATION_REPRESENTATION('',(
    #12641),#9011);
#12641 = STYLED_ITEM('color',(#12642),#8912);
#12642 = PRESENTATION_STYLE_ASSIGNMENT((#12643));
#12643 = SURFACE_STYLE_USAGE(.BOTH.,#12644);
#12644 = SURFACE_SIDE_STYLE('',(#12645));
#12645 = SURFACE_STYLE_FILL_AREA(#12646);
#12646 = FILL_AREA_STYLE('',(#12647));
#12647 = FILL_AREA_STYLE_COLOUR('',#12215);
#12648 = MECHANICAL_DESIGN_GEOMETRIC_PRESENTATION_REPRESENTATION('',(
    #12649),#4999);
#12649 = STYLED_ITEM('color',(#12650),#4900);
#12650 = PRESENTATION_STYLE_ASSIGNMENT((#12651));
#12651 = SURFACE_STYLE_USAGE(.BOTH.,#12652);
#12652 = SURFACE_SIDE_STYLE('',(#12653));
#12653 = SURFACE_STYLE_FILL_AREA(#12654);
#12654 = FILL_AREA_STYLE('',(#12655));
#12655 = FILL_AREA_STYLE_COLOUR('',#12215);
#12656 = MECHANICAL_DESIGN_GEOMETRIC_PRESENTATION_REPRESENTATION('',(
    #12657),#11017);
#12657 = STYLED_ITEM('color',(#12658),#10918);
#12658 = PRESENTATION_STYLE_ASSIGNMENT((#12659));
#12659 = SURFACE_STYLE_USAGE(.BOTH.,#12660);
#12660 = SURFACE_SIDE_STYLE('',(#12661));
#12661 = SURFACE_STYLE_FILL_AREA(#12662);
#12662 = FILL_AREA_STYLE('',(#12663));
#12663 = FILL_AREA_STYLE_COLOUR('',#12215);
#12664 = MECHANICAL_DESIGN_GEOMETRIC_PRESENTATION_REPRESENTATION('',(
    #12665),#4055);
#12665 = STYLED_ITEM('color',(#12666),#3956);
#12666 = PRESENTATION_STYLE_ASSIGNMENT((#12667));
#12667 = SURFACE_STYLE_USAGE(.BOTH.,#12668);
#12668 = SURFACE_SIDE_STYLE('',(#12669));
#12669 = SURFACE_STYLE_FILL_AREA(#12670);
#12670 = FILL_AREA_STYLE('',(#12671));
#12671 = FILL_AREA_STYLE_COLOUR('',#12215);
#12672 = MECHANICAL_DESIGN_GEOMETRIC_PRESENTATION_REPRESENTATION('',(
    #12673),#2403);
#12673 = STYLED_ITEM('color',(#12674),#2304);
#12674 = PRESENTATION_STYLE_ASSIGNMENT((#12675));
#12675 = SURFACE_STYLE_USAGE(.BOTH.,#12676);
#12676 = SURFACE_SIDE_STYLE('',(#12677));
#12677 = SURFACE_STYLE_FILL_AREA(#12678);
#12678 = FILL_AREA_STYLE('',(#12679));
#12679 = FILL_AREA_STYLE_COLOUR('',#12215);
#12680 = MECHANICAL_DESIGN_GEOMETRIC_PRESENTATION_REPRESENTATION('',(
    #12681),#5353);
#12681 = STYLED_ITEM('color',(#12682),#5254);
#12682 = PRESENTATION_STYLE_ASSIGNMENT((#12683));
#12683 = SURFACE_STYLE_USAGE(.BOTH.,#12684);
#12684 = SURFACE_SIDE_STYLE('',(#12685));
#12685 = SURFACE_STYLE_FILL_AREA(#12686);
#12686 = FILL_AREA_STYLE('',(#12687));
#12687 = FILL_AREA_STYLE_COLOUR('',#12215);
#12688 = MECHANICAL_DESIGN_GEOMETRIC_PRESENTATION_REPRESENTATION('',(
    #12689),#1931);
#12689 = STYLED_ITEM('color',(#12690),#1832);
#12690 = PRESENTATION_STYLE_ASSIGNMENT((#12691));
#12691 = SURFACE_STYLE_USAGE(.BOTH.,#12692);
#12692 = SURFACE_SIDE_STYLE('',(#12693));
#12693 = SURFACE_STYLE_FILL_AREA(#12694);
#12694 = FILL_AREA_STYLE('',(#12695));
#12695 = FILL_AREA_STYLE_COLOUR('',#12215);
#12696 = MECHANICAL_DESIGN_GEOMETRIC_PRESENTATION_REPRESENTATION('',(
    #12697),#10663);
#12697 = STYLED_ITEM('color',(#12698),#10564);
#12698 = PRESENTATION_STYLE_ASSIGNMENT((#12699));
#12699 = SURFACE_STYLE_USAGE(.BOTH.,#12700);
#12700 = SURFACE_SIDE_STYLE('',(#12701));
#12701 = SURFACE_STYLE_FILL_AREA(#12702);
#12702 = FILL_AREA_STYLE('',(#12703));
#12703 = FILL_AREA_STYLE_COLOUR('',#12215);
#12704 = MECHANICAL_DESIGN_GEOMETRIC_PRESENTATION_REPRESENTATION('',(
    #12705),#8421);
#12705 = STYLED_ITEM('color',(#12706),#8322);
#12706 = PRESENTATION_STYLE_ASSIGNMENT((#12707));
#12707 = SURFACE_STYLE_USAGE(.BOTH.,#12708);
#12708 = SURFACE_SIDE_STYLE('',(#12709));
#12709 = SURFACE_STYLE_FILL_AREA(#12710);
#12710 = FILL_AREA_STYLE('',(#12711));
#12711 = FILL_AREA_STYLE_COLOUR('',#12215);
#12712 = MECHANICAL_DESIGN_GEOMETRIC_PRESENTATION_REPRESENTATION('',(
    #12713),#11489);
#12713 = STYLED_ITEM('color',(#12714),#11390);
#12714 = PRESENTATION_STYLE_ASSIGNMENT((#12715));
#12715 = SURFACE_STYLE_USAGE(.BOTH.,#12716);
#12716 = SURFACE_SIDE_STYLE('',(#12717));
#12717 = SURFACE_STYLE_FILL_AREA(#12718);
#12718 = FILL_AREA_STYLE('',(#12719));
#12719 = FILL_AREA_STYLE_COLOUR('',#12215);
#12720 = MECHANICAL_DESIGN_GEOMETRIC_PRESENTATION_REPRESENTATION('',(
    #12721),#9601);
#12721 = STYLED_ITEM('color',(#12722),#9502);
#12722 = PRESENTATION_STYLE_ASSIGNMENT((#12723));
#12723 = SURFACE_STYLE_USAGE(.BOTH.,#12724);
#12724 = SURFACE_SIDE_STYLE('',(#12725));
#12725 = SURFACE_STYLE_FILL_AREA(#12726);
#12726 = FILL_AREA_STYLE('',(#12727));
#12727 = FILL_AREA_STYLE_COLOUR('',#12215);
#12728 = MECHANICAL_DESIGN_GEOMETRIC_PRESENTATION_REPRESENTATION('',(
    #12729),#7123);
#12729 = STYLED_ITEM('color',(#12730),#7024);
#12730 = PRESENTATION_STYLE_ASSIGNMENT((#12731));
#12731 = SURFACE_STYLE_USAGE(.BOTH.,#12732);
#12732 = SURFACE_SIDE_STYLE('',(#12733));
#12733 = SURFACE_STYLE_FILL_AREA(#12734);
#12734 = FILL_AREA_STYLE('',(#12735));
#12735 = FILL_AREA_STYLE_COLOUR('',#12215);
#12736 = MECHANICAL_DESIGN_GEOMETRIC_PRESENTATION_REPRESENTATION('',(
    #12737),#4763);
#12737 = STYLED_ITEM('color',(#12738),#4664);
#12738 = PRESENTATION_STYLE_ASSIGNMENT((#12739));
#12739 = SURFACE_STYLE_USAGE(.BOTH.,#12740);
#12740 = SURFACE_SIDE_STYLE('',(#12741));
#12741 = SURFACE_STYLE_FILL_AREA(#12742);
#12742 = FILL_AREA_STYLE('',(#12743));
#12743 = FILL_AREA_STYLE_COLOUR('',#12215);
#12744 = MECHANICAL_DESIGN_GEOMETRIC_PRESENTATION_REPRESENTATION('',(
    #12745),#6061);
#12745 = STYLED_ITEM('color',(#12746),#5962);
#12746 = PRESENTATION_STYLE_ASSIGNMENT((#12747));
#12747 = SURFACE_STYLE_USAGE(.BOTH.,#12748);
#12748 = SURFACE_SIDE_STYLE('',(#12749));
#12749 = SURFACE_STYLE_FILL_AREA(#12750);
#12750 = FILL_AREA_STYLE('',(#12751));
#12751 = FILL_AREA_STYLE_COLOUR('',#12215);
#12752 = MECHANICAL_DESIGN_GEOMETRIC_PRESENTATION_REPRESENTATION('',(
    #12753),#9955);
#12753 = STYLED_ITEM('color',(#12754),#9856);
#12754 = PRESENTATION_STYLE_ASSIGNMENT((#12755));
#12755 = SURFACE_STYLE_USAGE(.BOTH.,#12756);
#12756 = SURFACE_SIDE_STYLE('',(#12757));
#12757 = SURFACE_STYLE_FILL_AREA(#12758);
#12758 = FILL_AREA_STYLE('',(#12759));
#12759 = FILL_AREA_STYLE_COLOUR('',#12215);
#12760 = MECHANICAL_DESIGN_GEOMETRIC_PRESENTATION_REPRESENTATION('',(
    #12761),#7477);
#12761 = STYLED_ITEM('color',(#12762),#7378);
#12762 = PRESENTATION_STYLE_ASSIGNMENT((#12763));
#12763 = SURFACE_STYLE_USAGE(.BOTH.,#12764);
#12764 = SURFACE_SIDE_STYLE('',(#12765));
#12765 = SURFACE_STYLE_FILL_AREA(#12766);
#12766 = FILL_AREA_STYLE('',(#12767));
#12767 = FILL_AREA_STYLE_COLOUR('',#12215);
#12768 = MECHANICAL_DESIGN_GEOMETRIC_PRESENTATION_REPRESENTATION('',(
    #12769),#9719);
#12769 = STYLED_ITEM('color',(#12770),#9620);
#12770 = PRESENTATION_STYLE_ASSIGNMENT((#12771));
#12771 = SURFACE_STYLE_USAGE(.BOTH.,#12772);
#12772 = SURFACE_SIDE_STYLE('',(#12773));
#12773 = SURFACE_STYLE_FILL_AREA(#12774);
#12774 = FILL_AREA_STYLE('',(#12775));
#12775 = FILL_AREA_STYLE_COLOUR('',#12215);
#12776 = MECHANICAL_DESIGN_GEOMETRIC_PRESENTATION_REPRESENTATION('',(
    #12777),#6769);
#12777 = STYLED_ITEM('color',(#12778),#6670);
#12778 = PRESENTATION_STYLE_ASSIGNMENT((#12779));
#12779 = SURFACE_STYLE_USAGE(.BOTH.,#12780);
#12780 = SURFACE_SIDE_STYLE('',(#12781));
#12781 = SURFACE_STYLE_FILL_AREA(#12782);
#12782 = FILL_AREA_STYLE('',(#12783));
#12783 = FILL_AREA_STYLE_COLOUR('',#12215);
#12784 = MECHANICAL_DESIGN_GEOMETRIC_PRESENTATION_REPRESENTATION('',(
    #12785),#8185);
#12785 = STYLED_ITEM('color',(#12786),#8086);
#12786 = PRESENTATION_STYLE_ASSIGNMENT((#12787));
#12787 = SURFACE_STYLE_USAGE(.BOTH.,#12788);
#12788 = SURFACE_SIDE_STYLE('',(#12789));
#12789 = SURFACE_STYLE_FILL_AREA(#12790);
#12790 = FILL_AREA_STYLE('',(#12791));
#12791 = FILL_AREA_STYLE_COLOUR('',#12215);
#12792 = MECHANICAL_DESIGN_GEOMETRIC_PRESENTATION_REPRESENTATION('',(
    #12793),#7713);
#12793 = STYLED_ITEM('color',(#12794),#7614);
#12794 = PRESENTATION_STYLE_ASSIGNMENT((#12795));
#12795 = SURFACE_STYLE_USAGE(.BOTH.,#12796);
#12796 = SURFACE_SIDE_STYLE('',(#12797));
#12797 = SURFACE_STYLE_FILL_AREA(#12798);
#12798 = FILL_AREA_STYLE('',(#12799));
#12799 = FILL_AREA_STYLE_COLOUR('',#12215);
#12800 = MECHANICAL_DESIGN_GEOMETRIC_PRESENTATION_REPRESENTATION('',(
    #12801),#6415);
#12801 = STYLED_ITEM('color',(#12802),#6316);
#12802 = PRESENTATION_STYLE_ASSIGNMENT((#12803));
#12803 = SURFACE_STYLE_USAGE(.BOTH.,#12804);
#12804 = SURFACE_SIDE_STYLE('',(#12805));
#12805 = SURFACE_STYLE_FILL_AREA(#12806);
#12806 = FILL_AREA_STYLE('',(#12807));
#12807 = FILL_AREA_STYLE_COLOUR('',#12215);
#12808 = MECHANICAL_DESIGN_GEOMETRIC_PRESENTATION_REPRESENTATION('',(
    #12809),#2993);
#12809 = STYLED_ITEM('color',(#12810),#2894);
#12810 = PRESENTATION_STYLE_ASSIGNMENT((#12811));
#12811 = SURFACE_STYLE_USAGE(.BOTH.,#12812);
#12812 = SURFACE_SIDE_STYLE('',(#12813));
#12813 = SURFACE_STYLE_FILL_AREA(#12814);
#12814 = FILL_AREA_STYLE('',(#12815));
#12815 = FILL_AREA_STYLE_COLOUR('',#12215);
#12816 = MECHANICAL_DESIGN_GEOMETRIC_PRESENTATION_REPRESENTATION('',(
    #12817),#10427);
#12817 = STYLED_ITEM('color',(#12818),#10328);
#12818 = PRESENTATION_STYLE_ASSIGNMENT((#12819));
#12819 = SURFACE_STYLE_USAGE(.BOTH.,#12820);
#12820 = SURFACE_SIDE_STYLE('',(#12821));
#12821 = SURFACE_STYLE_FILL_AREA(#12822);
#12822 = FILL_AREA_STYLE('',(#12823));
#12823 = FILL_AREA_STYLE_COLOUR('',#12215);
#12824 = MECHANICAL_DESIGN_GEOMETRIC_PRESENTATION_REPRESENTATION('',(
    #12825),#5589);
#12825 = STYLED_ITEM('color',(#12826),#5490);
#12826 = PRESENTATION_STYLE_ASSIGNMENT((#12827));
#12827 = SURFACE_STYLE_USAGE(.BOTH.,#12828);
#12828 = SURFACE_SIDE_STYLE('',(#12829));
#12829 = SURFACE_STYLE_FILL_AREA(#12830);
#12830 = FILL_AREA_STYLE('',(#12831));
#12831 = FILL_AREA_STYLE_COLOUR('',#12215);
#12832 = MECHANICAL_DESIGN_GEOMETRIC_PRESENTATION_REPRESENTATION('',(
    #12833),#751);
#12833 = STYLED_ITEM('color',(#12834),#421);
#12834 = PRESENTATION_STYLE_ASSIGNMENT((#12835));
#12835 = SURFACE_STYLE_USAGE(.BOTH.,#12836);
#12836 = SURFACE_SIDE_STYLE('',(#12837));
#12837 = SURFACE_STYLE_FILL_AREA(#12838);
#12838 = FILL_AREA_STYLE('',(#12839));
#12839 = FILL_AREA_STYLE_COLOUR('',#12840);
#12840 = COLOUR_RGB('',0.130000001093,0.139999997847,0.149999997808);
#12841 = MECHANICAL_DESIGN_GEOMETRIC_PRESENTATION_REPRESENTATION('',(
    #12842),#1695);
#12842 = STYLED_ITEM('color',(#12843),#1596);
#12843 = PRESENTATION_STYLE_ASSIGNMENT((#12844));
#12844 = SURFACE_STYLE_USAGE(.BOTH.,#12845);
#12845 = SURFACE_SIDE_STYLE('',(#12846));
#12846 = SURFACE_STYLE_FILL_AREA(#12847);
#12847 = FILL_AREA_STYLE('',(#12848));
#12848 = FILL_AREA_STYLE_COLOUR('',#12215);
#12849 = MECHANICAL_DESIGN_GEOMETRIC_PRESENTATION_REPRESENTATION('',(
    #12850),#11843);
#12850 = STYLED_ITEM('color',(#12851),#11744);
#12851 = PRESENTATION_STYLE_ASSIGNMENT((#12852));
#12852 = SURFACE_STYLE_USAGE(.BOTH.,#12853);
#12853 = SURFACE_SIDE_STYLE('',(#12854));
#12854 = SURFACE_STYLE_FILL_AREA(#12855);
#12855 = FILL_AREA_STYLE('',(#12856));
#12856 = FILL_AREA_STYLE_COLOUR('',#12215);
#12857 = MECHANICAL_DESIGN_GEOMETRIC_PRESENTATION_REPRESENTATION('',(
    #12858),#10899);
#12858 = STYLED_ITEM('color',(#12859),#10800);
#12859 = PRESENTATION_STYLE_ASSIGNMENT((#12860));
#12860 = SURFACE_STYLE_USAGE(.BOTH.,#12861);
#12861 = SURFACE_SIDE_STYLE('',(#12862));
#12862 = SURFACE_STYLE_FILL_AREA(#12863);
#12863 = FILL_AREA_STYLE('',(#12864));
#12864 = FILL_AREA_STYLE_COLOUR('',#12215);
#12865 = MECHANICAL_DESIGN_GEOMETRIC_PRESENTATION_REPRESENTATION('',(
    #12866),#987);
#12866 = STYLED_ITEM('color',(#12867),#888);
#12867 = PRESENTATION_STYLE_ASSIGNMENT((#12868));
#12868 = SURFACE_STYLE_USAGE(.BOTH.,#12869);
#12869 = SURFACE_SIDE_STYLE('',(#12870));
#12870 = SURFACE_STYLE_FILL_AREA(#12871);
#12871 = FILL_AREA_STYLE('',(#12872));
#12872 = FILL_AREA_STYLE_COLOUR('',#12215);
#12873 = MECHANICAL_DESIGN_GEOMETRIC_PRESENTATION_REPRESENTATION('',(
    #12874),#5471);
#12874 = STYLED_ITEM('color',(#12875),#5372);
#12875 = PRESENTATION_STYLE_ASSIGNMENT((#12876));
#12876 = SURFACE_STYLE_USAGE(.BOTH.,#12877);
#12877 = SURFACE_SIDE_STYLE('',(#12878));
#12878 = SURFACE_STYLE_FILL_AREA(#12879);
#12879 = FILL_AREA_STYLE('',(#12880));
#12880 = FILL_AREA_STYLE_COLOUR('',#12215);
#12881 = MECHANICAL_DESIGN_GEOMETRIC_PRESENTATION_REPRESENTATION('',(
    #12882),#5943);
#12882 = STYLED_ITEM('color',(#12883),#5844);
#12883 = PRESENTATION_STYLE_ASSIGNMENT((#12884));
#12884 = SURFACE_STYLE_USAGE(.BOTH.,#12885);
#12885 = SURFACE_SIDE_STYLE('',(#12886));
#12886 = SURFACE_STYLE_FILL_AREA(#12887);
#12887 = FILL_AREA_STYLE('',(#12888));
#12888 = FILL_AREA_STYLE_COLOUR('',#12215);
#12889 = MECHANICAL_DESIGN_GEOMETRIC_PRESENTATION_REPRESENTATION('',(
    #12890),#2875);
#12890 = STYLED_ITEM('color',(#12891),#2776);
#12891 = PRESENTATION_STYLE_ASSIGNMENT((#12892));
#12892 = SURFACE_STYLE_USAGE(.BOTH.,#12893);
#12893 = SURFACE_SIDE_STYLE('',(#12894));
#12894 = SURFACE_STYLE_FILL_AREA(#12895);
#12895 = FILL_AREA_STYLE('',(#12896));
#12896 = FILL_AREA_STYLE_COLOUR('',#12215);
#12897 = MECHANICAL_DESIGN_GEOMETRIC_PRESENTATION_REPRESENTATION('',(
    #12898),#1813);
#12898 = STYLED_ITEM('color',(#12899),#1714);
#12899 = PRESENTATION_STYLE_ASSIGNMENT((#12900));
#12900 = SURFACE_STYLE_USAGE(.BOTH.,#12901);
#12901 = SURFACE_SIDE_STYLE('',(#12902));
#12902 = SURFACE_STYLE_FILL_AREA(#12903);
#12903 = FILL_AREA_STYLE('',(#12904));
#12904 = FILL_AREA_STYLE_COLOUR('',#12215);
#12905 = MECHANICAL_DESIGN_GEOMETRIC_PRESENTATION_REPRESENTATION('',(
    #12906),#11253);
#12906 = STYLED_ITEM('color',(#12907),#11154);
#12907 = PRESENTATION_STYLE_ASSIGNMENT((#12908));
#12908 = SURFACE_STYLE_USAGE(.BOTH.,#12909);
#12909 = SURFACE_SIDE_STYLE('',(#12910));
#12910 = SURFACE_STYLE_FILL_AREA(#12911);
#12911 = FILL_AREA_STYLE('',(#12912));
#12912 = FILL_AREA_STYLE_COLOUR('',#12215);
#12913 = MECHANICAL_DESIGN_GEOMETRIC_PRESENTATION_REPRESENTATION('',(
    #12914),#2757);
#12914 = STYLED_ITEM('color',(#12915),#2658);
#12915 = PRESENTATION_STYLE_ASSIGNMENT((#12916));
#12916 = SURFACE_STYLE_USAGE(.BOTH.,#12917);
#12917 = SURFACE_SIDE_STYLE('',(#12918));
#12918 = SURFACE_STYLE_FILL_AREA(#12919);
#12919 = FILL_AREA_STYLE('',(#12920));
#12920 = FILL_AREA_STYLE_COLOUR('',#12215);
#12921 = MECHANICAL_DESIGN_GEOMETRIC_PRESENTATION_REPRESENTATION('',(
    #12922),#6179);
#12922 = STYLED_ITEM('color',(#12923),#6080);
#12923 = PRESENTATION_STYLE_ASSIGNMENT((#12924));
#12924 = SURFACE_STYLE_USAGE(.BOTH.,#12925);
#12925 = SURFACE_SIDE_STYLE('',(#12926));
#12926 = SURFACE_STYLE_FILL_AREA(#12927);
#12927 = FILL_AREA_STYLE('',(#12928));
#12928 = FILL_AREA_STYLE_COLOUR('',#12215);
#12929 = MECHANICAL_DESIGN_GEOMETRIC_PRESENTATION_REPRESENTATION('',(
    #12930),#7831);
#12930 = STYLED_ITEM('color',(#12931),#7732);
#12931 = PRESENTATION_STYLE_ASSIGNMENT((#12932));
#12932 = SURFACE_STYLE_USAGE(.BOTH.,#12933);
#12933 = SURFACE_SIDE_STYLE('',(#12934));
#12934 = SURFACE_STYLE_FILL_AREA(#12935);
#12935 = FILL_AREA_STYLE('',(#12936));
#12936 = FILL_AREA_STYLE_COLOUR('',#12215);
#12937 = MECHANICAL_DESIGN_GEOMETRIC_PRESENTATION_REPRESENTATION('',(
    #12938),#4409);
#12938 = STYLED_ITEM('color',(#12939),#4310);
#12939 = PRESENTATION_STYLE_ASSIGNMENT((#12940));
#12940 = SURFACE_STYLE_USAGE(.BOTH.,#12941);
#12941 = SURFACE_SIDE_STYLE('',(#12942));
#12942 = SURFACE_STYLE_FILL_AREA(#12943);
#12943 = FILL_AREA_STYLE('',(#12944));
#12944 = FILL_AREA_STYLE_COLOUR('',#12215);
#12945 = MECHANICAL_DESIGN_GEOMETRIC_PRESENTATION_REPRESENTATION('',(
    #12946),#10309);
#12946 = STYLED_ITEM('color',(#12947),#10210);
#12947 = PRESENTATION_STYLE_ASSIGNMENT((#12948));
#12948 = SURFACE_STYLE_USAGE(.BOTH.,#12949);
#12949 = SURFACE_SIDE_STYLE('',(#12950));
#12950 = SURFACE_STYLE_FILL_AREA(#12951);
#12951 = FILL_AREA_STYLE('',(#12952));
#12952 = FILL_AREA_STYLE_COLOUR('',#12215);
#12953 = MECHANICAL_DESIGN_GEOMETRIC_PRESENTATION_REPRESENTATION('',(
    #12954),#7595);
#12954 = STYLED_ITEM('color',(#12955),#7496);
#12955 = PRESENTATION_STYLE_ASSIGNMENT((#12956));
#12956 = SURFACE_STYLE_USAGE(.BOTH.,#12957);
#12957 = SURFACE_SIDE_STYLE('',(#12958));
#12958 = SURFACE_STYLE_FILL_AREA(#12959);
#12959 = FILL_AREA_STYLE('',(#12960));
#12960 = FILL_AREA_STYLE_COLOUR('',#12215);
#12961 = MECHANICAL_DESIGN_GEOMETRIC_PRESENTATION_REPRESENTATION('',(
    #12962),#4527);
#12962 = STYLED_ITEM('color',(#12963),#4428);
#12963 = PRESENTATION_STYLE_ASSIGNMENT((#12964));
#12964 = SURFACE_STYLE_USAGE(.BOTH.,#12965);
#12965 = SURFACE_SIDE_STYLE('',(#12966));
#12966 = SURFACE_STYLE_FILL_AREA(#12967);
#12967 = FILL_AREA_STYLE('',(#12968));
#12968 = FILL_AREA_STYLE_COLOUR('',#12215);
#12969 = MECHANICAL_DESIGN_GEOMETRIC_PRESENTATION_REPRESENTATION('',(
    #12970),#7949);
#12970 = STYLED_ITEM('color',(#12971),#7850);
#12971 = PRESENTATION_STYLE_ASSIGNMENT((#12972));
#12972 = SURFACE_STYLE_USAGE(.BOTH.,#12973);
#12973 = SURFACE_SIDE_STYLE('',(#12974));
#12974 = SURFACE_STYLE_FILL_AREA(#12975);
#12975 = FILL_AREA_STYLE('',(#12976));
#12976 = FILL_AREA_STYLE_COLOUR('',#12215);
#12977 = MECHANICAL_DESIGN_GEOMETRIC_PRESENTATION_REPRESENTATION('',(
    #12978),#12196);
#12978 = STYLED_ITEM('color',(#12979),#12098);
#12979 = PRESENTATION_STYLE_ASSIGNMENT((#12980));
#12980 = SURFACE_STYLE_USAGE(.BOTH.,#12981);
#12981 = SURFACE_SIDE_STYLE('',(#12982));
#12982 = SURFACE_STYLE_FILL_AREA(#12983);
#12983 = FILL_AREA_STYLE('',(#12984));
#12984 = FILL_AREA_STYLE_COLOUR('',#12985);
#12985 = COLOUR_RGB('',0.55000000909,0.55000000909,0.55000000909);
#12986 = MECHANICAL_DESIGN_GEOMETRIC_PRESENTATION_REPRESENTATION('',(
    #12987),#8303);
#12987 = STYLED_ITEM('color',(#12988),#8204);
#12988 = PRESENTATION_STYLE_ASSIGNMENT((#12989));
#12989 = SURFACE_STYLE_USAGE(.BOTH.,#12990);
#12990 = SURFACE_SIDE_STYLE('',(#12991));
#12991 = SURFACE_STYLE_FILL_AREA(#12992);
#12992 = FILL_AREA_STYLE('',(#12993));
#12993 = FILL_AREA_STYLE_COLOUR('',#12215);
ENDSEC;
END-ISO-10303-21;
